:0200000460009A
:100000004643464200000156000000000103030081
:1000100000000000000000000000000000000000E0
:1000200000000000000000000000000000000000D0
:1000300000000000000000000000000000000000C0
:1000400000000000010408000000000000000000A3
:100050000000800000000000000000000000000020
:100060000000000000000000000000000000000090
:100070000000000000000000000000000000000080
:10008000EB04180A063204260000000000000000FD
:10009000050404240000000000000000000000002F
:1000A0000000000000000000000000000000000050
:1000B0000604000000000000000000000000000036
:1000C0000000000000000000000000000000000030
:1000D00020041808000000000000000000000000DC
:1000E0000000000000000000000000000000000010
:1000F0000000000000000000000000000000000000
:10010000D8041808000000000000000000000000F3
:100110000204180804200000000000000000000095
:1001200000000000000000000000000000000000CF
:10013000600400000000000000000000000000005B
:1001400000000000000000000000000000000000AF
:10015000000000000000000000000000000000009F
:10016000000000000000000000000000000000008F
:10017000000000000000000000000000000000007F
:10018000000000000000000000000000000000006F
:10019000000000000000000000000000000000005F
:1001A000000000000000000000000000000000004F
:1001B000000000000000000000000000000000003F
:1001C000000100000010000001000000000000001D
:1001D000000001000000000000000000000000001E
:1001E000000000000000000000000000000000000F
:1001F00000000000000000000000000000000000FF
:10020000FFFFFFFFFFFFFFFFFFFFFFFFFFFFFFFFFE
:10021000FFFFFFFFFFFFFFFFFFFFFFFFFFFFFFFFEE
:10022000FFFFFFFFFFFFFFFFFFFFFFFFFFFFFFFFDE
:10023000FFFFFFFFFFFFFFFFFFFFFFFFFFFFFFFFCE
:10024000FFFFFFFFFFFFFFFFFFFFFFFFFFFFFFFFBE
:10025000FFFFFFFFFFFFFFFFFFFFFFFFFFFFFFFFAE
:10026000FFFFFFFFFFFFFFFFFFFFFFFFFFFFFFFF9E
:10027000FFFFFFFFFFFFFFFFFFFFFFFFFFFFFFFF8E
:10028000FFFFFFFFFFFFFFFFFFFFFFFFFFFFFFFF7E
:10029000FFFFFFFFFFFFFFFFFFFFFFFFFFFFFFFF6E
:1002A000FFFFFFFFFFFFFFFFFFFFFFFFFFFFFFFF5E
:1002B000FFFFFFFFFFFFFFFFFFFFFFFFFFFFFFFF4E
:1002C000FFFFFFFFFFFFFFFFFFFFFFFFFFFFFFFF3E
:1002D000FFFFFFFFFFFFFFFFFFFFFFFFFFFFFFFF2E
:1002E000FFFFFFFFFFFFFFFFFFFFFFFFFFFFFFFF1E
:1002F000FFFFFFFFFFFFFFFFFFFFFFFFFFFFFFFF0E
:10030000FFFFFFFFFFFFFFFFFFFFFFFFFFFFFFFFFD
:10031000FFFFFFFFFFFFFFFFFFFFFFFFFFFFFFFFED
:10032000FFFFFFFFFFFFFFFFFFFFFFFFFFFFFFFFDD
:10033000FFFFFFFFFFFFFFFFFFFFFFFFFFFFFFFFCD
:10034000FFFFFFFFFFFFFFFFFFFFFFFFFFFFFFFFBD
:10035000FFFFFFFFFFFFFFFFFFFFFFFFFFFFFFFFAD
:10036000FFFFFFFFFFFFFFFFFFFFFFFFFFFFFFFF9D
:10037000FFFFFFFFFFFFFFFFFFFFFFFFFFFFFFFF8D
:10038000FFFFFFFFFFFFFFFFFFFFFFFFFFFFFFFF7D
:10039000FFFFFFFFFFFFFFFFFFFFFFFFFFFFFFFF6D
:1003A000FFFFFFFFFFFFFFFFFFFFFFFFFFFFFFFF5D
:1003B000FFFFFFFFFFFFFFFFFFFFFFFFFFFFFFFF4D
:1003C000FFFFFFFFFFFFFFFFFFFFFFFFFFFFFFFF3D
:1003D000FFFFFFFFFFFFFFFFFFFFFFFFFFFFFFFF2D
:1003E000FFFFFFFFFFFFFFFFFFFFFFFFFFFFFFFF1D
:1003F000FFFFFFFFFFFFFFFFFFFFFFFFFFFFFFFF0D
:10040000FFFFFFFFFFFFFFFFFFFFFFFFFFFFFFFFFC
:10041000FFFFFFFFFFFFFFFFFFFFFFFFFFFFFFFFEC
:10042000FFFFFFFFFFFFFFFFFFFFFFFFFFFFFFFFDC
:10043000FFFFFFFFFFFFFFFFFFFFFFFFFFFFFFFFCC
:10044000FFFFFFFFFFFFFFFFFFFFFFFFFFFFFFFFBC
:10045000FFFFFFFFFFFFFFFFFFFFFFFFFFFFFFFFAC
:10046000FFFFFFFFFFFFFFFFFFFFFFFFFFFFFFFF9C
:10047000FFFFFFFFFFFFFFFFFFFFFFFFFFFFFFFF8C
:10048000FFFFFFFFFFFFFFFFFFFFFFFFFFFFFFFF7C
:10049000FFFFFFFFFFFFFFFFFFFFFFFFFFFFFFFF6C
:1004A000FFFFFFFFFFFFFFFFFFFFFFFFFFFFFFFF5C
:1004B000FFFFFFFFFFFFFFFFFFFFFFFFFFFFFFFF4C
:1004C000FFFFFFFFFFFFFFFFFFFFFFFFFFFFFFFF3C
:1004D000FFFFFFFFFFFFFFFFFFFFFFFFFFFFFFFF2C
:1004E000FFFFFFFFFFFFFFFFFFFFFFFFFFFFFFFF1C
:1004F000FFFFFFFFFFFFFFFFFFFFFFFFFFFFFFFF0C
:10050000FFFFFFFFFFFFFFFFFFFFFFFFFFFFFFFFFB
:10051000FFFFFFFFFFFFFFFFFFFFFFFFFFFFFFFFEB
:10052000FFFFFFFFFFFFFFFFFFFFFFFFFFFFFFFFDB
:10053000FFFFFFFFFFFFFFFFFFFFFFFFFFFFFFFFCB
:10054000FFFFFFFFFFFFFFFFFFFFFFFFFFFFFFFFBB
:10055000FFFFFFFFFFFFFFFFFFFFFFFFFFFFFFFFAB
:10056000FFFFFFFFFFFFFFFFFFFFFFFFFFFFFFFF9B
:10057000FFFFFFFFFFFFFFFFFFFFFFFFFFFFFFFF8B
:10058000FFFFFFFFFFFFFFFFFFFFFFFFFFFFFFFF7B
:10059000FFFFFFFFFFFFFFFFFFFFFFFFFFFFFFFF6B
:1005A000FFFFFFFFFFFFFFFFFFFFFFFFFFFFFFFF5B
:1005B000FFFFFFFFFFFFFFFFFFFFFFFFFFFFFFFF4B
:1005C000FFFFFFFFFFFFFFFFFFFFFFFFFFFFFFFF3B
:1005D000FFFFFFFFFFFFFFFFFFFFFFFFFFFFFFFF2B
:1005E000FFFFFFFFFFFFFFFFFFFFFFFFFFFFFFFF1B
:1005F000FFFFFFFFFFFFFFFFFFFFFFFFFFFFFFFF0B
:10060000FFFFFFFFFFFFFFFFFFFFFFFFFFFFFFFFFA
:10061000FFFFFFFFFFFFFFFFFFFFFFFFFFFFFFFFEA
:10062000FFFFFFFFFFFFFFFFFFFFFFFFFFFFFFFFDA
:10063000FFFFFFFFFFFFFFFFFFFFFFFFFFFFFFFFCA
:10064000FFFFFFFFFFFFFFFFFFFFFFFFFFFFFFFFBA
:10065000FFFFFFFFFFFFFFFFFFFFFFFFFFFFFFFFAA
:10066000FFFFFFFFFFFFFFFFFFFFFFFFFFFFFFFF9A
:10067000FFFFFFFFFFFFFFFFFFFFFFFFFFFFFFFF8A
:10068000FFFFFFFFFFFFFFFFFFFFFFFFFFFFFFFF7A
:10069000FFFFFFFFFFFFFFFFFFFFFFFFFFFFFFFF6A
:1006A000FFFFFFFFFFFFFFFFFFFFFFFFFFFFFFFF5A
:1006B000FFFFFFFFFFFFFFFFFFFFFFFFFFFFFFFF4A
:1006C000FFFFFFFFFFFFFFFFFFFFFFFFFFFFFFFF3A
:1006D000FFFFFFFFFFFFFFFFFFFFFFFFFFFFFFFF2A
:1006E000FFFFFFFFFFFFFFFFFFFFFFFFFFFFFFFF1A
:1006F000FFFFFFFFFFFFFFFFFFFFFFFFFFFFFFFF0A
:10070000FFFFFFFFFFFFFFFFFFFFFFFFFFFFFFFFF9
:10071000FFFFFFFFFFFFFFFFFFFFFFFFFFFFFFFFE9
:10072000FFFFFFFFFFFFFFFFFFFFFFFFFFFFFFFFD9
:10073000FFFFFFFFFFFFFFFFFFFFFFFFFFFFFFFFC9
:10074000FFFFFFFFFFFFFFFFFFFFFFFFFFFFFFFFB9
:10075000FFFFFFFFFFFFFFFFFFFFFFFFFFFFFFFFA9
:10076000FFFFFFFFFFFFFFFFFFFFFFFFFFFFFFFF99
:10077000FFFFFFFFFFFFFFFFFFFFFFFFFFFFFFFF89
:10078000FFFFFFFFFFFFFFFFFFFFFFFFFFFFFFFF79
:10079000FFFFFFFFFFFFFFFFFFFFFFFFFFFFFFFF69
:1007A000FFFFFFFFFFFFFFFFFFFFFFFFFFFFFFFF59
:1007B000FFFFFFFFFFFFFFFFFFFFFFFFFFFFFFFF49
:1007C000FFFFFFFFFFFFFFFFFFFFFFFFFFFFFFFF39
:1007D000FFFFFFFFFFFFFFFFFFFFFFFFFFFFFFFF29
:1007E000FFFFFFFFFFFFFFFFFFFFFFFFFFFFFFFF19
:1007F000FFFFFFFFFFFFFFFFFFFFFFFFFFFFFFFF09
:10080000FFFFFFFFFFFFFFFFFFFFFFFFFFFFFFFFF8
:10081000FFFFFFFFFFFFFFFFFFFFFFFFFFFFFFFFE8
:10082000FFFFFFFFFFFFFFFFFFFFFFFFFFFFFFFFD8
:10083000FFFFFFFFFFFFFFFFFFFFFFFFFFFFFFFFC8
:10084000FFFFFFFFFFFFFFFFFFFFFFFFFFFFFFFFB8
:10085000FFFFFFFFFFFFFFFFFFFFFFFFFFFFFFFFA8
:10086000FFFFFFFFFFFFFFFFFFFFFFFFFFFFFFFF98
:10087000FFFFFFFFFFFFFFFFFFFFFFFFFFFFFFFF88
:10088000FFFFFFFFFFFFFFFFFFFFFFFFFFFFFFFF78
:10089000FFFFFFFFFFFFFFFFFFFFFFFFFFFFFFFF68
:1008A000FFFFFFFFFFFFFFFFFFFFFFFFFFFFFFFF58
:1008B000FFFFFFFFFFFFFFFFFFFFFFFFFFFFFFFF48
:1008C000FFFFFFFFFFFFFFFFFFFFFFFFFFFFFFFF38
:1008D000FFFFFFFFFFFFFFFFFFFFFFFFFFFFFFFF28
:1008E000FFFFFFFFFFFFFFFFFFFFFFFFFFFFFFFF18
:1008F000FFFFFFFFFFFFFFFFFFFFFFFFFFFFFFFF08
:10090000FFFFFFFFFFFFFFFFFFFFFFFFFFFFFFFFF7
:10091000FFFFFFFFFFFFFFFFFFFFFFFFFFFFFFFFE7
:10092000FFFFFFFFFFFFFFFFFFFFFFFFFFFFFFFFD7
:10093000FFFFFFFFFFFFFFFFFFFFFFFFFFFFFFFFC7
:10094000FFFFFFFFFFFFFFFFFFFFFFFFFFFFFFFFB7
:10095000FFFFFFFFFFFFFFFFFFFFFFFFFFFFFFFFA7
:10096000FFFFFFFFFFFFFFFFFFFFFFFFFFFFFFFF97
:10097000FFFFFFFFFFFFFFFFFFFFFFFFFFFFFFFF87
:10098000FFFFFFFFFFFFFFFFFFFFFFFFFFFFFFFF77
:10099000FFFFFFFFFFFFFFFFFFFFFFFFFFFFFFFF67
:1009A000FFFFFFFFFFFFFFFFFFFFFFFFFFFFFFFF57
:1009B000FFFFFFFFFFFFFFFFFFFFFFFFFFFFFFFF47
:1009C000FFFFFFFFFFFFFFFFFFFFFFFFFFFFFFFF37
:1009D000FFFFFFFFFFFFFFFFFFFFFFFFFFFFFFFF27
:1009E000FFFFFFFFFFFFFFFFFFFFFFFFFFFFFFFF17
:1009F000FFFFFFFFFFFFFFFFFFFFFFFFFFFFFFFF07
:100A0000FFFFFFFFFFFFFFFFFFFFFFFFFFFFFFFFF6
:100A1000FFFFFFFFFFFFFFFFFFFFFFFFFFFFFFFFE6
:100A2000FFFFFFFFFFFFFFFFFFFFFFFFFFFFFFFFD6
:100A3000FFFFFFFFFFFFFFFFFFFFFFFFFFFFFFFFC6
:100A4000FFFFFFFFFFFFFFFFFFFFFFFFFFFFFFFFB6
:100A5000FFFFFFFFFFFFFFFFFFFFFFFFFFFFFFFFA6
:100A6000FFFFFFFFFFFFFFFFFFFFFFFFFFFFFFFF96
:100A7000FFFFFFFFFFFFFFFFFFFFFFFFFFFFFFFF86
:100A8000FFFFFFFFFFFFFFFFFFFFFFFFFFFFFFFF76
:100A9000FFFFFFFFFFFFFFFFFFFFFFFFFFFFFFFF66
:100AA000FFFFFFFFFFFFFFFFFFFFFFFFFFFFFFFF56
:100AB000FFFFFFFFFFFFFFFFFFFFFFFFFFFFFFFF46
:100AC000FFFFFFFFFFFFFFFFFFFFFFFFFFFFFFFF36
:100AD000FFFFFFFFFFFFFFFFFFFFFFFFFFFFFFFF26
:100AE000FFFFFFFFFFFFFFFFFFFFFFFFFFFFFFFF16
:100AF000FFFFFFFFFFFFFFFFFFFFFFFFFFFFFFFF06
:100B0000FFFFFFFFFFFFFFFFFFFFFFFFFFFFFFFFF5
:100B1000FFFFFFFFFFFFFFFFFFFFFFFFFFFFFFFFE5
:100B2000FFFFFFFFFFFFFFFFFFFFFFFFFFFFFFFFD5
:100B3000FFFFFFFFFFFFFFFFFFFFFFFFFFFFFFFFC5
:100B4000FFFFFFFFFFFFFFFFFFFFFFFFFFFFFFFFB5
:100B5000FFFFFFFFFFFFFFFFFFFFFFFFFFFFFFFFA5
:100B6000FFFFFFFFFFFFFFFFFFFFFFFFFFFFFFFF95
:100B7000FFFFFFFFFFFFFFFFFFFFFFFFFFFFFFFF85
:100B8000FFFFFFFFFFFFFFFFFFFFFFFFFFFFFFFF75
:100B9000FFFFFFFFFFFFFFFFFFFFFFFFFFFFFFFF65
:100BA000FFFFFFFFFFFFFFFFFFFFFFFFFFFFFFFF55
:100BB000FFFFFFFFFFFFFFFFFFFFFFFFFFFFFFFF45
:100BC000FFFFFFFFFFFFFFFFFFFFFFFFFFFFFFFF35
:100BD000FFFFFFFFFFFFFFFFFFFFFFFFFFFFFFFF25
:100BE000FFFFFFFFFFFFFFFFFFFFFFFFFFFFFFFF15
:100BF000FFFFFFFFFFFFFFFFFFFFFFFFFFFFFFFF05
:100C0000FFFFFFFFFFFFFFFFFFFFFFFFFFFFFFFFF4
:100C1000FFFFFFFFFFFFFFFFFFFFFFFFFFFFFFFFE4
:100C2000FFFFFFFFFFFFFFFFFFFFFFFFFFFFFFFFD4
:100C3000FFFFFFFFFFFFFFFFFFFFFFFFFFFFFFFFC4
:100C4000FFFFFFFFFFFFFFFFFFFFFFFFFFFFFFFFB4
:100C5000FFFFFFFFFFFFFFFFFFFFFFFFFFFFFFFFA4
:100C6000FFFFFFFFFFFFFFFFFFFFFFFFFFFFFFFF94
:100C7000FFFFFFFFFFFFFFFFFFFFFFFFFFFFFFFF84
:100C8000FFFFFFFFFFFFFFFFFFFFFFFFFFFFFFFF74
:100C9000FFFFFFFFFFFFFFFFFFFFFFFFFFFFFFFF64
:100CA000FFFFFFFFFFFFFFFFFFFFFFFFFFFFFFFF54
:100CB000FFFFFFFFFFFFFFFFFFFFFFFFFFFFFFFF44
:100CC000FFFFFFFFFFFFFFFFFFFFFFFFFFFFFFFF34
:100CD000FFFFFFFFFFFFFFFFFFFFFFFFFFFFFFFF24
:100CE000FFFFFFFFFFFFFFFFFFFFFFFFFFFFFFFF14
:100CF000FFFFFFFFFFFFFFFFFFFFFFFFFFFFFFFF04
:100D0000FFFFFFFFFFFFFFFFFFFFFFFFFFFFFFFFF3
:100D1000FFFFFFFFFFFFFFFFFFFFFFFFFFFFFFFFE3
:100D2000FFFFFFFFFFFFFFFFFFFFFFFFFFFFFFFFD3
:100D3000FFFFFFFFFFFFFFFFFFFFFFFFFFFFFFFFC3
:100D4000FFFFFFFFFFFFFFFFFFFFFFFFFFFFFFFFB3
:100D5000FFFFFFFFFFFFFFFFFFFFFFFFFFFFFFFFA3
:100D6000FFFFFFFFFFFFFFFFFFFFFFFFFFFFFFFF93
:100D7000FFFFFFFFFFFFFFFFFFFFFFFFFFFFFFFF83
:100D8000FFFFFFFFFFFFFFFFFFFFFFFFFFFFFFFF73
:100D9000FFFFFFFFFFFFFFFFFFFFFFFFFFFFFFFF63
:100DA000FFFFFFFFFFFFFFFFFFFFFFFFFFFFFFFF53
:100DB000FFFFFFFFFFFFFFFFFFFFFFFFFFFFFFFF43
:100DC000FFFFFFFFFFFFFFFFFFFFFFFFFFFFFFFF33
:100DD000FFFFFFFFFFFFFFFFFFFFFFFFFFFFFFFF23
:100DE000FFFFFFFFFFFFFFFFFFFFFFFFFFFFFFFF13
:100DF000FFFFFFFFFFFFFFFFFFFFFFFFFFFFFFFF03
:100E0000FFFFFFFFFFFFFFFFFFFFFFFFFFFFFFFFF2
:100E1000FFFFFFFFFFFFFFFFFFFFFFFFFFFFFFFFE2
:100E2000FFFFFFFFFFFFFFFFFFFFFFFFFFFFFFFFD2
:100E3000FFFFFFFFFFFFFFFFFFFFFFFFFFFFFFFFC2
:100E4000FFFFFFFFFFFFFFFFFFFFFFFFFFFFFFFFB2
:100E5000FFFFFFFFFFFFFFFFFFFFFFFFFFFFFFFFA2
:100E6000FFFFFFFFFFFFFFFFFFFFFFFFFFFFFFFF92
:100E7000FFFFFFFFFFFFFFFFFFFFFFFFFFFFFFFF82
:100E8000FFFFFFFFFFFFFFFFFFFFFFFFFFFFFFFF72
:100E9000FFFFFFFFFFFFFFFFFFFFFFFFFFFFFFFF62
:100EA000FFFFFFFFFFFFFFFFFFFFFFFFFFFFFFFF52
:100EB000FFFFFFFFFFFFFFFFFFFFFFFFFFFFFFFF42
:100EC000FFFFFFFFFFFFFFFFFFFFFFFFFFFFFFFF32
:100ED000FFFFFFFFFFFFFFFFFFFFFFFFFFFFFFFF22
:100EE000FFFFFFFFFFFFFFFFFFFFFFFFFFFFFFFF12
:100EF000FFFFFFFFFFFFFFFFFFFFFFFFFFFFFFFF02
:100F0000FFFFFFFFFFFFFFFFFFFFFFFFFFFFFFFFF1
:100F1000FFFFFFFFFFFFFFFFFFFFFFFFFFFFFFFFE1
:100F2000FFFFFFFFFFFFFFFFFFFFFFFFFFFFFFFFD1
:100F3000FFFFFFFFFFFFFFFFFFFFFFFFFFFFFFFFC1
:100F4000FFFFFFFFFFFFFFFFFFFFFFFFFFFFFFFFB1
:100F5000FFFFFFFFFFFFFFFFFFFFFFFFFFFFFFFFA1
:100F6000FFFFFFFFFFFFFFFFFFFFFFFFFFFFFFFF91
:100F7000FFFFFFFFFFFFFFFFFFFFFFFFFFFFFFFF81
:100F8000FFFFFFFFFFFFFFFFFFFFFFFFFFFFFFFF71
:100F9000FFFFFFFFFFFFFFFFFFFFFFFFFFFFFFFF61
:100FA000FFFFFFFFFFFFFFFFFFFFFFFFFFFFFFFF51
:100FB000FFFFFFFFFFFFFFFFFFFFFFFFFFFFFFFF41
:100FC000FFFFFFFFFFFFFFFFFFFFFFFFFFFFFFFF31
:100FD000FFFFFFFFFFFFFFFFFFFFFFFFFFFFFFFF21
:100FE000FFFFFFFFFFFFFFFFFFFFFFFFFFFFFFFF11
:100FF000FFFFFFFFFFFFFFFFFFFFFFFFFFFFFFFF01
:10100000D10020432914006000000000000000000F
:101010002010006000100060003405600000000037
:10102000000000600040050000000000FFFFFFFF1F
:10103000FFFFFFFFFFFFFFFFFFFFFFFFFFFFFFFFC0
:10104000FFFFFFFFFFFFFFFFFFFFFFFFFFFFFFFFB0
:10105000FFFFFFFFFFFFFFFFFFFFFFFFFFFFFFFFA0
:10106000FFFFFFFFFFFFFFFFFFFFFFFFFFFFFFFF90
:10107000FFFFFFFFFFFFFFFFFFFFFFFFFFFFFFFF80
:10108000FFFFFFFFFFFFFFFFFFFFFFFFFFFFFFFF70
:10109000FFFFFFFFFFFFFFFFFFFFFFFFFFFFFFFF60
:1010A000FFFFFFFFFFFFFFFFFFFFFFFFFFFFFFFF50
:1010B000FFFFFFFFFFFFFFFFFFFFFFFFFFFFFFFF40
:1010C000FFFFFFFFFFFFFFFFFFFFFFFFFFFFFFFF30
:1010D000FFFFFFFFFFFFFFFFFFFFFFFFFFFFFFFF20
:1010E000FFFFFFFFFFFFFFFFFFFFFFFFFFFFFFFF10
:1010F000FFFFFFFFFFFFFFFFFFFFFFFFFFFFFFFF00
:10110000FFFFFFFFFFFFFFFFFFFFFFFFFFFFFFFFEF
:10111000FFFFFFFFFFFFFFFFFFFFFFFFFFFFFFFFDF
:10112000FFFFFFFFFFFFFFFFFFFFFFFFFFFFFFFFCF
:10113000FFFFFFFFFFFFFFFFFFFFFFFFFFFFFFFFBF
:10114000FFFFFFFFFFFFFFFFFFFFFFFFFFFFFFFFAF
:10115000FFFFFFFFFFFFFFFFFFFFFFFFFFFFFFFF9F
:10116000FFFFFFFFFFFFFFFFFFFFFFFFFFFFFFFF8F
:10117000FFFFFFFFFFFFFFFFFFFFFFFFFFFFFFFF7F
:10118000FFFFFFFFFFFFFFFFFFFFFFFFFFFFFFFF6F
:10119000FFFFFFFFFFFFFFFFFFFFFFFFFFFFFFFF5F
:1011A000FFFFFFFFFFFFFFFFFFFFFFFFFFFFFFFF4F
:1011B000FFFFFFFFFFFFFFFFFFFFFFFFFFFFFFFF3F
:1011C000FFFFFFFFFFFFFFFFFFFFFFFFFFFFFFFF2F
:1011D000FFFFFFFFFFFFFFFFFFFFFFFFFFFFFFFF1F
:1011E000FFFFFFFFFFFFFFFFFFFFFFFFFFFFFFFF0F
:1011F000FFFFFFFFFFFFFFFFFFFFFFFFFFFFFFFFFF
:10120000FFFFFFFFFFFFFFFFFFFFFFFFFFFFFFFFEE
:10121000FFFFFFFFFFFFFFFFFFFFFFFFFFFFFFFFDE
:10122000FFFFFFFFFFFFFFFFFFFFFFFFFFFFFFFFCE
:10123000FFFFFFFFFFFFFFFFFFFFFFFFFFFFFFFFBE
:10124000FFFFFFFFFFFFFFFFFFFFFFFFFFFFFFFFAE
:10125000FFFFFFFFFFFFFFFFFFFFFFFFFFFFFFFF9E
:10126000FFFFFFFFFFFFFFFFFFFFFFFFFFFFFFFF8E
:10127000FFFFFFFFFFFFFFFFFFFFFFFFFFFFFFFF7E
:10128000FFFFFFFFFFFFFFFFFFFFFFFFFFFFFFFF6E
:10129000FFFFFFFFFFFFFFFFFFFFFFFFFFFFFFFF5E
:1012A000FFFFFFFFFFFFFFFFFFFFFFFFFFFFFFFF4E
:1012B000FFFFFFFFFFFFFFFFFFFFFFFFFFFFFFFF3E
:1012C000FFFFFFFFFFFFFFFFFFFFFFFFFFFFFFFF2E
:1012D000FFFFFFFFFFFFFFFFFFFFFFFFFFFFFFFF1E
:1012E000FFFFFFFFFFFFFFFFFFFFFFFFFFFFFFFF0E
:1012F000FFFFFFFFFFFFFFFFFFFFFFFFFFFFFFFFFE
:10130000FFFFFFFFFFFFFFFFFFFFFFFFFFFFFFFFED
:10131000FFFFFFFFFFFFFFFFFFFFFFFFFFFFFFFFDD
:10132000FFFFFFFFFFFFFFFFFFFFFFFFFFFFFFFFCD
:10133000FFFFFFFFFFFFFFFFFFFFFFFFFFFFFFFFBD
:10134000FFFFFFFFFFFFFFFFFFFFFFFFFFFFFFFFAD
:10135000FFFFFFFFFFFFFFFFFFFFFFFFFFFFFFFF9D
:10136000FFFFFFFFFFFFFFFFFFFFFFFFFFFFFFFF8D
:10137000FFFFFFFFFFFFFFFFFFFFFFFFFFFFFFFF7D
:10138000FFFFFFFFFFFFFFFFFFFFFFFFFFFFFFFF6D
:10139000FFFFFFFFFFFFFFFFFFFFFFFFFFFFFFFF5D
:1013A000FFFFFFFFFFFFFFFFFFFFFFFFFFFFFFFF4D
:1013B000FFFFFFFFFFFFFFFFFFFFFFFFFFFFFFFF3D
:1013C000FFFFFFFFFFFFFFFFFFFFFFFFFFFFFFFF2D
:1013D000FFFFFFFFFFFFFFFFFFFFFFFFFFFFFFFF1D
:1013E000FFFFFFFFFFFFFFFFFFFFFFFFFFFFFFFF0D
:1013F000FFFFFFFFFFFFFFFFFFFFFFFFFFFFFFFFFD
:10140000884207D0904205D251F8043B40F8043B93
:101410008242F9D8704700BF884204D2002340F8C6
:10142000043B8142FBD87047664B4FF42A01664A61
:1014300066482DE9F0475A641864654A99639546F1
:10144000BFF34F8FBFF36F8F21F030F8614B08204F
:10145000614A6249C3F854016148FFF7D1FF614A0C
:1014600061496248FFF7CCFF61496248FFF7D4FF4A
:10147000614C62494FF470000023614A086044F8EF
:1014800023200133B02BFAD15E4B80215E4A03F852
:10149000011B9342FBD14F4D4FF080385B494FF019
:1014A000FF325B4B0026DFF8A4A1DFF8A4911C609B
:1014B000C5F80481C5F800A1C5F8F480C5F8F0901E
:1014C0000B68544F43F4E0230B60FB693D4923F064
:1014D0007F0343F04003FB617B6A23F07F0343F00B
:1014E00040037B628A66CA660A674A6720F0E4FFA7
:1014F000494A4A4B6320A2630321E363484A494BAC
:10150000106000F160401E6042F8041C00F6A170FB
:101510004549464AC3F8082D0B68454A43F0807395
:101520000B601368434943F00103136003680B60C9
:1015300021F012FAC5F804813F48C5F800A1C5F8AA
:10154000F480C5F8F09021F0AFFBF96E3B4A41F40E
:1015500040513B4BF9661660C2F80861C2F8186149
:10156000C2F82861C2F838619A6BD20708D442F6F3
:101570001562344959651A659A6B42F001029A6303
:101580002F4A314C936843F00113936021F006F821
:1015900020F060FF21F050FB21F010FA20F088FFCE
:1015A0002368132BFCD921F097FA2368B3F5967FB3
:1015B000FBD320F07FFF21F03BFB21F071FB30BF1C
:1015C000FDE700BF00C00A40FFAAAAAA070020004A
:1015D0000000062000800D4068AC01000CF802609D
:1015E00000000000C066002078A404600000002015
:1015F000E0EE0020DC8C00200064002088ED00E09C
:101600002512010000E400E0A0E400E024ED00E089
:1016100008ED00E000C00F4041F1000045F100007E
:1016200014E000E018E000E0FCED00E00000202005
:10163000001000E098EC00200046C3230040084062
:1016400000400D400000C0569CEC00201B101820EC
:101650000C0D11134FF48C72002121F0FDBA00BF64
:1016600018B14FF48C7110F079BA7047C02A2DE987
:10167000F0473AD0B2F5807F33D0802A03D06FF0A4
:101680001F00BDE8F0870A239846036000F10803B5
:101690008446520900274CF8043F01EB870E11F8ED
:1016A000275001379EF802609EF8014097424FEAAA
:1016B00006469EF803E046EA042444EA050444EAA8
:1016C0000E644CF8044FE8D3B8F10C0F11D0B8F108
:1016D0000E0F00F08180B8F10A0F47D00020BDE85E
:1016E000F0870E2303609846D0E70C2303609846EA
:1016F000CCE76B4AC8300121964601E05EF8041F32
:101700005E69183353F8184CC6F3072702EB166CC2
:1017100052FA86F517449CF8288095F828C097F867
:101720002850C6F3074745EA08451744654097F82F
:10173000288053F8147C85EA0C6453F8105C84EA22
:101740000824614053F8084C4F40196053F80C1CB2
:101750007D405F6069409D604C40D96066401C617F
:101760005E619842CAD10020BDE8F0874C4A00F182
:10177000A80C0121964601E05EF8041FD8681033DA
:1017800053F8104CC0F3072702EB106852FA80F5AB
:10179000C0F30746174498F828A095F828901644F7
:1017A00097F8285096F8288045EA0A4553F80C6CBB
:1017B00053F8087C654085EA096484EA082461409E
:1017C0004E40196077405E6078409F60D860634506
:1017D000D2D10020BDE8F087314AE8304FF001084F
:1017E000964601E05EF8048FDF69203353F8201C31
:1017F000C7F3072502EB176652FA87F4154496F8EB
:1018000028C094F8284095F82860C7F3074546EAB1
:101810000C461544714095F828C053F81C6C81EAB9
:10182000046153F8185C81EA0C2484EA080484EA11
:1018300006011C6053F80C6C81EA0504596053F8EA
:10184000141C9C60614053F8104C53F8085C52FA29
:1018500081FC02EB1169C1F30728D9609CF828C00C
:10186000C1F3074199F8289090448CEA040402EBF4
:10187000010C98F8281084EA09649CF828C084EACE
:10188000012484EA0C414E40196175405E616F404D
:101890009D61DF619842A5D10020BDE8F08700BFBF
:1018A000F02C02602DE9F04FC9B005460C461646F3
:1018B00000214FF48C7202A821F0CEF905F1080343
:1018C000324621466B6002A8FFF7D0FE0190002847
:1018D0006DD1DDF8089005F1180A039A4FEA09184E
:1018E00009F1FF3CC5F8009052F8083002EB080EF1
:1018F000BCF1000FAB60AEF1100BDEF80430EB6012
:10190000DEF808302B61DEF80C306B613FDDAEF1A4
:10191000140E14352A4805F11004714651F8043F9D
:1019200050FA83F700EB1366C3F30722C3F30743B0
:1019300097F8287096F82860024400EB8707034464
:1019400000EB860692F82820D7F82871D6F828658B
:1019500000EB820293F828307740D2F8282900EB78
:1019600083037A40D3F8283D534045F8043FAC4206
:10197000D4D1BCF1010CAEF1100E2546CBD14FEA0B
:101980000919A8F11003C9F110099A44CB44DBF8F6
:101990000030CAF80030DBF80430CAF80430DBF855
:1019A0000830CAF80830DBF80C30CAF80C3002A84E
:1019B0004FF48C7110F0D2F8019849B0BDE8F08F67
:1019C000F02C026003682DE9F04F5B1089B0D1F86C
:1019D0000080059242681846079302F110041368CC
:1019E00001388D68069488EA0308044693680290DB
:1019F000D1F804E05D405068002CD368D1F80CA009
:101A00008EEA000E12698AEA030B019240F32B82E0
:101A1000069F7046DFF858A429465FFA88F2C0F3A3
:101A200007254FEA1B63C1F3074E0AEB82020AEB5C
:101A30008303166B0AEB8505D3F83024CBB25FFA2B
:101A40008BF40AEB830372400AEB8E0E1B6B060EBF
:101A50000AEB840403934FEA1169D5F830380AEB96
:101A60008605246B5FFA80FC82EA0306DEF8303CD0
:101A70000AEB8909C0F307407340FE68D9F8309437
:101A80004FEA18627440C8F307260AEB8000C1F3DE
:101A900007210AEB860684EA09040AEB8C0CD0F8CD
:101AA00030ECD6F830980AEB8202DCF830C00AEB52
:101AB0008101786884EA0909019EC8F30748D2F8D1
:101AC00030248CEA00005E40CBF307235040039A99
:101AD0000AEB8304BB68D5F83054CBF3074B534073
:101AE000D4F83048D1F830180AEB88080AEB8B0B91
:101AF0005D4089EA0E024140DBF830CC6540D8F801
:101B0000300C5FFA86FE81EA0C01130E6840C2F3C6
:101B1000074CCDB20196C0F3074B0AEB8E0E0AEBD1
:101B20008303C1F30729340EDEF830E0D3F83034F4
:101B30000AEB8B0B0AEB85050AEB8C0CDBF8306C9F
:101B40004FEA1168D5F830B08EEA030EC0F30725CE
:101B5000DCF8303C0AEB84045FFA80FC0396D4F88E
:101B600030440AEB88080AEB8C0C04930AEB8909D1
:101B70008BEA040B0AEB8505C1F30741D9F83098CD
:101B8000000ED5F830580AEB8101D8F830340AEB52
:101B900080007E69DCF83040C2F3072C8BEA060B2C
:101BA000D2B2BE695C403B690AEB8C0C74400AEB14
:101BB0008202019E8EEA0303D0F830048BEA050509
:101BC00083EA0909126BDCF83038C6F3072C42406F
:101BD000C6F307465C400AEB8C0CFB690AEB8606F1
:101BE000DCF830085A40D1F8303CD6F8301C42407E
:101BF000039E0498614082EA030B029B57F8204F32
:101C000089EA0608013B85EA0000019402937FF40B
:101C100004AF6FF07843079A86460D461A44134680
:101C2000069A02EB43130693069B5FFA8EF7C5F301
:101C300007244FEA186259682E0EEBB2C5F3074528
:101C40005FFA8BF0CBF3072C02950AEB82020AEBCA
:101C500087050AEB8000D2F830242D6B0AEB86064C
:101C6000076B4FEA1E605540D6F830645FFA88F281
:101C70007E404FEA1B670AEB8202694004960AEB3A
:101C80008000166B0AEB83030AEB8702D0F830540E
:101C90001B6BC8F30727D2F830240AEB840406989C
:101CA0005D400AEB8C0386EA020CCEF30722039117
:101CB000049ECBF30741D3F830B80AEB8203C26825
:101CC0000AEB8707CEF3074E0AEB8109724086685C
:101CD00001980AEB8E0E0399C8F30748D7F83078BD
:101CE0008CEA000CD4F830480AEB8808D3F83008A6
:101CF00085EA0603029D4C40DEF830EC7A40D9F8C4
:101D0000301C0AEB850582EA0E02D8F8307C61406F
:101D100083EA0B03D5F8304C8CEA000C83EA070009
:101D2000524B8CEA040CC2F30744C2F30728C1F3F8
:101D3000072E1C4453FA8CF69E4403EB126901945F
:101D400003EB08049EF828E0C0F30747039453FA16
:101D500082F41F4453FA80F80494C0F3072596F8E0
:101D6000282003EB1060069E53FA81FB99F8289017
:101D700003EB1C6A36691D440790724097F82800EF
:101D8000019C03EB116782EA0962CCF3072694F801
:101D90002840C1F3074182EA0E22CCF3074C02949B
:101DA000194482EA00429C441E44039B1446069A4E
:101DB00093F828E0506998F828800190019B906979
:101DC0009BF828B09AF828A088EA000097F82870B5
:101DD0008BEA030BD2F81C90049B8BEA0A6B079AE0
:101DE00080EA076095F8285092F8288080EA0E274C
:101DF000059A8BEA052B93F82830A646147000202C
:101E0000029C83EA090996F828608BEA04449CF84E
:101E1000285089EA086391F82810147187EA054769
:101E200083EA06231646724683EA01433772110A93
:101E3000150C3373120E7170210AB570F2703A0CE2
:101E40007171390A250CB272240E71721A0CB571B7
:101E5000190AF4713F0EB2731B0E7173F772F373AC
:101E600009B0BDE8F08FDFF808A0DDE6F02C0260D5
:101E7000E83D02602DE9F047089E984607461C6839
:101E8000DDF82490DDF828A0B1B182B10AF1FF3A63
:101E9000154654B3315D621C19F8013B013D83EADC
:101EA00001030AF8013F335502F00F04F1D1C8F8DD
:101EB00000400020BDE8F087002AF8D0154674B134
:101EC000335D611C19F8012B013D83EA02030AF816
:101ED000013B325501F00F04E9D0002CF0D132461D
:101EE00031463846FFF76EFDEAE73246314638465E
:101EF000FFF768FDCEE700BF002A45D02DE9F04787
:101F000086B01C46894682460F9B164603F101089F
:101F10000E9B5F1C19E017F8012C23788DF8142014
:101F2000534008F8013CDDF80500013EDDF80910DA
:101F300008F10108DDF80D2007F10107DDF8113087
:101F400020606160A260E3601AD0206801AD616822
:101F5000A268E3680FC5224621465046FFF732FDCE
:101F6000B9F1000FD7D02278B9F1010F17F8013C71
:101F700083EA020308F8013C08BF8DF81430D2E769
:101F8000002006B0BDE8F087002070472DE9F04F33
:101F9000156883B00F2DDDF830B0DDF83480DDF842
:101FA00038902AD81F460E468246019271B19DB1E3
:101FB0001BF80510013E18F8012B05F1010582EA16
:101FC000010205F00F0509F8012BF0D1019B00205B
:101FD0001D6003B0BDE8F08F5A4639465046FFF702
:101FE000F1FC07F1100212F8014D0134E4B2147053
:101FF000002CDDD19742F6D1DAE76FF02000E8E758
:102000002DE9F04F03688BB0D1F804805B10089283
:1020100042680993013B02F110041068029307948F
:102020001C465368D1F800E0002C88EA03038F684F
:102030008EEA000EC96890681E46D368126987EA66
:10204000000783EA0103019240F34082DDF81C900F
:10205000B446DFF884A41C465FFA8EF0C4F307216F
:102060004FEA1C62C7F30743FEB20AEB80000AEB9B
:102070008202D0F828010AEB8606D2F828250AEB5E
:1020800081015FFA8CF580EA020BD6F828010AEB91
:10209000830303900AEB8505D1F828094FEA1E61F6
:1020A000D3F8283D5FFA84F88BEA00000AEB81013F
:1020B000D5F828513A0E80EA030BD9F80430D1F84C
:1020C0002805CEF307215D40CEF307430AEB810ECE
:1020D000D9F80C100AEB8808C7F3072704910AEB1C
:1020E000820201990AEB8707D8F82881260E8BEA2D
:1020F000010B0499D2F82825C4F3074488EA0101AA
:10210000D7F828795540DEF828294840CCF3072E27
:102110006A400AEB8606039D0AEB8E0E7840D9F8DA
:102120000870DEF828190AEB840485EA070ED6F851
:102130002865D4F8284D0AEB83038EEA0606CCF313
:10214000074C6240D3F8285D0AEB8C0C7140130EEB
:102150006940DCF8287D5FFA8BF47840C1F3074CC6
:102160000AEB8303CBF307275FFA82FEC0F307284D
:10217000D3F828350AEB8C0C0AEB8404C0F307462D
:1021800003930AEB8E0EDCF8283D0AEB8808D4F89E
:1021900028410AEB8707DEF828C1050E0194C0B27A
:1021A000D8F828890AEB860604930AEB8505D7F848
:1021B0002879C2F30724D6F8286DC2F307420597A1
:1021C0000AEB8007039B0AEB840401980AEB820266
:1021D00006964340D5F82865D9F810000D0ED2F8C0
:1021E000282D43400AEB8505C8B2C1F30721D5F875
:1021F000285583EA08030AEB800E8CEA050C4FEAA7
:102200001B60DEF828510AEB81010AEB8000CBF35A
:10221000074B6E40049D0AEB8B0B83EA050ED9F841
:102220001450D4F828398CEA050CD9F81850D7F88E
:1022300028416E40059FD0F828558CEA070C5E4077
:10224000069B6C40D1F828098CEA030CD9F81C10C5
:1022500059F8203F4C40DBF8287D0193029B444015
:102260007740013B84EA020402937FF4F5AE6FF0FD
:10227000784209996646234611440A46079901EBBC
:10228000421207925FFA8EF5B146340EC7F3072863
:102290000AEB8505C3F3072CF0B2C7F30746390EE6
:1022A000CEF3072B0296FAB2D5F828611D0E0AEB81
:1022B0008404CEF307470AEB80000AEB8101D4F8CF
:1022C00028450AEB8202D0F828010AEB8505D1F8EF
:1022D0002815D2F828217440D5F8285541404FEAF6
:1022E0001E660397D8B26A40019D0AEB86060AEB88
:1022F0008000C3F307436C40079DD0F828710AEBB8
:102300008C00D6F828650AEB880E6D68C9F307487B
:1023100087EA060C029E0195C9F307250AEB86079A
:10232000079E0AEB8509019D0AEB8303D0F8280973
:102330006940B56801930AEB8B0B02950AEB88089C
:10234000029B4440DEF828595A40039BDBF8286979
:102350000AEB830E079BD7F8287D7140DB687C4031
:10236000D9F828B98CEA030C019B82EA0B02D3F856
:10237000280D8CEA0506D8F8283D4840C4F307210B
:102380005E40544BDEF828EDC0F307271944C6F32E
:10239000072A82EA0E0553FA80F211F8C81CDF19E9
:1023A00003EB156812F8C82C02919A44079953FA66
:1023B00084F918F8C88C03EB106C4969C6F3074B15
:1023C0000397C5F3074E4A4053FA85F703EB1661AE
:1023D0001AF8C8AC82EA0862C0F3074003EB14683D
:1023E000C5F30725C4F30744CDF804A0184419F831
:1023F000C8AC9B441CF8C89C9E4411F8C8CC1D4432
:10240000079953FA86F62344079C0490A46902981E
:1024100017F8C87C096982EA002267400398079C84
:102420008AEA010116F8C86C87EA0C6710F8C8AC94
:1024300081EA09610198E46987EA0A2A1BF8C8BCA5
:1024400081EA002118F8C88C6640049882EA0B42A1
:102450001EF8C8EC86EA086610F8C84C002081EA2D
:102460000E4E15F8C85C13F8C8CC089986EA052604
:102470008AEA0C4A0A710D4681F800E04FEA1E21F3
:1024800086EA044385F808A04FEA1E446970110AE1
:102490002B73AC70140C6971120E4FEA1A21AC71D7
:1024A0004FEA1E6EEA714FEA1A4469721A0C85F8F7
:1024B00003E0190AAC724FEA1A6AAA731B0E697319
:1024C00085F80BA0EB730BB0BDE8F08FDFF808A028
:1024D000D8E600BFE04E0260F02C026010B4012983
:1024E00014461A46214603D05DF8044BFFF788BD19
:1024F0005DF8044BFFF766BA2DE9F047160784B084
:102500000C9C0D9D59D1174680468A461E4669BBD4
:1025100042B303F1FF392068EE466168A268E368C0
:10252000AEE80F002B46002122464046FFF7D6FFBB
:102530006B1E494605F10F0E13F8010F11F8012F1C
:10254000734582EA00021A70F6D1EE46103F04F19C
:10255000100405F11005BEE80F0030607160B26034
:10256000F360D8D1002004B0BDE8F087002AF9D08C
:10257000013C03F1FF3949466A1E04F1100E14F8BC
:10258000010F11F8013F744583EA000302F8013F8F
:10259000F5D12B462A4651464046FFF79FFF286853
:1025A0006968103FAA6805F1100555F8043C3060D1
:1025B0007160B260F360DED1D4E76FF02100D2E742
:1025C000FFF700BAFFF71CBD2DE9F04FF7B000216F
:1025D000202283460DF1600A884620ACDFF8A891DE
:1025E000504620F039FB30A84FF48C72414620F061
:1025F00033FB4FEA680708F00106BD1CAD01BBF1D3
:10260000000F07D05A4A29465A48002E08BF4A46AA
:1026100020F02EFB00232A46514630A82360636039
:10262000A360E36066BBFFF73DF9534B03EB07176D
:1026300010F1230F01D1C02D28D068B942F21075D6
:1026400002E0013D00F09D8123462246314630A83C
:10265000FFF744FF0028F4D00346BBF1000F04D07D
:102660004648049320F028FB049B30A84FF48C715B
:1026700004930FF073FA049B184677B0BDE8F08F0F
:10268000FEF7F4FF3E4B03EB0717D1E73D4820F080
:1026900013FB08F10108B8F1060FAAD1BBF1000F36
:1026A00040F05A8100230DF120090CAE0493049BE5
:1026B0005F1003F00108BD1CAD01BBF1000F09D094
:1026C0002B4A2946304B3148B8F1000F08BF1A4653
:1026D00020F0CEFA00232A46514630A8C9F800302F
:1026E000C9F80430C9F80830C9F80C303360736099
:1026F000B360F36023606360A360E360B8F1000F30
:102700002ED0FEF7B3FF224B03EB0713059310F116
:10271000230F01D1C02D41D000289DD142F2107568
:1027200014AFB8F1000F40F01F8101944B460094A4
:102730001022414630A8FFF7DFFE00288CD1013D72
:10274000EFD105991022204620F06EFA002840F0C3
:102750005781BBF1000F24D00E4820F0ADFA20E0E5
:10276000FFF7A0F80C4B03EB07130593CFE700BF6F
:10277000D4150020D8150020584F026048160020BC
:10278000884F0260F0150020D015002000160020B0
:10279000E84F0260F8150020B84F0260994820F019
:1027A0008BFA049B0133062B049380D1BBF1000FFD
:1027B00040F00D8100277D1007F0010605F10208A9
:1027C0004FEA8818BBF1000F08D08F4A41468F4B63
:1027D0008F48002E08BF1A4620F04AFA8D4B0FCBC7
:1027E00089E80F008C4B4FEAD802504603EB4511A5
:1027F00020F066FA00234246514630A80793FEF7C0
:1028000035FF10F1230F03D1B8F1C00F00F0A880FD
:1028100000287FF421AF002E40F0C1807F4BA646F8
:1028200003EB851503F1380805F5D4750FCDAEE837
:102830000F000FCDAEE80F000FCDAEE80F0095E80A
:102840000F008EE80F0002943146019407ABCDF8DB
:102850000090402230A8FFF70DFB00287FF4FCAE6B
:1028600041464022204620F0DFF9002840F0C88091
:10287000BBF1000F40F0BC800137062F9BD1BBF1AC
:10288000000F40F0B980654B00260DF1400905931B
:10289000751006F00108BBF1000F08D05A495B4BD8
:1028A0005F48B8F1000F08BF194620F0E1F94FEA80
:1028B000051E059B5B490022734407928E4403F575
:1028C0001A73A1F526770FCB89E80F009EE80F0059
:1028D0008AE80F008022514630A8FEF7C7FE034663
:1028E00000287FF4BAAE07EB8507204605EB4505C7
:1028F000D7F8C8723A46B8F1000F6CD12D014A4B97
:10290000591990331D4420F0DBF914AA4B46029468
:102910003946009230A8019407AAFFF737FB034617
:1029200000287FF49AAE04903A462946204620F0CB
:102930007BF9002864D1049BBBF1000F53D1013611
:10294000062EA5D1BBF1000F3FF48FAE0A200493F1
:1029500020F0A2F9049B88E60A2020F09DF9A1E668
:10296000284820F0A9F987E796E80F0087E80F00CC
:1029700094E80F0086E80F0097E80F0084E80F0046
:10298000D3E639461022204620F04EF9C0BBBBF1F9
:10299000000F3FF47EAE254820F08EF979E6DFF88F
:1029A00090E0A446BEE80F00ACE80F00BEE80F00C0
:1029B000ACE80F00BEE80F00ACE80F000EF5A07801
:1029C0009EE80F0008EB85188CE80F003BE70A2013
:1029D00020F062F9EEE62901134B5D18903319449B
:1029E00020F06EF991E7114820F066F9049BA6E704
:1029F0000E4820F061F93FE70A2020F04DF942E748
:102A000001232AE6F0150020D4150020D01500205F
:102A1000181600201850026028500260E04E026034
:102A20003016002078510260B4510260F815002081
:102A3000184F02600368F0B5CD1A002D43DD1C78F5
:102A4000260608D45E1C06601C781460891BA1420F
:102A500039D30020F0BD04F07F04013C032C35D8AD
:102A6000DFE804F02A201302042D2CDD9F785E1D80
:102A700093F801E03F041D79DC7847EA0E632B43AD
:102A800043EA042414600660E0E7032D1BDD9C7814
:102A90001E1D5D782402DB7844EA05441C43146063
:102AA0000660D3E7022D0EDD5C78DE1C9B7843EADE
:102AB000042414600660C9E7012D04D05C789E1CD4
:102AC00014600660C2E76FF05F00F0BD6FF0630056
:102AD000F0BD00BF70B404680E1B002E0BDD26781D
:102AE0009E4204D10134046070BCFFF7A3BF6FF0B5
:102AF000610070BC70476FF05F00FAE770B5056861
:102B000082B04C1B002C06DD2C78012C07D06FF016
:102B1000610002B070BD6FF05F0002B070BD0135A2
:102B2000164601AA04460560FFF784FF0028F0D18D
:102B3000019B012B09D1236813F8011B003118BF39
:102B400001213160236002B070BD6FF06300E0E7E7
:102B50000368F0B5CC1A83B0002C06DD1C78022C7B
:102B600007D06FF0610003B0F0BD6FF05F0003B0FD
:102B7000F0BD0133174601AA06460360FFF75AFF6E
:102B80000028F0D1019B013B032B13D8316891F948
:102B90000020002A0EDB04463860019311F8015B27
:102BA000013B45EA04245A1C01933C603160F5D195
:102BB00003B0F0BD6FF06300D5E700BFF8B5036860
:102BC000CF1A002F05DD1F78032F05D06FF06100AD
:102BD000F8BD6FF05F00F8BD013304460E46036098
:102BE000FFF728FF0028F3D113681546002BF0D01B
:102BF0002268013B2B601278072A2A710CD82268C0
:102C000001322260AA60226813449E4223600CBFF6
:102C100000206FF06500F8BD6FF06300F8BD00BFE5
:102C200070B505684C1B002C05DD2C78032C05D0F5
:102C30006FF0610070BD6FF05F0070BD013504463C
:102C40000560FFF7F7FE0028F4D113681646012B44
:102C500003F1FF32326005D923685A1C22601B78C9
:102C6000002BE7D06FF0670070BD00BF2DE9F04387
:102C700099460368164683B0CA1A002A08DD1A78F6
:102C8000302A0BD06FF06108404603B0BDE8F083F6
:102C90006FF05F08404603B0BDE8F083013301AA3E
:102CA00005460F460360FFF7C5FE80460028EBD1BE
:102CB0002A68019B13449F421FD19742A7EB02034E
:102CC00016D91178002B3160E2DD13789945D9D1FE
:102CD000541C3946321D28462C60FFF7ABFED8B98C
:102CE0002B687268B3602B681A4497422A6007D831
:102CF0000023F3602B689F42C6D06FF06508C3E7DE
:102D0000102101201FF0ACFFF060064608B12A68D0
:102D1000D3E76FF06908B7E78046B5E770B5056897
:102D200082B04C1B002C06DD2C78022C07D06FF0F3
:102D3000610002B070BD6FF05F0002B070BD013580
:102D4000164601AA04460560FFF774FE0028F0D17C
:102D5000019A3046216801F037F92268019B13443B
:102D6000236002B070BD00BF2DE9F041066882B05B
:102D7000C6EB010EBEF1000F0ADD96F800E0BEF1D1
:102D8000300F0BD06FF06106304602B0BDE8F08125
:102D90006FF05F06304602B0BDE8F0810136904624
:102DA00001AA044606600D461F46FFF743FE06468D
:102DB0000028E9D12368ED1A002DE9DD019D1A787C
:102DC000002DC8F80020E3DD1A78062ADAD11D4468
:102DD000013308F10402204623602946FFF72AFE4A
:102DE00006460028D0D12368D8F80420C8F8083057
:102DF00021688B189D4223601ED08E5C01333A46B9
:102E00002946204642F8046B2360FFF713FE70B991
:102E100022687B68BA60226813449D4223600CBF1D
:102E200000266FF06506304602B0BDE8F081064628
:102E3000304602B0BDE8F08138460C210EF08EFE1F
:102E4000A2E700BF10B584B0002401AB0294019446
:102E50000394FFF789FF48B9019B052B00D03BB9CC
:102E6000029B002B14BF6FF06700002004B010BD60
:102E70006FF06700FAE700BF70B5044670B10E4608
:102E8000154601E0A4694CB16368AB42FAD12A4609
:102E90003146A0681FF0C8FE0028F3D1204670BD5F
:102EA00068B110B5044680681FF012FF60691FF01A
:102EB0000FFF20462021BDE810400EF04FBE7047A6
:102EC00038B504685CB10546A36920462B60FFF75E
:102ED000E7FF20461FF0FCFE2C68002CF4D138BD23
:102EE0007F2A0346F0B40AD80468611A00296ADD13
:102EF000611E0120196004F8012CF0BC7047FF2A04
:102F000010D80468611A01295DDD651E8121022047
:102F10001D6004F8012C1A68541E1C6002F8011C84
:102F2000F0BC7047B2F5803F1FD3B2F1807F28D24A
:102F30000468611A032946DD601E160A150C8321F8
:102F40001860042004F8012C1A68541E1C6002F852
:102F5000016C1A68541E1C6002F8015C1A68541E49
:102F60001C6002F8011CF0BC70470468611A022959
:102F700029DD661E150A822103201E6004F8012C3B
:102F8000E7E70068411A04291DDD441E160A150CE6
:102F900084211C60140E00F8012C05201A68571EAD
:102FA0001F6002F8016C1A68561E1E6002F8015C70
:102FB0001A68551E1D6002F8014C1A68541E1C60E8
:102FC00002F8011C99E76FF06B0096E70368591A45
:102FD000002909DD012110B45C1E0460084603F8D5
:102FE000012C5DF8044B70476FF06B010846704789
:102FF00038B505688D420CD36C1A9C4209D31C4627
:1030000003461146281B224618601FF059FE204631
:1030100038BD6FF06B0038BDF8B5054610460E465A
:10302000174600F0CBFF2968B1422ED38B1B044614
:1030300098422AD8091A02463846296000F0FAFF59
:10304000A0B93B68012B12D0224631462846FFF733
:1030500047FF00280ADB2B6801349E1B002E14DD7D
:10306000591E02222044296003F8012CF8BD2B6868
:1030700093F90020002AE7DA9A1B002A05DD5A1E80
:1030800001342A6003F8010CDEE76FF06B00F8BD35
:1030900002680346501A002812DD002010B4541EA6
:1030A0001C6002F8010C1A68511A81420BDD541E93
:1030B000052102201C6002F8011C5DF8044B7047DA
:1030C0006FF06B0070476FF06B005DF8044B70475A
:1030D000F8B50568A94202D86C1AA34203D96FF06B
:1030E0006B042046F8BD0746E81A1C460E463860B9
:1030F00011461A461FF0E4FD002CF2DB2246314651
:103100003846FFF7EDFE00280CDB3B680134991BC5
:103110000029E4DD591E062204443960204603F8E4
:10312000012CF8BD04462046F8BD00BFF8B5069D49
:103130008DB90468661A002E27DD661E066004F845
:10314000015C0468651A002D1FDD671E0526022537
:10315000076004F8016C0C460646FFF7B9FF00282B
:1031600015DB0544214630462A46FFF7B9FE002804
:103170000DDB336801351C1B002C06DD591E302287
:103180002844316003F8012CF8BD6FF06B00F8BDE6
:10319000F8B505686E1A002E1BDD131C05F1FF370C
:1031A0004FF00102044618BF012307600E465B4240
:1031B00005F8013CFFF794FE002809DB2368991B02
:1031C000002906DD591E01220230216003F8012C7E
:1031D000F8BD6FF06B00F8BD036870B55C1A002C89
:1031E0001EDD5C1E002A046003F8012C04DD036868
:1031F00093F90020002A16DB012632460C460546CC
:10320000FFF76EFE00280ADB2B680136191B002928
:1032100006DD591E02223044296003F8012C70BDDE
:103220006FF06B0070BD5A1A002AF9DD5C1E002297
:103230000226046003F8012CDFE700BFF8B505683B
:10324000A94202D86C1AA34203D96FF06B0420463E
:10325000F8BD0746E81A1C460E46386011461A4665
:103260001FF02EFD002CF2DB224631463846FFF7D8
:1032700037FE00280CDB3B680134991B0029E4DD94
:10328000591E132204443960204603F8012CF8BD6E
:1032900004462046F8BD00BFF8B50568A94202D82B
:1032A0006C1AA34203D96FF06B042046F8BD0746A1
:1032B000E81A1C460E46386011461A461FF000FDFB
:1032C000002CF2DB224631463846FFF709FE002883
:1032D0000CDB3B680134991B0029E4DD591E1622E2
:1032E00004443960204603F8012CF8BD044620460A
:1032F000F8BD00BF2DE9F84313F00704066818BFB6
:1033000001248E4204EBD3042DD30F4604F10109AE
:10331000711A494527D38046301B11462246C8F80A
:1033200000001D461FF0CCFCD8F80060C5EBC403BC
:103330004A46751E39464046C8F8005006F8013C1A
:10334000FFF7CEFD00280CDBD8F800300234DF1B7D
:10335000002F08DD591E03222044C8F8001003F88E
:10336000012CBDE8F8836FF06B00BDE8F88300BF67
:10337000F8B50568A94202D86C1AA34203D96FF0C8
:103380006B042046F8BD0746E81A1C460E46386016
:1033900011461A461FF094FC002CF2DB22463146FF
:1033A0003846FFF79DFD00280CDB3B680134991B74
:1033B0000029E4DD591E042204443960204603F844
:1033C000012CF8BD04462046F8BD00BF2DE9F047AA
:1033D00082B0074600681E46894690460A9DFFF760
:1033E0004BFDF0B1036904469D4209D8AEB12A46AF
:1033F000314660691FF064FC204602B0BDE8F087EA
:10340000294601201FF02CFC074640B360691FF0DD
:103410005FFC67612561002EE9D1204602B0BDE85E
:10342000F087202101201FF01BFC0446B8B1C0F832
:103430000480414601201FF013FC8246A06080B149
:10344000424649461FF03CFC2561294601201FF0F9
:1034500007FC606150B13B683C60A361C6E7002097
:10346000CBE720461FF034FC5046C6E7019050469B
:103470001FF02EFC20461FF02BFC019B1846BCE7DA
:103480002DE9F04F099D4D4CA4FB0554099D64089E
:1034900004EB440B5D4518BF0134B4F1804F80F05C
:1034A0008580A400013400287BD08C4294BF002189
:1034B0000121002975D1BBF1000F6FD08946DD1CB9
:1034C000041D3F4915F803EC09F1030915F8027CC6
:1034D0002B4615F8016C4FEA0E184FEA870CCB45C6
:1034E00008F0300801EB961A0CF03C0C4FEAAE0ED7
:1034F00001EB171706F03F0611F80EE005F1030582
:1035000017F808708E5D1AF80C80A44604F8037C46
:1035100004F1040404F808EC04F8068C04F8056CC3
:10352000D0D8099949451FD909F10109099C197891
:103530004C4522D95B780E01214D89109C0006F084
:10354000300605EB13136F5C04F03C019C5D0CF13D
:103550000303695C8CF801408CF802108CF8007051
:103560003D2103F1010C1970C0EB0C000023106029
:1035700018468CF80030BDE8F08F0C01104D891012
:103580003D2604F030040CF103036F5C295D8CF8D8
:1035900000708CF801108CF80260E1E7D94684468F
:1035A000BFE714606FF02900BDE8F08F4FF0FF33E4
:1035B0006FF029001360BDE8F08F00BFABAAAAAA84
:1035C000D452026030B4029C0CB130BC58E72046A3
:1035D000146030BC704700BF2DE9F047DDF820E0F3
:1035E0009146BEF1000F00F09E8000229C46DFF85D
:1035F0005CA1904617461CF807300CEB07053C46CB
:10360000202B04D07DE015F8016F202E04D1013469
:10361000A645A4EB0703F6D8A6451DD0C4EB0E05BE
:10362000012D1CF8045001D90D2D5BD00A2D0FD0AF
:10363000002B5ED13D2D60D02E065AD4554495F80E
:1036400040307F2B55D00AB13F2B52D908F10108E9
:10365000671CBE45CFD8BE46B8F1000F63D008F056
:1036600007034FEAD80803EB430308EB48085B0065
:10367000C2EB4808073308EBD30300285DD08B4228
:1036800094BF00210121002957D1BEF1000F52D073
:1036900007460326E6440C46DFF8B0802A4D0EE0CC
:1036A0004244013492F8403003F03F02402B08BFFF
:1036B000013E042C42EA811125D0E6450CD01CF8CD
:1036C000012BA2F10A03DBB2162BE9D825FA03F38A
:1036D000DB07E5D5E645F2D1381AC9F8000000202D
:1036E000BDE8F087671C1CF807600A2EB1D0002BDC
:1036F000A4D06FF02B00BDE8F0870132022A9DD9DB
:10370000F7E7002388E766B10B0C012E3B7007D06A
:103710000B0A022E7B700BD0B97000240337CCE764
:1037200001370024C9E70020C9F80000BDE8F08790
:1037300002370024C1E77046CFE7C9F800306FF0C8
:103740002900BDE8F08700BF09004000D4520260A4
:1037500010B54024A4B058B92B4B03AA04A8009478
:103760008021FFF78DFED8B10124204624B010BD82
:1037700026481FF07DFA03AA04A80094224B80215A
:10378000FFF77EFE28B9582204A921481FF04CFA01
:1037900000B301241F481FF08FFA204624B010BD4B
:1037A000582204A91A481FF03FFA0028DCD15820FB
:1037B00003AA174B8021009004A8FFF70DFF0028F3
:1037C000D2D1224604A910481FF02EFA0446002840
:1037D000CAD1CAE710481FF04BFA582103AA0C4B74
:1037E000009104A88021FFF7F7FE0028D1D12246DE
:1037F00004A905481FF018FA04460028C9D1074853
:103800001FF05AFAB1E700BF94530260501600202F
:10381000D4530260481600206C1600208C1600203D
:1038200050B30023F0B5A1F1040E15461E462F68D3
:103830000136FC1A2C605EF8041F8C42A4EB0104D4
:103840002CBF4FF0000C4FF0010C45F8044B9F4289
:103850002CBF63460CF10103B042E8D102EB8002B9
:103860004BB111689942A1EB030134BF012300233E
:1038700042F8041BF5D3F0BD704700BFF0B5864693
:1038800087B00020BEF10F0F0391029201930590C3
:1038900040F2D080F446ACF1100C03980299059ADE
:1038A000019B50F8044B4FF000050E68E3FB042524
:1038B000B71845F1000241F8047B50F8044B4FF073
:1038C00000050E68E3FB0425B71845F1000241F836
:1038D000047B50F8044B4FF000050E68E3FB042511
:1038E000B71845F1000241F8047B50F8044B4FF043
:1038F00000050E68E3FB0425B71845F1000241F806
:10390000047B50F8044B4FF000050E68E3FB0425E0
:10391000B71845F1000241F8047B50F8044B4FF012
:1039200000050E68E3FB0425B71845F1000241F8D5
:10393000047B50F8044B4FF000050E68E3FB0425B0
:10394000B71845F1000241F8047B50F8044B4FF0E2
:1039500000050E68E3FB0425B71845F1000241F8A5
:10396000047B50F8044B4FF000050E68E3FB042580
:10397000B71845F1000241F8047B50F8044B4FF0B2
:1039800000050E68E3FB0425B71845F1000241F875
:10399000047B50F8044B4FF000050E68E3FB042550
:1039A000B71845F1000241F8047B50F8044B4FF082
:1039B00000050E68E3FB0425B71845F1000241F845
:1039C000047B50F8044B4FF000050E68E3FB042520
:1039D000B71845F1000241F8047B50F8044B4FF052
:1039E00000050E68E3FB0425B71845F1000241F815
:1039F000047B50F8044B4FF000050E68E3FB0425F0
:103A0000B71845F1000241F8047B50F8044B4FF021
:103A100000050E68E3FB0425B71845F1000241F8E4
:103A2000047B059202910390BCF10F0F3FF633AF78
:103A30000EF00F0EBEF1070F68D90EF0070E0398B7
:103A40000299059A019B50F8044B4FF000050E684F
:103A5000E3FB0425B71845F1000241F8047B50F858
:103A6000044B4FF000050E68E3FB0425B71845F141
:103A7000000241F8047B50F8044B4FF000050E683B
:103A8000E3FB0425B71845F1000241F8047B50F828
:103A9000044B4FF000050E68E3FB0425B71845F111
:103AA000000241F8047B50F8044B4FF000050E680B
:103AB000E3FB0425B71845F1000241F8047B50F8F8
:103AC000044B4FF000050E68E3FB0425B71845F1E1
:103AD000000241F8047B50F8044B4FF000050E68DB
:103AE000E3FB0425B71845F1000241F8047B50F8C8
:103AF000044B4FF000050E68E3FB0425B71845F1B1
:103B0000000241F8047B059202910390BEF1000F80
:103B100015D003980299059A019B50F8044B4FF079
:103B200000050E68E3FB0425B71845F1000241F8D3
:103B3000047B059202910390BEF1010EE9D1029936
:103B4000059A0B68134441F8043B059A934234BF2D
:103B5000012200220592F4D307B0F0BDF0B44E6804
:103B60001EB38F68002307EB860656F8044D250C1C
:103B7000B742A4B245EA0343B3FBF2F502FB1533A7
:103B800044EA0343B3FBF2F402FB1433EDD10968BA
:103B9000002903DB03600020F0BC7047002BF9D044
:103BA000D31AF0BC0360002070473346F2E700BF31
:103BB00020B100230122836080E80C00704700BF21
:103BC00080B110B50446806830B1616889000DF09D
:103BD000C5FFA0681FF07CF800230122A36084E8E1
:103BE0000C0010BD704700BF42F21073994223D8F9
:103BF0002DE9F0414668B14202D80020BDE8F081CD
:103C00000C460546042120461FF02AF88046B0B134
:103C1000AF685FB1B600394632461FF051F83846FA
:103C200031460DF09BFFA8681FF052F86C60002031
:103C3000C5F80880BDE8F0816FF00F0070476FF0A5
:103C40000F00BDE8F08100BF2DE9F04146688E42CB
:103C50002ED9731E05460C460CD081689A0051F887
:103C6000230048BB0A4403E052F8040D18B90B4680
:103C7000591EF9D101239C424FF0040138BF1C4664
:103C800020461EF0EDFF8046C0B1AF6857B1A200DC
:103C900039461FF015F83846B1000DF05FFFA868EF
:103CA0001FF016F86C600020C5F80880BDE8F081B0
:103CB000BDE8F041FFF798BF3346DCE76FF00F0037
:103CC000BDE8F08188423AD08A68F0B50E4683B0EC
:103CD000002A36D04D6807466B1E0BD052F82310D1
:103CE0009C0041B9224403E052F8045D05BB234621
:103CF0005C1EF9D101257A683368AA423B600FD374
:103D0000521BB868AD000021920028441EF0A4FFA9
:103D10002A46B168B8681EF0D3FF002003B0F0BD9A
:103D200029463846FFF760FF0028F7D1AD00EFE7DE
:103D30001D467A683368AA423B60E1D2F0E7002072
:103D400070470192FFF73CFF019A1046E6E700BF7B
:103D5000F0B585B005460C46006801AB6968AA68F5
:103D60001E46D4F800C0D4F804E0A768C5F800C027
:103D7000C5F804E0AF6007C307CE20606160A260B1
:103D800005B0F0BD2DE9F0410C4649681646804665
:103D9000FFF72AFF98BB73422568D8F8001046EA5F
:103DA00003026368C2F3C012C2F1010705FB02F50A
:103DB00001FB0751C8F8001083B1A668D8F80810B5
:103DC000043E01EB830E56F8045F0C6805FB02F518
:103DD00004FB075441F8044B8E45F4D1D8F8041085
:103DE0008B420CD2D8F8082002EB830302EB81014E
:103DF0001A6807FB02F243F8042B9942F8D1BDE898
:103E0000F08100BF88423BD0F8B50C4649681546A2
:103E10000646FFF7E9FE00B1F8BD71682046FFF7DE
:103E2000E3FE0028F8D16A423168206815437368C0
:103E3000C5F3C015C5F1010705FB01FE07FB01F144
:103E400000FB05113160226802FB07E22260ABB182
:103E5000A268B168043A01EB83060B6852F8040FBC
:103E600007FB03F405FB03F300FB054041F8040BDB
:103E7000B142106800FB07331360EED10020F8BD9B
:103E80000020704770B50E4601210546FFF7ACFED5
:103E9000044688B96A680146A86892001EF0DCFEF4
:103EA000002E86EAE671AA68B4BF4FF0FF33012303
:103EB000A1EBE67111602B60204670BD4368B1EB49
:103EC000431F0AD283684A0901F01F0053F82230C9
:103ED00023FA00F000F0010070470020704700BF97
:103EE000012A22D8F8B5436805464F091646B1EBBA
:103EF000431F0C4602D392B91046F8BD04F01F01CF
:103F0000AD680124002055F8273006FA01F204FAC2
:103F100001F123EA01031A4345F82720F8BD791C73
:103F2000FFF762FE0028E9D0F8BD6FF0030070478C
:103F300003464068A0B170B49D680026043D314638
:103F400055F8044F002203E0202A01F1010108D0B6
:103F500024FA02F3013213F00103F5D0084670BCD5
:103F600070470136B042EBD11846F8E74368DBB141
:103F7000013B1ED080689A0050F82310B1B902446A
:103F800002E052F8041D89B9013BFAD101682023EF
:103F900000204FF0004202E00130202803D00A4206
:103FA0004FEA5202F8D01B1A184670475B012033C3
:103FB000EEE7826820231168EAE700BF08B5FFF743
:103FC000D5FF0730C00808BDF8B50C4612F0030154
:103FD0004368174618BF0121064601EB92059D4232
:103FE0000BD0FFF7EDFD0023012229463046736018
:103FF0003260B360FFF7F8FDD0B900213046FFF71B
:1040000041FFB0B99FB1B268E1190546EB0011F864
:10401000014DAE08013503F01803AF4204FA03F373
:1040200052F8264043EA040342F82630EED1F8BDA8
:10403000F8BDF8BDF8B514460D460746FFF796FFE4
:104040000730C608B44217D32246002128461EF086
:1040500003FE7EB12A1900239808B968DC000133F9
:1040600051F8205004F01804B34225FA04F402F881
:10407000014DF1D10020F8BD6FF00700F8BD00BF81
:10408000F8B50D460646FFF771FF72682B186C09EC
:1040900005F01F05B3EB421F34D8DCB173689C42B6
:1040A0003CD26FF04042B0681A4400EB840700EB4A
:1040B0008303121B00EB820252F8041943F8041D1B
:1040C000BB42F9D1234600EB8303002243F8042DC1
:1040D0009842FBD1A5B17068844211D2B268002128
:1040E000C5F1200602EB840302EB8004186800FA95
:1040F00005F20A4320FA06F143F8042B9C42F5D15D
:104100000020F8BD13F01F01304618BF012101EB5C
:104110005311FFF769FD0028BFD0F8BD002BD9D09F
:10412000B068D0E7F0B443684D099D4205D8CA068F
:1041300001F01F0605D09D4203D10021F0BCFFF71E
:10414000A1BECDB15A1B0BD08468214604EB850477
:1041500001EB820754F8045B41F8045BB942F9D1E2
:10416000934209D98168002401EB820201EB8301AB
:1041700042F8044B9142FBD18EB183B18468C6F101
:104180002005002004EB830353F8041D21FA06F2F6
:104190009C4242EA000201FA05F01A60F4D10020C4
:1041A000F0BC7047436870B473B16FF040448268EC
:1041B0001C4452F8245002EB84021DB11BE052F85B
:1041C000044DC4B9013BFAD14A68002A46D06FF0C9
:1041D00040448D68144455F8243005EB84011BB12C
:1041E0003EE051F8044D94B9013AFAD1181C18BFB9
:1041F000012070BC70474A684AB36FF040448D6834
:10420000144455F8246005EB8401002EECD09A424A
:104210001DD39A421ED8BBB16FF0404481681C4444
:10422000A20051F8240055F8244011442A44844245
:104230000DD307D90EE051F8044D52F8040D844215
:1042400005D807D3013BF6D1184670BC7047012052
:1042500070BC70474FF0FF3070BC70471046C8E725
:104260000023D6E72DE9F04F5C6887B00134119D3B
:10427000AC4272D8129C2668002E6ED01F460C46A7
:1042800093468246AA003046002102931EF0E4FCC9
:104290002368D7F80480129A4345126828BF434622
:1042A00004920393B8F1000F54D008F101030026E3
:1042B00015469B00019602EB03090593019E2A46D1
:1042C000DAF80830DBF8001053F8264033460F6860
:1042D0002E680133039807FB0467109E0193234661
:1042E000FFF7CCFA06FB07F702992A463B46404601
:1042F0008968FFF7C3FA002345F8044B49F8043FE7
:10430000019B9845DAD1059B049A043B1A44049218
:10431000059A0499DAF808001EF0D2FC029C504677
:104320002146FFF73FFF002809DB4046DAF8082066
:10433000A168FFF775FA002007B0BDE8F08F129B67
:104340004046DAF808101A68FFF76AFA002007B04A
:10435000BDE8F08F04230593DAE76FF00300EBE785
:10436000436870B473B16FF0404482681C4452F8E3
:10437000245002EB84021DB11EE052F8044DDCB95A
:10438000013BFAD14A6882B16FF040448E68144410
:1043900056F8243006EB84041BB150E054F8045D59
:1043A000BDB9013AFAD11BB91A46104670BC704724
:1043B000026870BC104670474A68002AF8D06FF057
:1043C00040448E68144456F8245006EB8404002DB3
:1043D000E7D09A42ECD39A4225D802680968002AAD
:1043E00001DD002929DB002901DD002A22DB002B69
:1043F000DAD06FF0404480681C44A10050F824508B
:1044000056F8244008443144AC42CED307D90FE0DB
:1044100050F8045D51F8044DA542C6D808D3013BBD
:10442000F6D11A46C1E70A68524270BC104670477E
:104430005242BAE74FF0FF32B7E70122B5E7002357
:10444000C9E700BF0B4610B583EAE37284B0002BC6
:104450004FF00104A2EBE37201A9B4BF4FF0FF33A8
:10446000234602940092CDF80CD00193FFF778FF19
:1044700004B010BD90422DE9F041074664D0884257
:10448000144603D0FFF71EFC0646C8B90123656831
:104490003B6075B16FF04042A3682A4453F8221084
:1044A00003EB820319B10EE053F8041D59B9013D25
:1044B000FAD138460021BDE8F041FFF795BB06462A
:1044C0003046BDE8F08129463846FFF78DFB0646A9
:1044D0000028F5D1A068B6463446B968043800E033
:1044E000C6460B680EF1010850F8042FE418144476
:1044F0002CBF0123002341F8044BA24294BF1C4669
:104500005C1C45450A46EBD8002CD9D00EF10205BB
:104510004FEA88080BE01368013508F104082344CA
:10452000A34242F8043B34BF01240024C8D26B1ECE
:1045300079689942EFD829463846FFF755FB00289D
:10454000BDD1BA684244E6E70C469FE72DE9F04149
:10455000884684B00546114640461746FFF722FEBE
:10456000002838DB00230122AF4201AE0192029302
:10457000039325D0A84505D041462846FFF7A2FB66
:104580000446B0B9012378682B6010B36FF0404344
:10459000B968034451F8232001EB83031AB104E006
:1045A00053F8042D0AB90138FAD1AA680024FFF79C
:1045B00037F93046FFF704FB204604B0BDE8F08130
:1045C00039463046FFF77EFB04460028F1D13746D6
:1045D000D0E7B968E9E76FF00900EEE7F8B50E68D3
:1045E0000746136803FB06F3002B04DBFFF742FFCB
:1045F00000B93E60F8BD0D46114614462846FFF747
:10460000D1FD002807DB224629463846FFF79EFFEA
:104610000028EED0F8BD2A4621463846FFF796FF1F
:104620000028E7D176423E60F8BD00BFF8B50E68BD
:104630000746136803FB06F3002B0EDD0D461146FB
:1046400014462846FFF7AEFD00280CDB224629461B
:104650003846FFF77BFF20B1F8BDFFF70BFF0028BE
:10466000FAD13E60F8BD2A4621463846FFF76EFF74
:104670000028F1D176423E60F8BD00BF134630B548
:10468000002B85B083EAE3744FF0010501AACDF851
:104690000CD0A4EBE374B4BF4FF0FF332B4602956C
:1046A00000940193FFF79AFF05B030BD134630B573
:1046B000002B85B083EAE3744FF0010501AACDF821
:1046C0000CD0A4EBE374B4BF4FF0FF332B4602953C
:1046D00000940193FFF7AAFF05B030BD2DE9F04F1C
:1046E000074689B0002301208F4291460290059031
:1046F00003930493069307935ED002AB884601931D
:104700004F450DF1140B60D0D8F804507DB16FF017
:104710004042D8F808302A4453F8221003EB8203B1
:1047200019B104E053F8042D0AB9013DFAD1D9F8C2
:1047300004407CB16FF04042D9F80830224453F86D
:10474000221003EB820319B104E053F8042D0AB9D7
:10475000013CFAD129193846FFF746FA824648B19A
:104760005846FFF72DFA0198FFF72AFA504609B08C
:10477000BDE8F08F01463846FFF784FB82460028EB
:10478000EED18CB16FF040462644B600D9F808301F
:104790002846BA689B593244D8F80810FFF76EF8DB
:1047A000013CA6F10406F1D1D8F80020D9F8003078
:1047B00003FB02F33B60D3E702A80190FFF782FA04
:1047C000824658B9DDF804809AE739465846FFF723
:1047D00079FA82460028C3D1D94695E70DF1140B2A
:1047E000BEE700BF8B1E0E2B00F2D3802DE9F04FE9
:1047F0000C468BB04FF00009012605461046924644
:104800000F460496CDF81490CDF818901EF018FAC3
:10481000102C804632D049462846FFF733FB01462C
:1048200000283DD1B8F1000F00F0AD8083460DF1B6
:104830001009BBF1000F00F0AF801AF80B20A2F1B5
:104840003004A2F14101E0B2092888BFFF24052904
:10485000A2F1610198BFA2F13704052998BFA2F126
:104860005704A7421FD86FF0050148460191FFF792
:10487000A7F9019908460BB0BDE8F08FB0F1804F61
:1048800080F084808100284611F01C0F14BF33464D
:104890004B4603EB5111FFF7A7F90146002831D031
:1048A0000DF11009E1E703AB294607AA4846079630
:1048B000089609930397FFF711FF01460028D4D10A
:1048C0002B6807AA4946012B10D003AB2846039456
:1048D000079608960993FFF7A9FE01460028C4D160
:1048E0000BF1010BD845A4D10021BEE70793284660
:1048F000089303AB03940993FFF770FE0146002869
:10490000EED0B2E72846FFF7BDFA01460028C7D12E
:10491000B8F1000F37D00AEB080301938300B8F118
:10492000010F4FEAD00608F1FF3803F01C033CD01A
:10493000019A013012F801ED0192AEF13002AEF1B0
:104940004109AEF1610C5FFA82FBBBF1090F88BF30
:10495000FF22B9F1050F98BFAEF13702BCF1050F88
:1049600098BFAEF15702944202FA03F302D80DF158
:10497000100978E7AA6852F826703B4342F82630BF
:10498000B8F1000FCAD10DF11009ADE76FF00300C7
:1049900071E76FF0030070479AF800202D2A7FF42A
:1049A0004CAF4FF0FF322A609AE79AF800202D2A88
:1049B000BED14FF0FF330DF110092B6055E700BF5A
:1049C00000B585B00123009201AA01930293CDF8AE
:1049D0000CD0FFF783FE05B05DF804FB2DE9F04F26
:1049E000A7B04FF0010B0024814620AE019118467C
:1049F00023A91D4617462094CDF88CB0CDF890B071
:104A00002596FFF7ADFC00286FD029463846CDF833
:104A100050B015941694CDF85CB018941994CDF854
:104A200068B01B941C94CDF874B01E941F94CDF8FC
:104A300080B021942294FFF7B5FBA04220DB0DF15A
:104A4000500839460DF15C0A4046FFF73BF9044631
:104A500080B31AAB0DF1740B00934046FFF7B0F82A
:104A60005046FFF7ADF80098FFF7AAF85846FFF751
:104A7000A7F83046FFF7A4F8204627B0BDE8F08F2E
:104A8000B9F1000F05D021464846FFF7FBF904466F
:104A900038B9019B2BB339460198FFF713F9044647
:104AA000F8B11AAB0DF150080DF15C0A0DF1740B61
:104AB0000093D2E729465046FFF704F90446002840
:104AC000C7D11AAB7968CDF85CB0023118460093B3
:104AD000CDF850B0FFF788F8044648B10DF1740BDB
:104AE000BBE7002027B0BDE8F08F6FF00B00C4E7F4
:104AF00001460098FFF7C6F90DF1740B0446002833
:104B0000ABD102215846FFF76FF804460028A4D124
:104B100003213046FFF768F8044600289DD150462F
:104B2000FFF724FA00F01F001F2800F0C280C0F138
:104B30001F03404619460793FFF7A2FA04460028D0
:104B40008BD107995046FFF79BFA0446002884D181
:104B5000159B5046189A0293013B0392013A049325
:104B60009B1A05925A010A9311460692FFF788FA9A
:104B7000044600287FF471AF0A9B9B001C460BE0A3
:104B8000DDF870E05EF8043001334EF80430FFF7D2
:104B90004DFD002840F08F8051464046FFF7E0FB76
:104BA0000028524641464046EADA06995046FFF749
:104BB000B9FA044600287FF450AF05986FF04042E0
:104BC0006FF078438F4980000E94CDF83C900A90A6
:104BD000029810970244034401440A98119504383E
:104BE0008900CDF808A00C9003980391121A1B1AA3
:104BF00092005B0114460693049B059A934240F28F
:104C0000AE80039B16990433199A0A980D93125893
:104C1000CB581C9D9342C0F085804FF0FF332B5141
:104C20002B5913AF039A0133DDF83490043ADDF8C1
:104C300008A02B510B922DE0199B0C9A9A580A99B7
:104C4000026023AA5B5859461C9D436058462B5965
:104C500001252597239513932495FFF73FFD0146E2
:104C600058BB3046FFF70EF928BB049A229BAA4294
:104C7000169D01D00B9AA858039A314618605846E1
:104C8000AA585A6055F809209A60FFF769FB002876
:104C900015DD1C9D2B5900215846013B2B51FFF778
:104CA000F1F840B9059B1F98002BC5D1059A199BB7
:104CB000C5E707944CE70446CFE60446CDE61C9BC7
:104CC0000125514623AA1B595846CDF808A0239523
:104CD000139324952597FFF701FD002840F08D8060
:104CE00006995846FFF7CCF9002840F086805A46CE
:104CF00041464046FFF79AFC00287ED1139023A935
:104D00004046239524952597FFF72AFB00285FDB73
:104D1000049B043C013B0493069B203B06930B9BA6
:104D2000039369E703982F190858AAB10993002340
:104D30000893DDE9089A4B4649EA0009484651467E
:104D40001DF0A2FF00234FF0FF328B4208BF8242CA
:104D500000D21046386063E74FF0FF30FAE7DDF825
:104D60003C900E9C109F119DDDF808A0B9F1000F3A
:104D70000BD000994846FEF7A5FF00289BD12B6871
:104D80003A6803FB02F3C9F80030019B002B3FF4A3
:104D900064AE07994046FFF7C5F900288BD13B6800
:104DA0004146019F14933846FEF78CFF002882D1BC
:104DB000012513AB139023A93846239524952593F9
:104DC000FFF7CEFA00287FF448AE3D60044644E683
:104DD00002995846FEF776FF78B906995846FFF7CC
:104DE0004FF950B95A4641464046FFF7F7FB20B904
:104DF0001C9A1359013B13518AE7DDF808A00446B9
:104E00002BE600BFFEFFFF3F70B51C4684B00126B5
:104E100084EAE475002C01AB0296A5EBE475B4BFFF
:104E20004FF0FF343446CDF80CD000950194FFF7D5
:104E3000D5FD04B070BD00BF2DE9F04184B0002560
:104E4000012604468846104601A917460296CDF869
:104E50000CD08DE86000FFF783FAA8422ADB4246B7
:104E600028463B462146FFF7B9FD00BB054602E058
:104E7000FFF7B4FBD8B901A920460296CDF80CD0B3
:104E80008DE86000FFF76CFA00283A46214620467C
:104E9000EEDB02E0FFF7CAFB48B939462046FFF7D0
:104EA0005FFA00283A4621462046F3DA002004B093
:104EB000BDE8F0816FF00900F9E700BF131E15D0BF
:104EC00017DB012B30B4044604D0022B06D030BCD3
:104ED000FEF744BE0020206030BC70478B68002085
:104EE0001B6803F00103236030BC70476FF00B00B8
:104EF00070476FF0090070478B1E0E2B44D82DE9C8
:104F0000F04186B0164607460C460A46014601A8FF
:104F1000FFF7D4FF20BB4FF0010802AD014603AB01
:104F20003A4638460294CDF80C80CDF810800595AD
:104F3000FFF754FD034698B903A938460293CDF80C
:104F40000C80CDF810800595FFF70AFAA0B9019BF7
:104F5000092B08D9326837330020511C3160137097
:104F600006B0BDE8F081326830330020511C31605A
:104F7000137006B0BDE8F081214638463246FFF78F
:104F8000BBFF0028E3D0EBE76FF00300704700BFE2
:104F90002DE9F0438C1E85B00E2C00F282800C4669
:104FA00080461D461646FEF7E1FF032C25DC431C18
:104FB000033003F001031844A84275D8D8F8002044
:104FC000002301210096013202930191039360D0E6
:104FD000102C17D001AF41463846FEF773FE054648
:104FE00000283FD1019B013358D021466A463846FC
:104FF000FFF782FF054658B334E04008102C08BF85
:105000004008D4E7D8F8041009B36FF040400027F7
:10501000DFF8A0E00844800004235D1ED8F80820D3
:10502000CC184FEAC50C135823FA0CF303F00F0CFD
:1050300013F0FF034FEA23131BD1D7B9022C18D06A
:105040002B46002DE9D10139A0F10400E4D101AFD4
:10505000009B0022591C154600911A70009B9E1B54
:105060000C9B1E603846FEF7ABFD284605B0BDE838
:10507000F083009A01271EF8033002EB07091EF89F
:105080000C40CDF800901370009BDA1900921C7050
:10509000D6E772182D230092337099E7012301930C
:1050A000A3E76FF00300E1E70C9B18606FF00700C7
:1050B000DCE700BF2013002083681B68DB0729D5CD
:1050C0002DE9F04186B00546144F03240DF1080880
:1050D000012608E0FFF7F2FEA0B9019BABB157F83B
:1050E000044F002C0EDD03A9284602940396049673
:1050F000CDF81480FFF734F900282246294601A88C
:10510000E8DC012006B0BDE8F0816FF00D0006B0CC
:10511000BDE8F0816FF00D00704700BF30540260B1
:105120002DE9F04FA7B04FF0000801259A4617ACC3
:105130000590079118461AA90692CDF85C801A9539
:105140001B951C94FFF70CF94045309E40F3E88016
:10515000DAF808301F68FA0740F1E2801AA90698C9
:10516000CDF85C801A951B951C94FFF7F9F8002880
:10517000C0F2D680BD1C03236D0005F008053D4438
:1051800005FB07F2013BC2F1020202FB05F5F7D174
:105190004FF0010B194630221AA80F931DAC109343
:1051A0001293139315931693CDF838B0CDF844B0FD
:1051B000CDF850B01DF050FDDAF80430059803EB3F
:1051C0000B084146FEF710FD8146F0B111AF0DF11D
:1051D00050082046FEF7F4FC2046FEF7F1FC384666
:1051E000FEF7EEFC4046FEF7EBFC2EB1B3681BB1B8
:1051F000484627B0BDE8F08F0DF1380B5846FEF752
:10520000DFFC484627B0BDE8F08F41462046FEF758
:10521000EBFC11AF814610B10DF15008D9E74FEA10
:1052200048013846FEF7E0FC81460028F4D1079B90
:105230000DF150081B680893013374D0002E00F064
:10524000B980B368002B7BD00DF1380B30687168E2
:105250005B46B26807C3DDF81C9051464846FFF72D
:105260007FF80028C0F28180494652462046FFF769
:10527000E3FD81460028ACD16B42129813A91A466F
:1052800007930291534600920FA9019010AA20465D
:10529000FEF7E8FF814600289BD159460598FEF7A6
:1052A00011FD8146002894D113A926AA129B0DA8AE
:1052B000029101250799DDF814B0009118A942F870
:1052C000340D5846019353460B920D95179518953A
:1052D000FEF7C8FF814600287FF47BAF5A4603469D
:1052E00006980832406809925A46CB46A1460432D5
:1052F00004460A92BBF1000F00F097800BF1FF3BD0
:10530000069A926852F8245025FA0BF505F001052B
:1053100085F00102002B63D1002A61D00023E9E768
:105320006FF0030065E707994046FEF7CBFC814626
:1053300000287FF44EAFCDF81C80CDF850B07DE74B
:105340000DF1380B01215846FEF79CFD8146A8B1AE
:105350002046FEF735FC2046FEF732FC3846FEF7C5
:105360002FFC4046FEF72CFC40E707992046FEF74D
:10537000A9FC814600287FF42CAF7DE7DAF8041001
:1053800058468901FEF77CFE814600287FF421AF54
:10539000524659465846FFF74FFD814600287FF494
:1053A00018AF002E3FF457AF5B4607CB30607160FB
:1053B000B26050E70DF1380B01215846FEF762FD4F
:1053C00081460028DAD02046FEF7FAFB2046FEF799
:1053D000F7FB3846FEF7F4FB4046FEF7F1FB0DE71E
:1053E000012B00D132BB129813AA0799534602929F
:1053F00000910190099A0A990598FEF733FF38BB8E
:105400006900129A13AB0598294401921AAA079DC4
:105410000293534602EB8101009501F10802043129
:10542000FEF720FFA0B9012364E7A4B1013C4FF0CF
:105430001F0B65E7129813AA079953460292009131
:105440000190099A0A990598FEF70CFF0028EAD006
:105450004C468146BDE613A9129B4FF0010E0DADDF
:1054600002914C46079901935346009118A90B9A53
:1054700005981995CDF834E0CDF85CE0CDF860E002
:10548000FEF7F0FE814600287FF4A3AE089B0133AF
:105490007FF49FAE069A5368002B3FF49AAE936850
:1054A0001B68DB077FF595AE059A089910461160D9
:1054B0005146FFF793F881468BE600BFB1F5007FB8
:1054C0001BD870B5ADF5007D154606460A460C465C
:1054D00018466946A847054640B168464FF4007132
:1054E0000CF03CFB28460DF5007D70BD2246304691
:1054F0006946FEF769FD0546EFE76FF00300704768
:105500002DE9F04F00239BB00124054609938846FE
:105510000A9301460C9391460D9317AA0F9308A87E
:105520001093129313931593169307AB08940B944F
:105530000E94119414940794179418941993FFF7E8
:1055400075F88346002837D1099F8FB10A9E01461E
:10555000043E56F8044F002203E0202A01F1010125
:1055600025D024FA02F3013213F00103F5D00F46DF
:105570000BAE08A93046FEF7A5FB834618B314AB63
:1055800011AC0DF1380A029308A8FEF719FB30465A
:10559000FEF716FB5046FEF713FB2046FEF710FB06
:1055A0000298FEF70DFB58461BB0BDE8F08F0130A6
:1055B000B842CED11F46DBE714AB0BAE11AC0DF1F8
:1055C000380A0293E0E739463046FEF7ABFD8346E2
:1055D0000028D4D12846FEF7C9FC40F21353984264
:1055E00016D840F25133984200F2C88040F2892325
:1055F000984200F2C680B0F5AF7F80F0CD80F928E8
:1056000000F2CD80962834BF1B231223049301E0BF
:1056100002230493002311AC0397059369684B465A
:10562000424620468900FFF749FF8346002840F0A4
:105630009D8008A92046FEF793FE002810DB204637
:10564000FEF794FC824608A8FEF790FC0AF10101DF
:10565000091A2046FEF766FD8346002840F0868042
:10566000139A4FF0200A039F136843F0030313605B
:1056700069684B46424620468900FFF71FFF002815
:1056800073D12046FEF772FC834608A8FEF76EFC35
:10569000834563D8BAF1010A08A920466BD0FEF70A
:1056A0005FFE0028E4DA012317A920460793179329
:1056B000189307AB1993FEF753FE0028D8DD14ABFF
:1056C000039714AF3246009321462B46204602979B
:1056D000FFF726FD834600284AD108A92046FEF799
:1056E0003FFE002850D0012317A9204607931793A7
:1056F000189307AB1993FEF733FE002844D0039BA1
:10570000012B50D94FF0010A039F19E00EA8FEF7B4
:10571000E5FF2A460EA9002859D12046FFF78CFB49
:1057200017A9002853D101232046079317931893F4
:1057300007AB1993FEF714FE002833D0574531D03C
:105740000EAB08A920460AF1010A0393FEF708FEF2
:10575000224621460028D9D1039729E0C0EB0B014E
:105760002046FEF7DFFC002894D0834614AB02935A
:105770000DF1380A08E76FF00D0015E703230493D5
:1057800048E70423049345E7059B049A01339A42B2
:1057900005937FF443AFEBE7082304933AE70C2328
:1057A000049337E7039708A92046FEF7D9FD58B9B7
:1057B000012317A9204607931793189307AB199352
:1057C000FEF7CEFD0028DFD16FF00D0BD0E7DDF83E
:1057D0000CA08346D8E600BF2DE9F0478EB0002329
:1057E0000124074605A815460294059408940393DE
:1057F00004930693079309930A93FEF763FA70B133
:10580000824608AC02A8FEF7DBF905A8FEF7D8F936
:105810002046FEF7D5F950460EB0BDE8F08708AC3B
:1058200029462046FEF74EFA82460028EAD1DDF8E6
:1058300018E0BEF1000F00F0D780079E0146043E3D
:1058400056F8045F002204E0202A01F1010100F073
:105850009E8025FA02F3013213F00103F4D0099E71
:10586000C6B10A9B4FF0000CA3F1040E60465EF82F
:10587000045F002204E0202A00F1010000F08D8086
:1058800025FA02F3013213F00103F4D0814228BF5C
:1058900001460E46314605A8FEF744FC8246002824
:1058A000B0D131462046FEF73DFC82460028A9D102
:1058B000012381460DF104081D46089305930BA9A9
:1058C00005A8CDF804900B950C95CDF83480FEF723
:1058D00047FD00287AD00699A1B1079B4FF0000A36
:1058E000A3F1040C50465CF804EF002203E0202AE8
:1058F00000F1010040D02EFA02F3013213F001034F
:10590000F5D0014605A8FEF70DFC824600287FF47D
:1059100079AF099991B10A9B8646A3F1040A5AF816
:1059200004CF002203E0202A0EF1010E2AD02CFA27
:1059300002F3013213F00103F5D071462046FEF761
:10594000F1FB824600287FF45DAF214605A8FEF7F3
:1059500007FD002828DB05A922460846FEF7F6FDCC
:10596000824600287FF44EAF012105A8FEF7DAFB3E
:1059700082460028A3D045E70AF1010A5145B2D179
:105980001946BFE701308842C9D11946D6E7013030
:1059900086457FF455AF194661E70CF1010CB4451B
:1059A0007FF465AF1E4675E705AA21462046FEF73F
:1059B000CDFD824600287FF425AF01212046FEF769
:1059C000B1FB824600283FF47AAF1BE73146204600
:1059D000FEF756FB824600287FF414AF3846214676
:1059E000FEF770F982460DE7714638E72DE9F04F72
:1059F000A5B001270E4614461EAD009021A9104601
:105A00001E97219722972395FEF7AAFC002840F3C2
:105A1000148100232246314606A80A930B930D9366
:105A20000E93109311931393149307930893169363
:105A3000179319931A931C931D931F9320930997FF
:105A40000C970F9712970697159718971B971E9705
:105A5000FFF7C2FE034660B30DF1240A0CAE0DF150
:105A600054080DF160090FAA0DF1480B01921BAF0C
:105A700050460093FEF7A4F83046FEF7A1F80198CF
:105A8000FEF79EF85846FEF79BF806A8FEF798F832
:105A90004046FEF795F84846FEF792F83846FEF77E
:105AA0008FF82846FEF78CF8009B184625B0BDE815
:105AB000F08F05AB21A906A805972197229723937C
:105AC000FEF74EFC10B16FF00D03C5E70DF1240A8F
:105AD000314622460CAE5046FFF7AEF90346002889
:105AE000BDD151463046FEF7EDF80DF1540803469E
:105AF0000028B6D121464046FEF7E4F80DF16009D2
:105B000003460028AFD121464846FEF7DBF803469E
:105B10000028A8D10FAB39460DF1480B1846019368
:105B2000FEF7B0F903460028A1D101465846FEF71A
:105B3000A9F91BAF034600289AD101463846FEF763
:105B4000A1F90346002893D101212846FEF79AF9CE
:105B5000034600288CD10394019C02900E9B1B6885
:105B6000DA0726D46CE0FEF7DDFA42463946002813
:105B700061D11D9B38461B68DB0703D4209B1B6843
:105B8000DB070AD5FEF72AFD52462946002852D1E6
:105B90002846FEF74BFD00284DD101213846FEF77F
:105BA000C1FA0121002846D12846FEF7BBFA002899
:105BB00041D11A9B012148461B68DB07D3D54946D2
:105BC0003046FEF7CDFB002864DB4A4631463046BE
:105BD000FEF72CFD00282ED13A4621462046FEF73E
:105BE00025FD40BB2A4659465846FEF71FFD10BB0F
:105BF000029B21A93046059301232193229305ABF3
:105C00002393FEF7ADFB0028A8D1039C0290029BD2
:105C100021A93846059301232193229305AB2393B1
:105C2000FEF79EFB002822463946384624DAFEF766
:105C3000D5FC0028EBD003461AE76FF0030035E7E8
:105C400001213046FEF76EFA0028F4D1119B1B6843
:105C5000D80735D4149B1B68D90731D401212046BD
:105C6000FEF760FA0028E6D101215846FEF75AFAFD
:105C700000283FF473AFDEE721463846FEF770FB9D
:105C8000002822463946384629DBFEF7CFFC00289B
:105C9000F2D0D0E7324649464846FEF7C7FC002816
:105CA000C9D1224639463846FEF7C0FC0028C2D189
:105CB0005A4629462846FEF7B9FC002898D0BAE78C
:105CC000424621462046FEF789FC0028B3D15246C1
:105CD00059465846FEF7AAFC0028BFD0ABE700980B
:105CE000FDF7F0FF0346C3E62DE9F04188B04668B2
:105CF00080680124002301AD0F46049005A902A885
:105D00009046039602940594069401930795FEF736
:105D100027FB38B305A902A80194059406940795BA
:105D2000FEF71EFBF0B1022305A902A80594069414
:105D300007950193FEF714FB18B9002008B0BDE8E1
:105D4000F08102A8FFF7B8F920B10128F5D008B01A
:105D5000BDE8F0814246394602A8FFF7D1FB08B002
:105D6000BDE8F0816FF00D00E8E700BF2DE9F04FCE
:105D700040F6FD77A1F1030E8DB0BE45169E00F2F0
:105D8000C68011F01F0A02924FF001021D464FF02B
:105D90000003044618BF92468B4607930AEB511A3C
:105DA0000893DFF890914FEA8A0706924FEA4A1A61
:105DB000A7F104080197C1EB0A03039333462A466F
:105DC00001992046FFF77AFBB0B9A36853F8082081
:105DD0004A45F3D9D3451AD3D3F800E03246029F9F
:105DE00029464EF0010C2046C3F800C0BFB9FFF7AA
:105DF0007BFF10F10E0FE1D0034606AF384601934A
:105E0000FDF7DEFE019B18460DB0BDE8F08F03994B
:105E10002046FEF787F90028EED1A368DCE74EF0B4
:105E200003070322214604A81F60FDF797FE0346DF
:105E300000286AD1049B002B6CD0012B55D006AFF3
:105E400021463846FDF73EFF03460028D6D1012102
:105E50003846FEF767F903460028CFD14FF00C0A09
:105E60004FF001080DF1140922E013F10E0F09AAF9
:105E700021462046C2D1CDF814A0CDF82480CDF81B
:105E80002880CDF82C90FEF7A9FB03460028B5D159
:105E9000062309AA394638460593CDF82480CDF863
:105EA0002880CDF82C90FEF799FB03460028A5D159
:105EB0002046FFF701F903460028D6D13846FFF700
:105EC000FBF803460028D0D1324629462046FFF78A
:105ED00017FB03460028C8D1324629463846FFF74B
:105EE0000FFB03460028C0D188E74FF0040E05AF32
:105EF00009AA2146204609930A93CDF814E00B978E
:105F0000FEF76CFB0346002899D006AF76E76FF0EA
:105F1000030079E70820012305AF09AA059021466F
:105F2000204609930A930B97FEF758FB0346002877
:105F3000EBD184E733F304B52DE9F04F9FB0002394
:105F4000012482467E4A06A81021069409940C94E6
:105F50000F94129415941894079308930A930B9333
:105F60000D930E9310931193139314931693179309
:105F700019931A93FEF736FC20B3834609AC0CAD97
:105F80000FAE15AF0DF160080DF14809BAF1000F21
:105F90002AD106A8FDF714FE2046FDF711FE28467B
:105FA000FDF70EFE3046FDF70BFE4846FDF708FEF6
:105FB0003846FDF705FE4046FDF702FE58461FB085
:105FC000BDE8F08F09AC5F4A10210CAD2046FEF70A
:105FD00009FC834640B30FAE15AF0DF160080DF11B
:105FE0004809BAF1000FD4D0594657481CF040FE7A
:105FF00006A8FDF7E5FD2046FDF7E2FD2846FDF782
:10600000DFFD3046FDF7DCFD4846FDF7D9FD38469B
:10601000FDF7D6FD4046FDF7D3FD0A201CF03CFEFF
:1060200058461FB0BDE8F08F484A102128460FAEF1
:10603000FEF7D8FB834628B115AF0DF160080DF1CE
:106040004809A3E72A4606A9304615AFFEF746FBE6
:10605000834620B10DF160080DF1480996E73C4AEE
:1060600010213846FEF7BEFB83460028F2D1BAF174
:10607000000F19D139463046FEF772F938B10DF1EB
:1060800060080DF1480906A84FF0010B82E70DF1F9
:1060900048092B4606AA30464946FEF79FFC834630
:1060A00020B30DF1600874E72A481CF0E1FD394681
:1060B0003046FEF755F948B10DF160080DF1480979
:1060C00025481CF0F9FD4FF0010B8DE70DF1480953
:1060D00022481CF0F1FD2B46494606AA3046FEF741
:1060E0007DFC834608B30DF160087DE71C4A102152
:1060F0003846FEF777FB83460028D2D10DF16008C1
:10610000184A10214046FEF76DFB834600287FF4B5
:106110003DAFBAF1000F40F0B18039463046FEF78E
:106120001FF908B34FF0010B33E70D4A1021384631
:10613000FEF758FB83460028E0D00DF1600825E704
:106140009416002018170020E41900209C17002046
:1061500000180020E018002048160020F815002044
:10616000FC1800202019002041464846FEF7F8F8A8
:10617000002888D1CDF800A02B46224606A930463B
:10618000FEF7CEFF834600287FF403AF724A10214A
:106190003846FEF727FB834600287FF4FAAE3946DF
:1061A0003046FEF7DDF800287FF46DAF2A4606A9D9
:1061B0003046FFF71BFC834600287FF4EAAE674AAF
:1061C00010213846FEF70EFB834600287FF4E1AE2F
:1061D00039463046FEF7C4F800287FF454AF604BD0
:1061E0000022C346B8462F4625461C46029254F864
:1061F000081C3046FDF746FE0346002840F0A58007
:1062000054F8041C4846FDF73DFE4A460346314615
:10621000002840F09A8006A8FFF7DEFA1BA9034683
:10622000002840F0928022680123039006A882EAA9
:10623000E27E002A1C9305ABAEEBE27EB4BF4FF0CA
:10624000FF3201221D93CDF814E00C341B92FEF7AF
:1062500087F8039B00286BD1029A0132032A02922D
:10626000C5D12C463D464746D8469B46BAF1000F5D
:106270003FF48FAE3B481CF01FFDB9E63A481CF0D6
:10628000F7FC39463046FEF76BF800287FF418AF6C
:1062900041464846FEF764F8834600287FF410AF75
:1062A00030481CF009FDCDF800B02B46224606A967
:1062B0003046FEF735FF834600287FF495AE264A28
:1062C00010213846FEF78EFA834600287FF45EAE32
:1062D00026481CF0CDFC39463046FEF741F8002830
:1062E0007FF4EEAE1F481CF0E7FC2A4606A93046B4
:1062F000FFF77CFB834600287FF476AE174A102117
:106300003846FEF76FFA834600287FF43FAE184800
:106310001CF0AEFC39463046FEF722F800287FF428
:10632000CFAE10481CF0C8FC12481CF0A1FC56E788
:106330002C463D464746D846BAF1000F3FF4A3AE7F
:1063400002990D481CF094FCBDE62C463D4647469C
:10635000D8469B461AE600BF0C1A00206C1A002093
:10636000D8560260F8150020801900209C190020E2
:10637000B8190020D01A0020D41900202DE9F0030C
:106380000B680468496840686340214D4840C3F386
:10639000074705EB136155FA83F605EB10682F44A8
:1063A00091F80011C3F3072C96F8006298F80033B7
:1063B00055FA80F897F8009346EA0166C0F307277C
:1063C00098F80011C0F3074846EA09462F4441EA0D
:1063D000036115F8083015F80C0041EA034197F8FD
:1063E000003246EA0020146841EA032380EA336160
:1063F000506883EA314381EA3321634080EA010532
:1064000083EA312182E82200BDE8F003704700BF33
:10641000F45602604FF48A7200211CF01DBC00BFCC
:1064200018B14FF48A710BF099BB70472DE9F04F0A
:10643000C5B01646041D0746019240220D460021B4
:106440000DEB02001CF008FC20464FF4887200217E
:106450001CF002FCC02E00F01B82B6F5807F00F01D
:106460001782802E04D06FF0230045B0BDE8F08F76
:1064700003234FF004094FF0150810263B6000235A
:1064800002936A1E0DF13F010023013312F8010F40
:10649000B34201F8010FF8D3019BC02B00F0038237
:1064A000744904AD4FF0CC0C4FF07F0E66279E234D
:1064B0000020CDF80CC04FF08B0BF4464FF0900A43
:1064C000BE463B222F46A026054608461946CC2349
:1064D0000CE0067A0830417890F802E090F803C0AA
:1064E0000279437990F806A090F807B009040837BC
:1064F0001B0441EA066604A943EA026346EA0C0269
:1065000043EA0B0342EA0E2243EA0A2341F835200C
:10651000013547F8043C062DDBD14022002120A89C
:106520001FAD1CF099FB0DF161060DF141000378E0
:10653000043010F8051C1B0410F8022C43EA016318
:1065400010F8031CB04243EA020343EA012345F872
:10655000043FECD120A924A851F8043BCA68814229
:1065600083EA0203CB61F7D104A92AAA28A827ADA0
:10657000FFF704FF2AA806A928AAFFF7FFFE29466D
:106580002BA851F8042F51F8203C884283EA0203DB
:106590000B60F6D12AAA08A928A8FFF7EFFE28AABF
:1065A0002AA80AA9FFF7EAFE019B802B12D923A98A
:1065B00051F8042F0B698D4283EA02030B62F7D175
:1065C0000CA92EAA2CA8FFF7D9FE2CAA2EA80EA93A
:1065D000FFF7D4FE029B0121219A0DF1C00E4FEA74
:1065E000031A254B0D46319203EB0A07209B239A91
:1065F00076463093229B33923293C5EB05130135D7
:10660000E1B103F01F033199309AC3F120009A40A1
:10661000C1404A403261319A32999A40C1404A4061
:106620007261329A33999A40C1404A40B261309ABD
:106630003399C24001FA03F35340F361052D06F18B
:1066400010060AD017F8011FC5EB05130135002904
:10665000D7D1052D06F11006F4D1029943AF8B0076
:106660001A4603937346511800224FEA011B03494F
:10667000594407E0F45A0260245B0260445B026004
:1066800011F9012F561C02D0186844F822009F42CD
:1066900003F10403F4D1019B802B42D9249B0AF11E
:1066A000040C8649764630930F25269B8C44259A08
:1066B0003293279B3192339305F01F031CF8012B73
:1066C0000F35C3F12001C2B13098319A9840CA40C9
:1066D000424032613198329A9840CA4042407261D9
:1066E0003298339A9840CA404240B2613398309A07
:1066F00000FA03F3CA405340F3614B2D06F1100634
:10670000DAD10BF113016E4A44A87346114411F912
:10671000012F551C02D01D6844F8225004339842C2
:10672000F5D1289B0AF1090C644D0122299976467E
:106730002A98AC44309315462B9B31913393C5EB8B
:10674000051332900135E2B103F01F033199309AFD
:10675000C3F120009A40C1404A403261319A3299D7
:106760009A40C1404A407261329A33999A40C1407E
:106770004A40B261309A3399C24001FA03F3534060
:10678000F361052D06F110060AD01CF8012BC5EBAC
:1067900005130135002AD7D1052D06F11006F4D1D5
:1067A0000BF12802464973460A4401E012F9019FA1
:1067B000B9F1FF3F02D0196844F829109F4203F154
:1067C0000403F3D1019B802B43D92C9B0AF10C05C8
:1067D0003A4977462D9A0F260D4430932E992F9BD8
:1067E00031923291339306F01F0315F8012B0F36C7
:1067F000C3F12001C2B13098319A9840CA4042405A
:106800003A613198329A9840CA4042407A6132984F
:10681000339A9840CA404240BA613398309A00FA9D
:1068200003F3CA405340FB614B2E07F11007DAD146
:106830000BF13B02224B44A81A4412F9013F591CA8
:1068400003D0DEF8001044F823100EF1040E70455A
:10685000F3D10298039A430011461A4A03440144B3
:106860001B0102EB810203F1D0008033204423445A
:1068700001E012F9018FB8F1FF3F02D054F828105F
:10688000196004339842F4D1002045B0BDE8F08F80
:106890000423019A4FF0FF394FF019083B600123A0
:1068A000D6080293EDE50DF14F030DF1570113F8F2
:1068B000012FD2438B421A72F9D1F1E5245B0260B9
:1068C000445B0260E45B02602DE9F041C6B00C4617
:1068D000154600214FF48A72804601A81CF0BCF9CD
:1068E0002A46214601A8FFF7A1FD0746002842D10C
:1068F000019B02A808F1140E08F11C02A3F1040682
:10690000C8F80030B6FA86F67609F31CF6009B014B
:1069100006F1160100EB030CC358DCF80400ACF1DF
:106920000805C8F80430ACF11003C8F80800DCF81A
:106930000840DCF80C00C8F80C40C8F810009C684F
:106940000139D86802F1080242F8104CA3F108039B
:1069500042F80C0CF3D17342153605EBC3030EEB72
:10696000C606A3F1B800A83B07C853F8043CB060C2
:10697000F1603261736101A84FF48A710BF0EEF897
:10698000384646B0BDE8F0812DE9F04192F805C0E7
:106990001D4692F804E084B0547A4FEA0C4792F80E
:1069A000088000F1140647EA0E6C5178240492F82E
:1069B00007E0537B090444EA08674CEA0E0E947919
:1069C0001B0492F800C092F80C804EEA042E41EAB3
:1069D0000C6C8168D47A43EA08638EEA010ED17B9D
:1069E0003C43977A0B43D17844EA0724C7684CEAC2
:1069F000010192F80EC092787C4043EA0C230769AB
:106A000041EA022142687B40076881EA020CCDF826
:106A100004E002940393CDF800C0002F4BD034461D
:106A2000B84619E0206B40340099019A0840039B56
:106A300082EAF072019254F80C0C1043484002991B
:106A4000009054F8042C1A434A40029254F8081C4F
:106A50000A4083EAF273039302AA2146684608F1CA
:106A6000FF38FFF78BFC6A4604F1080102A8FFF724
:106A700085FC02AA04F110016846FFF77FFC6A4614
:106A800004F1180102A8FFF779FC02AA04F1200121
:106A90006846FFF773FC6A4604F1280102A8FFF775
:106AA0006DFCB8F1000FBDD106EB8716029C039B6D
:106AB000103E9DE800503268002084EA02070297E9
:106AC0003C0E726853400393B168F2688CEA01018E
:106AD000EB718EEA0202EF704FEA116EE9720E0C52
:106AE000EA73090A85F808E06E724FEA126E160C16
:106AF000A972120A85F80CE0190E6E73AA731E0CA7
:106B000029711B0A390C6E713A0AAB712C706970CD
:106B1000AA7004B0BDE8F0812DE9F047160784B0F3
:106B20000C9C0D9D59D1174680468A461E4669BB6E
:106B300042B303F1FF392068EE466168A268E3685A
:106B4000AEE80F002B46002122464046FFF71CFF0F
:106B50006B1E494605F10F0E13F8010F11F8012FB6
:106B6000734582EA00021A70F6D1EE46103F04F136
:106B7000100405F11005BEE80F0030607160B260CE
:106B8000F360D8D1002004B0BDE8F087002AF9D026
:106B9000013C03F1FF3949466A1E04F1100E14F856
:106BA000010F11F8013F744583EA000302F8013F29
:106BB000F5D12B462A4651464046FFF7E5FE2868A8
:106BC0006968103FAA6805F1100555F8043C30606B
:106BD0007160B260F360DED1D4E76FF02500D2E7D8
:106BE0002DE9F047089E9A4681461C68DDF824800E
:106BF0000A9FA9B17AB1013F15465CB3315D621CB1
:106C000018F8013B013D83EA010307F8013F3355C2
:106C100002F00F04F1D1CAF800400020BDE8F0876F
:106C2000002AF8D0154674B1335D611C18F8012BA9
:106C3000013D83EA020307F8013B325501F00F04DE
:106C4000E9D0002CF0D13346324601214846FFF707
:106C50009BFEE9E73346324601214846FFF794FEA2
:106C6000CCE700BF2DE9F84FDDF828909346146873
:106C70000B9FDDF8308089B182461E460D4694B1E7
:106C800019F80420013D17F8013B04F1010483EADF
:106C9000020304F00F0408F8013BF0D1CBF80040E8
:106CA0000020BDE8F88F32464B4601215046FFF7E1
:106CB0006BFE06F1100212F8013D0133DBB21370D6
:106CC000002BDDD19642F6D1DAE700BF2DE9F04F77
:106CD0004FF0000AFDB02022069051461FA80DF18A
:106CE0002C0B0DF13C091BF0B7FF4FEA6A06069B1F
:106CF0000AF00107B41C002B40F046814FEA8418CB
:106D0000E30000240593B04B03EB8615C03303EB7F
:106D100046130793059A29461FA81BF0D1FF424648
:106D20001FA937A8002F40F00C81FFF7CDFD079B6E
:106D3000DC46A64A234402EB040E186859684E4606
:106D40009A681034DB682035ACE80F00DEF80000EC
:106D5000DEF80410DEF80820DEF80C300FC65A46C4
:106D6000394627AB37A8FFF70FFE1022494627A860
:106D70001BF05AFF002840F06181202CCAD1069BED
:106D8000002B40F01C810AF1010ABAF1060FACD1C8
:106D9000069B002B40F0708100230893089B5C1039
:106DA00003F001030593A51C069B002B40F0FB801C
:106DB000AE01874B0FCB8BE80F00854B0FCB89E8DB
:106DC0000F00844BEA001FA803EB44111BF078FF6F
:106DD000059B32461FA937A8002B40F0E180FFF742
:106DE00073FD04EB440400267B4B03EB0413344691
:106DF00007937A4B5F46079A5D4603EB040C059BAD
:106E000002EB040A4E46CDF82490002B40F0A380FC
:106E100013AD9BE80F0085E80F00DAF80000DAF800
:106E20000410DAF80820DAF80C300FC7DCF800009C
:106E3000DCF80410DCF80820DCF80C300FC627ABB7
:106E40001022059937A8019313ABCDF800B0103488
:106E5000FFF762FE1022494627A81BF0E5FE002836
:106E600040F0EC80302CC4D1069B0546002B40F04E
:106E7000EC80089B0133062B08938FD1069B002BD7
:106E800040F0068100274FF01009DFF878B13C464A
:106E90004E46DDF818A0059507F001085048013767
:106EA000BAF1000F07D04F494F4BB8F1000F08BFA0
:106EB00019461BF0DDFE250100224C490DF15C0E48
:106EC0000BEB05030A920D4403F5F1630FCB8EE83B
:106ED0000F0095E80F001FAD85E80F00294604EB71
:106EE0004405802237A8FFF7A1FA414B2D01324615
:106EF00027A87C105919B8F1000F40F085801BF0CD
:106F0000DFFE27AB1BAA3146029337A8019317ABCC
:106F100000920AAAFFF7A6FE364B324627A8591957
:106F20001BF082FE002840F08980BAF1000F40F08B
:106F30009080062F0BEB840300F09380D3F8086950
:106F4000AAE742461FA937A8FFF770FA1F4BDC4695
:106F5000079A2344EFE699E80F0013AE86E80F0086
:106F6000DCF80000DCF80410DCF80820DCF80C3059
:106F70000FC5DAF800004D46DAF80410DAF80820F8
:106F8000DAF80C300FC55AE7174B4FEA8418154A48
:106F900041461948002F08BF1A461BF069FEAFE6AC
:106FA000FFF744FA1DE70599AE010F4B0D4A134850
:106FB000002908BF1A4631461BF05AFEF9E6104870
:106FC0001BF07AFEDFE600BF0C5C02602C5D026005
:106FD0004C5D02605C5D0260BC5D02604C5E026004
:106FE000281B0020D4150020D0150020AC5E0260C4
:106FF000DC5E02606C5F0260F01A00200C1B002057
:10700000F8150020F4560260234B324627A8591980
:107010001BF056FE27AB1BAA3146029337A80193FB
:1070200017AB00920AAAFFF71DFE1C4B324627A899
:1070300059191BF0F9FD00283FF477AF069BFBB907
:10704000012528467DB0BDE8F08F15481BF034FEC1
:107050000FE713481BF030FE062F0BEB84037FF481
:107060006DAF069B059D002BEBD00A201BF014FE94
:1070700028467DB0BDE8F08F0A201BF00DFE8BE6A0
:10708000012508481BF018FE28467DB0BDE8F08FAA
:107090000A201BF001FEF5E66C5F0260DC5E026018
:1070A000F8150020481600202DE9F04F9BB00793FB
:1070B0002A9B0390022BDDF89890289E00F099817E
:1070C000102B00F296812A9BDB0700F19281249B12
:1070D000073B062B00F28D81B9F57F4F00F28981C5
:1070E0002A9BB9F1000F9DF890409246A3F102024D
:1070F0008B4608BF0023C4F10E0118BF402352087D
:10710000C4F10F041AAF43EAC2030DF13900CAB249
:107110000799E4B215460992249A2B43C5F10F054D
:10712000089407F8303D04951BF0CAFD791912AA9E
:107130005346279D02F8013D8A424FEA1323F9D1B5
:107140002795002B40F055810DF137011A4612ACFE
:107150009E46084606910DF147011293139305913F
:107160001493159301E014F801EF10F8013F013278
:107170008EEA0303102A01F8013FF4D112AB0DA8E7
:10718000279500901946039800F0F4FC0446002867
:1071900040F00C81B9F1000F71D04B46C9F30728BC
:1071A0000E940DF13A000E2B7C60BC6028BF0E23BC
:1071B000FC6025991A460A938DF839908DF838802D
:1071C0001BF07EFD059B22463846279D194601E0AF
:1071D00010F8018F13F8014F013288EA0404102AD5
:1071E00001F8014FF4D10DAB2795039D009312AB2D
:1071F0002846194600F0BEFC002840F0D7800A9AC5
:10720000B9EB020319463AD01346259ACDF828B0B7
:1072100004461344CDF82CA028960DF15708994642
:10722000AB46DDF818A00E46102E354649463846C6
:1072300028BF10253C607C602A46BC60FC601BF0C7
:107240003FFD5046059911F8012F10F8013F4145C7
:1072500083EA02030B70F6D10DAB1022584600935F
:1072600012AB194600F086FC002840F09F80761B88
:10727000A944D9D1DDF828B0DDF82CA0289E9DF8CE
:1072800024300DF1680907990DF15900249A09F885
:10729000103D1BF015FD249B0021089A581C484402
:1072A0001BF0DAFC01238DF86730BAF1000F58D0DB
:1072B0000DF15708279D5446102C28BF1024BBF110
:1072C000000F21D1294622463846C7F800B0C7F83A
:1072D00004B0C7F808B0C7F80CB01BF0F1FC069872
:1072E000059911F8012F10F8013F414583EA020387
:1072F0000B70F6D10DAB10220398009312AB194618
:1073000000F038FC002851D10DAB102249460398FB
:1073100000933B4600F02EFC002847D103461AAAF2
:10732000295C1A44013312F8302CDBB24A409C42EB
:1073300032541846F3D8BBF1010F3AD0049B2644CF
:107340002544C4EB0A0A1AAA09EB030112F8013D0D
:107350000133DBB213700BB99142F7D1BAF1000FD0
:10736000A9D1049B00224B4419461AAB03F8012D06
:107370009942FBD10DAB49460398102200933B463E
:1073800000F0F8FB90B90DF15701059B069813F832
:10739000014F10F8012F994282EA04021A70F6D1C7
:1073A0002A9A12A929981BF08BFC00201BB0BDE87B
:1073B000F08F00233146224638463B607B60BB603D
:1073C000FB601BF07DFC0698059911F8012F10F861
:1073D000013F414583EA02030B70F6D10DAB102249
:1073E0000398009312AB194600F0C4FB0028A5D007
:1073F000DCE76FF00C001BB0BDE8F08F40220021ED
:107400001BF02ABC2DE9F04105461746084601222B
:1074100019461E4600F0A6FAA8B143690446102B8F
:1074200011D1284600F0B6FA2146284600F0C2FAEB
:1074300008B1BDE8F0813246394628460123BDE84F
:10744000F04100F0E3BA6FF00C00BDE8F08100BF3E
:1074500010B5044600F09EFA40212046BDE81040D9
:107460000AF07CBB30B589B0119D9DB106951C46D4
:107470000E9D13460A46109903950D9D05910295A0
:107480000F990C9D049100218DE83000FFF70CFE50
:1074900009B030BD6FF00C00FAE700BFF0B589B05D
:1074A0000F9E119C0E9F109D02960494139E129C99
:1074B000009313460A46002101970395059406960A
:1074C000FFF7F2FD09B0F0BD2DE9F0418CB0884620
:1074D0000121129F08AD139E159C01970296149FDF
:1074E000179E00931346059542460397049406960B
:1074F000169DFFF7D9FD80B996B1014603460CAA47
:10750000695C1A44013312F8102CDBB24A409E42E7
:10751000194640EA0200F2D820B90CB0BDE8F0816B
:107520003046FAE7204641460AF018FB6FF00E009D
:10753000F3E700BFF0B50A9C05AD95E8E0401CB14B
:10754000BDE8F040FFF7C0BF6FF00C00F0BD00BF1A
:107550002DE9F04FA5B040220021814614A81BF070
:107560007BFB14A88023534A0221FFF74BFF00BB8B
:10757000514F082304264FF0010A089307F10C032A
:1075800007F130053446099307F118034FF0070B54
:10759000B8460A9307F124030B93B9F1000F67D1A2
:1075A00096B9B9F1000F7FD10124204625B0BDE87E
:1075B000F08FB9F1000FF7D0012440481BF058FBC1
:1075C000204625B0BDE8F08F0CAF3D4B0899224610
:1075D00003933B19029114A83A49059301910021A4
:1075E0000696CDF800B00497374BFFF75DFD0028F5
:1075F000D7D1A219294638461BF016FB0028D0D156
:107600002A19089805965B462E4E2146019014A82B
:107610000492A6F12402039702950096FFF754FF07
:107620000028BED122463846A6F118011BF0FCFA0C
:1076300004460028B5D1B9F1000F31D1BAF1030FDA
:1076400005F120051BD0099B0AF1010A58F804BF77
:107650001A4652F8043F08930A9B099253F8044FC4
:107660000A930B9B53F8046F0B93B9F1000F97D05B
:10767000514616481BF0FCFA002E92D0A4E714A83D
:1076800000F088F914A840210AF068FAB9F1000F57
:107690008BD00A201BF000FB204625B0BDE8F08F00
:1076A0000B481BF009FBC9E70A4801241BF004FB47
:1076B0007BE700BF0860026018600260441B002086
:1076C000B4600260CC600260A8600260581B0020B9
:1076D000F815002048160020891A0BD030B4002479
:1076E000CDB2234601330444DBB2A55499421C4673
:1076F000F8D830BC704700BF48B3F0B4B2FA82F497
:10770000640934BB431813F8016CB6FA86F38F1B77
:107710005B091760B14238BF43F0010389B10138FA
:107720002246974210F8014F02F101028CBF00255A
:1077300001257440914214FB05F443EA0403DBB2D3
:10774000EFD1002B044808BF0020F0BC704703486D
:1077500070470248F9E700BF009EFFFF009FFFFF50
:10776000891A8023012983540BD930B401240025C0
:10777000234601330444DBB2A55499421C46F8D891
:1077800030BC704770B48D1A012D0AD90124013A1A
:107790000026234601330444DBB2A6549D421C4616
:1077A000F8D8084400F8015C70BC704740B3F0B4EE
:1077B000B2FA82F464092CBB4D1E475DB7FA87F319
:1077C000CE1B5B091660B9422CBF194643F001017C
:1077D00085B1013823469E4210F8014F03F10103A1
:1077E0008CBF002201229D4214FB02F241EA0201F9
:1077F000C9B2F0D10029044808BF0020F0BC70478E
:10780000024870470148F9E7009EFFFF009FFFFF15
:107810008A4206D202440144002302F8013B8A4214
:10782000FBD1704728B1B2FA82F0400908B9116063
:1078300070470148704700BF009FFFFF20B3F0B4BE
:10784000B2FA82F56D090DBB1560D9B146182F4605
:10785000802016F8014D0139002C0CBF3C4647F042
:10786000010484EA0703274601FB03F4254315605E
:10787000347814FB03F34340D8B20029E9D108B9A6
:10788000F0BC70470248FBE7024870470148F7E741
:10789000009EFFFF009FFFFFE0B170B4B2FA82F5D7
:1078A0006D09CDB9156091B108442E4610F8013D1F
:1078B000002B0CBF334646F0010383EA06041E4644
:1078C00001FB04F3013945EA03051560EED1002000
:1078D00070BC7047014870470048F9E7009FFFFF00
:1078E000094803686BB9094A094913782BB141F873
:1078F000043B12F8083F002BF9D1002201230A6053
:1079000003600348704700BF90EC002078A9026034
:10791000E0ED002070B578B1084C656855B10646B9
:1079200001E0656835B13146A86808341BF09CF960
:107930000028F6D1284670BD0546FBE778A902600D
:10794000074B5A6852B11978814204D106E013F806
:10795000081F814202D0DA68002AF8D11046704729
:1079600078A9026030B4084C636853B19D6908344B
:107970002D788542F8D15D688D42F5D15D789542CC
:10798000F2D1184630BC704778A90260402200212D
:107990001BF062B968B110B50446C06B18B123681A
:1079A0009B691B6A984720464021BDE810400AF0B9
:1079B000D5B87047E9B170B5B0FA80F406466409ED
:1079C000ACB90D46402221461BF046F9AB69DB6994
:1079D0009847F06378B16B783560022B01D0204670
:1079E00070BD064A2046064BF260336170BD054803
:1079F00070BD04487047044870BD00BFD976006070
:107A0000F9760060009FFFFF809EFFFFF0B130B469
:107A10000468C4B12569AD0712D5012B4260037219
:107A200009D06578033D022D05D963B9A369C06B00
:107A30009B6930BC1847A369C06B5B6930BC1847B1
:107A400065689542E9D0024830BC704700487047ED
:107A5000009FFFFF0346002827D002685278022AC1
:107A600023D1042923D8DFE801F0080E141A0300FB
:107A70000020104AD8601A6170470F4900200F4A51
:107A8000D9601A6170470E4900200E4AD9601A6108
:107A900070470D4900200D4AD9601A6170470C49A2
:107AA00000200C4AD9601A6170470B4870470B4898
:107AB000704700BF25780060D9760060F9760060D5
:107AC000617700603D78006085770060AD77006089
:107AD0001178006099780060009FFFFF809FFFFF92
:107AE000C8B138B50368A3B199B1102A0FD81C6981
:107AF000E4070AD4DD68AA420BD304462A4628309C
:107B00001BF0DEF8A563002038BD1546F5E70348F5
:107B100038BD034838BD0248704700BF809FFFFF53
:107B2000009FFFFF28B103681BB100234362184682
:107B300070470148704700BF009FFFFFB0B1036866
:107B4000A3B15B78062B01D00020704730B51546F5
:107B500083B00C46836B90F9081000F12802C06BCB
:107B60008DE8300005F03CFC03B030BD00487047A4
:107B7000009FFFFF2DE9F04F85B00E9D002800F01B
:107B800082800F4604460168002D7CD01646B1FA6B
:107B900081F25209002A76D148782A600128D1F86A
:107BA000149024D0062800F08780B9F1000F00F06F
:107BB000D0809F4298465ED0022826D0032800F04D
:107BC0008480052874D1896904F11402E06B04F102
:107BD0002803CDF808808DE8840004F124020C69A4
:107BE0003146A04700B92E6005B0BDE8F08F4E4584
:107BF0007ED189693A462E604D68E06B94F9081091
:107C0000AC4605B0BDE8F04F604794F90830002B52
:107C10003BD0012B606A03D1C0EB09039E423CD3E9
:107C2000002867D1002E45D0B6FBF9FA09FB1A6A85
:107C3000BAF1000F00F08480CAEB0606524604F148
:107C40001400B9191BF03CF8636A53446362002EB8
:107C500030D094F90810226804F12803E06B94698D
:107C600032468DE88001A468A0470028BCD12B686B
:107C70001E442E60B8E7636A2BB9B6FBF9F309FB23
:107C80001363002B98D03448AEE7E368606A002B9A
:107C9000C2D0C0EB09039E42C2D8204432463946C6
:107CA00014301BF00DF8636A00201E4466629BE7E7
:107CB0002A4899E7002097E73A463146E06B2E6064
:107CC00005B0BDE8F04F05F051BCD1F818E004F163
:107CD000280294F9081004F12403E06B8DE8840174
:107CE0003246DEF80C40A04700287FF47DAF7AE7EB
:107CF0001B4879E7C0EB090A204439465246143044
:107D00001AF0DEFFA64694F9081004F128035EF885
:107D100014CB4A46E06BDCF818C0CDF800E0CDF893
:107D20000480DCF808B0D84700287FF45DAF2B68EA
:107D3000C8445744CAEB06064B442B60606271E7A7
:107D400094F90810002986D1E368002B83D0CA4635
:107D500072E7044848E700BF009FFFFF809FFFFFD6
:107D6000809DFFFF809CFFFF002872D02DE9F0412D
:107D7000046882B0002A6ED0B4FA84F35B09002B49
:107D800069D165781360EB1E042B1DD9A5F1090399
:107D9000B3FA83F35B09BBB92678483E012E17D9A5
:107DA000012D3DD0022D52D10E4690F90810074604
:107DB000154601290ED06269436A9A4238D0C268DA
:107DC000002A42D1002B40D1002002B0BDE8F08152
:107DD0001846FAE7C3681BB3816B00F11408002949
:107DE00031D07A6A404698473B68F86B99695A697E
:107DF0008C6897F90810019607F12803CDF80080E8
:107E0000A0470028E1D197F90830BBB939683B6930
:107E100001B149692A46304602B0BDE8F041184731
:107E2000436A0E48002B08BF002002B0BDE8F08175
:107E3000A36907F11408C06B9C68DCE73B6803B1D9
:107E40005B692B60C0E7E168CBE70448BDE7044805
:107E5000BBE7044870470348B7E700BF809DFFFFBA
:107E6000809FFFFF009FFFFFB8B130B404688CB162
:107E7000B1FA81F35B096BB990F90850012D09D172
:107E80006478062C02D0184630BC7047C06B30BCFA
:107E900005F0E4BB024830BC70470148704700BFA2
:107EA000009FFFFF60B330B5046885B034B390F92C
:107EB00008501DBB6478062C02D0002005B030BDF0
:107EC000102A1BD80C46C06B6946154605F0C6FB48
:107ED0000028F3D1002DF0D021466C464A1911F844
:107EE000015B14F8013B914283EA050340EA030079
:107EF000C0B2F4D10028E0D00248DFE70248DDE755
:107F000001487047009DFFFF009FFFFF30B585B01F
:107F10001D460446FFF7E4FD60B9F4B12368E3B100
:107F20000A9B2946606220460093089A099BFFF746
:107F300021FE08B105B030BD0A9B204603AA19688E
:107F4000099B1944FFF710FF0028F3D10A9B1A6818
:107F5000039B13440A9A1360ECE7014805B030BD57
:107F6000009FFFFF2DE9F0431D4603689046079EE2
:107F70005B78089F062B099CDDF828E00B9ADDF85A
:107F800030C0DDF8349016D0082B11D1C06B4346B9
:107F900014600A46CDF830902146CDF82CC0CDF8BB
:107FA00028E0099708960795BDE8F043FFF75ABA0D
:107FB0000B48BDE8F083C06B0B46146001212246DC
:107FC000CDF834C0CDF83090CDF82CE00A97099662
:107FD0000895CDF81C80BDE8F04305F0CDBB00BF8F
:107FE000809FFFFF30B51C46036887B05B78062B87
:107FF0001ED0082B19D113460E9AC06B15460C9A49
:108000002A600A460D9D109903950B9D05910295D6
:108010000F990A9D04910C998DE83000FFF78AFAB8
:1080200010F10F0F1CD007B030BD0E4807B030BDA7
:1080300013460E9AC06B15460C9A2A600A46109D8C
:108040000D9903950F9D059102950B990A9D049139
:108050000C998DE8300005F0B7FB10F1120FE2D15A
:108060000148E0E7809FFFFF009DFFFFFAF736BA67
:1080700010B45DF8044BFAF73FBA00BF30B430BC1F
:10808000F9F7F8BE30B430BCF9F780BFF9F70ABC95
:10809000F9F7ECBA13460A46022105F0F1B800BF21
:1080A00013460A460221FFF7ADB900BFFEF76CBCCC
:1080B00010B45DF8044BFEF72FBD00BF30B430BCE8
:1080C000FEF78EBD30B430BCFEF7CCBDFEF7FCBB76
:1080D000FEF7ACB913460A46052105F0D1B800BF3A
:1080E00013460A460521FFF78DB900BF11461A460F
:1080F00000F0EEB811461A4600F062BA10B45DF80E
:10810000044B00F001BA00BF10B45DF8044B00F05E
:10811000A9BC00BF00F0BCBE00F0B4BE00F020BFA0
:1081200000F00EBF00F072BF00F060BF10B5044653
:1081300000F090F82046BDE810401AF0C9BD00BF1D
:1081400010B5044600F07AF82046BDE810401AF059
:10815000BFBD00BF10B50446FFF77AF92046BDE861
:1081600010401AF0B5BD00BF10B5044605F064FB21
:108170002046BDE810401AF0ABBD00BF10B5044664
:10818000FEF74EF92046BDE810401AF0A1BD00BF31
:1081900010B50446F9F764FA2046BDE810401AF01D
:1081A00097BD00BF10B54FF4C07101201AF058FD03
:1081B000044608B100F048F8204610BD10B58021F3
:1081C00001201AF04DFD044608B100F033F82046B6
:1081D00010BD00BF10B5402101201AF041FD04463A
:1081E00008B1FFF70BF9204610BD00BF10B54FF4E2
:1081F000C47101201AF034FD044608B105F03AF8C4
:10820000204610BD10B54FF48A7101201AF028FDE8
:10821000044608B1FEF7FEF8204610BD10B54FF435
:108220008C7101201AF01CFD044608B1F9F712FA0E
:10823000204610BD802200211AF00EBD10B1802111
:1082400009F08CBC704700BF4FF4C07200211AF0D7
:1082500003BD00BF18B14FF4C07109F07FBC704777
:10826000431E0549073013F8012F520883428A5CE8
:108270001A70F8D1704700BFACB0026010B4431E52
:10828000084C073013F8012F5108615C914205D169
:108290009842F7D100205DF8044B704701205DF84B
:1082A000044B7047ACB0026070B5084C054604F151
:1082B000800608222046294614441AF0B5FC18B15D
:1082C000B442F6D1002070BD012070BD2CB1026017
:1082D0002DE9F04F91F805C000F110074D7890306E
:1082E0004FEA0C4691F800E02D0491F804C0CC79D7
:1082F00046EA0C6C8E7845EA0E6ECD784CEA0404A2
:1083000091F806C04EEA05057E4B44EA0C2C45EA7E
:1083100006258CEA151101F00F3185EA01148CEA6B
:10832000010C8CEA144189B28CEA010684EA01410D
:1083300081EA960C0CF0333C81EA0C0186EA8C0C45
:1083400081EA1C2404F0FF148CEA042C61404FEAFB
:10835000FC7581EA050C0CF0AA3C81EA0C0185EA67
:108360000C0C4FEAF17457F8101C103757F81C6CBE
:108370008CEA010E57F8185C86EA3C1657F8141C74
:108380000EF03F0BCEF3052906F03F0ACEF3054869
:1083900003EB8B0BCEF3056E03EB8A0AB842DBF8D6
:1083A00000B103EB8909DAF800A203EB8808D9F8D9
:1083B000009303EB8E0E8BEA0A0BD8F800A4C6F3E9
:1083C0000528DEF800E58BEA090BC6F3054903EB47
:1083D0008808C6F305668BEA0A0B03EB8909D8F80F
:1083E00000A603EB86068BEA0E0ED9F80087D6F8B6
:1083F00000688EEA0A0E8EEA080E8EEA060684EA05
:10840000060485EA040581EA3411C5F3052905F05F
:108410003F08C5F3054AC5F3056503EB890901F07B
:108420003F0E03EB8808C1F30526D9F8009303EB50
:108430008A0AD8F8008103EB8505DAF800A403EB7B
:108440008E0E89EA0808D5F80055C1F30549C1F335
:10845000056188EA0C0CDEF800E203EB81018CEA8E
:108460000A0803EB8606D1F800C803EB890988EAFD
:108470000508D6F80066D9F8005788EA0E0181EAA7
:10848000060181EA050181EA0C0C7FF46CAF4FEA2A
:108490007C0C002084EA0C0303F0AA3384EA030175
:1084A0008CEA030C4FEA71048CEA142303F0FF13E7
:1084B00084EA03218CEA030C8CEA910303F0333342
:1084C0008CEA030C81EA830383EA1C4189B28CEABB
:1084D00001444B4083EA141101F00F314B4084EA10
:1084E00001110C0ED1701E0ED3710D0C1470090AFF
:1084F00016711C0C55701B0A917054719371BDE874
:10850000F08F00BFACB002602DE9F043560783B096
:108510000A9C0B9D51D1012916460746994628D041
:108520001AB303F1FF3820686B4661682A4603C31B
:1085300021463846FFF7CCFE6A1E434605F1070E7A
:1085400012F8010F13F8011F724581EA0001117042
:10855000F6D16B46083E04F1080405F1080503CB8B
:10856000C9F80000C9F80410DDD1002003B0BDE84F
:10857000F083002AF9D0013C03F1FF3841466A1E1E
:1085800004F1080E14F8010F11F8013FA64583EA23
:10859000000302F8013FF5D12A462946384608353E
:1085A000FFF796FE55F8082C55F8043C083EC9F82C
:1085B0000020C9F80430E1D1D7E76FF03100D5E7EA
:1085C0002DE9F04F96464B794A7883B006460D78F0
:1085D000120401901B0400F1100A087942EA0565B3
:1085E000CA7806F1900C43EA0060CB792A438D7873
:1085F0000343887942EA0525AF4C43EA002383EA26
:10860000151101F00F314B4085EA011283EA124146
:1086100089B283EA010082EA014181EA900303F012
:108620003333594080EA830381EA132202F0FF12B8
:1086300083EA022351404FEAF37281EA020303F016
:10864000AA33594053404FEAF1715AF8100C0AF11D
:10865000100A5AF81C5C58405AF8186C85EA331511
:108660005AF8142C00F03F0BC0F3052705F03F0823
:10867000C0F3054904EB8B0BC0F3056004EB8808DD
:10868000D445DBF800B104EB8707D8F8008204EB8F
:108690008909D7F8007304EB80008BEA0808D9F841
:1086A00000B4C5F3052988EA0708D0F8007504EB83
:1086B000890988EA0B00C5F30548C5F3056580EA1A
:1086C000070004EB8808D9F8007604EB850580EAFA
:1086D0000700D8F80077D5F8005880EA070080EA4C
:1086E000050081EA000181EA06004FEA3115C0F376
:1086F000052800F03F06C0F3054782EA050204EBB7
:108700008808C0F3056004EB8606D8F8008304EB04
:108710008707D6F8006104EB8000D7F8009402F0D8
:108720003F0788EA0608D0F80005C2F3052604EBE7
:10873000870788EA0303C2F30548D7F8007204EB01
:10874000860683EA090304EB8808D6F80066C2F3BC
:10875000056283EA0003D8F8000704EB820283EA8B
:108760000703D2F8002883EA060383EA000383EABA
:1087700002037FF46AAF019A02F5887A01E04FEABA
:1087800031155CF80C2C0CF1100C5CF8200C5540E9
:108790005CF8186C48405CF8142C05F03F08E24582
:1087A00000F03F0BC0F3052704EB8808C0F3054930
:1087B00004EB8B0BC0F3056004EB8707D8F800824D
:1087C000DBF800B104EB8909D7F8007304EB8000F3
:1087D0008BEA0808D9F800B4C5F3052988EA070828
:1087E000D0F8007504EB890988EA0B00C5F3054849
:1087F000C5F3056580EA070004EB8808D9F8007620
:1088000004EB850580EA0700D8F80077D5F8005812
:1088100080EA070080EA050083EA000383EA060095
:108820004FEA3315C0F3052800F03F06C0F30547B3
:1088300082EA050204EB8808C0F3056004EB8606B3
:10884000D8F8008304EB8707D6F8006104EB8000BA
:10885000D7F8009402F03F0788EA0608D0F8000530
:10886000C2F3052604EB870788EA0101C2F3054835
:10887000D7F8007204EB860681EA090104EB880848
:10888000D6F80066C2F3056281EA0001D8F8000755
:1088900004EB820281EA0701D2F8002881EA06018E
:1088A00081EA000181EA02017FF469AF019A1E4664
:1088B00002F5C87004E000BFACB002604FEA3615A4
:1088C0005AF80C3C0AF1100A5AF8207C5D405AF81C
:1088D000182C77405AF8143C05F03F09504507F032
:1088E0003F0BC7F3052804EB8909C7F3054C04EBDC
:1088F0008B0BC7F30567D9F8009204EB8808DBF807
:1089000000B104EB8C0CD8F8008304EB87078BEAEA
:10891000090BDCF80094C5F3052CD7F800758BEA39
:10892000080BC5F3054804EB8C0CC5F305658BEA11
:10893000090B04EB8808DCF800C604EB85098BEA18
:10894000070BD8F80057D9F800788BEA0C0888EAAA
:10895000050585EA070581EA050182EA010283EA45
:108960003113C2F3052802F03F0CC2F30549C2F3EC
:10897000056204EB880803F03F0704EB8C0CC3F39B
:108980000525D8F8008304EB8909DCF800C104EB65
:108990008202D9F8009404EB870788EA0C0CD2F81D
:1089A0000025C3F30548C3F305638CEA0606D7F830
:1089B000007204EB830386EA090C04EB8505D3F807
:1089C000006804EB88088CEA020CD5F80056D8F849
:1089D00000278CEA070383EA050383EA020386EA99
:1089E00003067FF46BAF4FEA7603002081EA0304AD
:1089F00004F0AA3461405C404FEA710284EA122319
:108A000003F0FF1382EA03215C4084EA910303F040
:108A100033335C4081EA830383EA144292B284EAEE
:108A20000241534083EA111202F00F32534081EAAF
:108A30000212110E8EF803201D0E8EF80730140C52
:108A40008EF80010120A8EF80450190C8EF80140AE
:108A50001B0A8EF802208EF805108EF8063003B03F
:108A6000BDE8F08F2DE9F043560783B00A9C0B9DBB
:108A700051D1012916460746994628D01AB303F169
:108A8000FF3820686B4661682A4603C32146384692
:108A9000FFF796FD6A1E434605F1070E12F8010F17
:108AA00013F8011F724581EA00011170F6D16B467F
:108AB000083E04F1080405F1080503CBC9F80000DD
:108AC000C9F80410DDD1002003B0BDE8F083002A0E
:108AD000F9D0013C03F1FF3841466A1E04F1080E4B
:108AE00014F8010F11F8013FA64583EA000302F8CC
:108AF000013FF5D12A46294638460835FFF760FD83
:108B000055F8082C55F8043C083EC9F80020C9F86F
:108B10000430E1D1D7E76FF03100D5E72DE9F04F10
:108B200091F801E008304A7900250F784FEA0E43AA
:108B30000C79120443EA076ECB79CF7842EA0462DB
:108B40008C794EEA07071A4391F802E042EA0424BE
:108B5000CB4E47EA0E2383EA141202F00F32534041
:108B600084EA021283EA020101F010314B405140C5
:108B7000C1F3436E0A0F03F00F04C3F3036C06EB5B
:108B8000820206EB8E0ED2F8408906EB840406EBD7
:108B90008C0CDEF840E95F0FD4F80099C1F3430272
:108BA000DCF8004906EB87074EEA081CC1F3432EA8
:108BB00006EB8208C3F3032244EAC904D7F80099FC
:108BC00006EB8E0ED8F8407944EA091406EB8202CF
:108BD000DEF84099C1F3434E4CEAC708D2F80029A9
:108BE000C3F3034C06EB8E0E44EA820748EA89047D
:108BF000DEF8408906EB8C02C1F3031EC3F3431C6D
:108C000044EA480406EB8E0ED2F80029DEF84089CB
:108C100047EA4202C1F3033E06EB8C07C3F3433C31
:108C2000C1F30351D7F80079C3F3435306EB8C0C1F
:108C300006EB8E0E42EAC717DCF8009906EB8303B9
:108C4000DEF8402944EAC81406EB8101D3F800C9D4
:108C500044EA821447EA8913D1F8402943EA4C13C5
:108C600044EA421223F0704322F07042082D18BFEC
:108C7000012D40F3FA800F2D00F0F7809C0E910E2D
:108C800044EA830341EA820223F0704322F07042F7
:108C9000D90302F400771E0102F480791C0701F069
:108CA000005C4FEA434B06F0105604F080544FEA44
:108CB000833A0BF0805B4FEA834826439C024BEAE1
:108CC0000C0C0AF0006A04F0006E46EA09094CEA4E
:108CD000070C9F0549EA0A0908F002784CEA0E0CD5
:108CE00007F080664FEA930E49EA08084FEA831AB4
:108CF0004CEA06070EF000794FEA432B5E000AF0BB
:108D0000807A47EA09074FEAC32C48EA0A0A06F0C4
:108D1000807E0BF400181E044FEA530B47EA0E0E38
:108D20004AEA080806F400160BF4801B04F48024B9
:108D30004EEA060E4FEAC30948EA0B0B0CF4801CFE
:108D40004FEA830801F400314BEA040B4EEA0C0CA5
:108D500008F4003609F4002E9F0A01354FEA9319F2
:108D60004BEA06084CEA0E0C07F48037560B09F460
:108D7000802948EA07074FEA12184CEA090906F465
:108D800000564FEA131C08F480583E4349EA01019B
:108D90000CF4803C4FEA821E970846EA08080EF45D
:108DA000006E41EA0C0107F400575608140248EA25
:108DB0000E0839434FEA923E06F4806604F480546C
:108DC00040F608090EF4007748EA06060C430EEA5E
:108DD00009094FEA52184FEA522C3E4344EA09016E
:108DE00008F02008970A0CF4806C4FEAC21E46EA8D
:108DF000080607F010074FEAD20941EA0C010EF409
:108E0000807E4FEAD21A46EA070841EA0E0E09F0C0
:108E10000806970C0AF0200A48EA060809F011092A
:108E200007F00407960E4EEA0A0E940048EA070778
:108E300006F002064EEA090E04F00404510D3E430A
:108E40004EEA0404C2F3006701F00201102D46EA65
:108E5000070600F1080041EA040140F8106C40F8F0
:108E60000C1C7FF403AFBDE8F08FDC0ED10E44EA9A
:108E7000430341EA420223F0704322F0704207E7C5
:108E8000ACB0026008B5FFF749FE002008BD00BF86
:108E900038B50446FFF742FE04F140052046221D86
:108EA00023469C6F083052F8041C083B42F8044CDF
:108EB0000832D3F88440C3F8801050F8041C40F8FE
:108EC000044CA842C3F88410EBD1002038BD00BF89
:108ED000F8B515460C4607461146FFF71FFE05F18B
:108EE000080104F18000FFF719FE3B46A646214623
:108EF00038460022856FAEF1080E0838083344F872
:108F000022500831D0F8845041F8045CDEF800515A
:108F100053F8046C9D67DEF80451DD6757F8225062
:108F2000C3F8FC60C3F8F85054F82260023251F8DC
:108F3000045C202AC1F8F860C1F8FC50DAD1F8BD11
:108F400000B5E1B00A466946FFF7C2FF68464FF434
:108F5000C07108F003FE002061B05DF804FB00BFA3
:108F600000B5E1B00A4601466846FFF7B1FF684622
:108F70004FF4C07108F0F2FD002061B05DF804FB11
:108F800070B516460D4604461146FFF7C7FD05F1BC
:108F9000800006F10801FFF7C1FD06F1100104F59C
:108FA0008070FFF7BBFD29462046A4F180052346CB
:108FB0000A46D3F87841083B083908301460083273
:108FC000D3F8844142F8044CD1F800418467D1F8C9
:108FD0000441C467D3F88040C2F8F840D3F8844015
:108FE0009D42C2F8FC40E4D170BD00BF00B5E1B0C5
:108FF0000A466946FFF7C4FF68464FF4C07108F09F
:10900000ADFD002061B05DF804FB00BF00B5E1B02C
:109010000A4601466846FFF7B3FF68464FF4C07141
:1090200008F09CFD002061B05DF804FB0021802267
:109030002DE9F04FADF5697D0E468246DFF82C93A1
:1090400008A802ACDFF8288319F006FE28A84FF420
:10905000C072314619F000FE771006F0010BBAF12C
:10906000000F0FD07A1C002FBC48C2EBC2020CBF0D
:1090700020213321BBF1000F0CBF4B464346D200E9
:1090800019F0F6FDB64A731E92E8030084E8030067
:10909000042B00F29080DFE813F089007D0071005E
:1090A0000500400188AD28A9AE4A2846FFF768FFB1
:1090B00028464FF4C07108F051FD42F2107503E0EC
:1090C000FFF706F9013D0BD02246214608A8002FE4
:1090D000F6D02246214628A8FFF772FA013DF3D1C7
:1090E000BBF1000F40F000819F490822204601EBB0
:1090F000C70119F099FD002840F00981BAF1000F6D
:1091000040F0F4800136062EA6D1BAF1000F40F0EF
:1091100020814FF0000B0DF1180804AD4FEA6B07EA
:109120000BF00109BAF1000F10D07A1C002F8F4B01
:10913000C2EBC2028E4E0CBF202133218D48B9F103
:10914000000F18BF3346D20019F092FD8A4A0BF186
:10915000FF3392E80300503A88E8030085E80300F3
:1091600092E8030084E80300042B00F2AC80DFE8FF
:1091700013F0A500AF0072002700E40088AD28A816
:10918000784A2946FFF7A4FE28464FF4C07108F03C
:10919000E5FC92E788AD28A9724A2846FFF798FEB9
:1091A00028464FF4C07108F0D9FC86E76D4908A83D
:1091B000FFF7B4FC81E76B4908A8FFF769FE7CE77D
:1091C00088AE28A9674A3046FFF7DAFE30464FF4EA
:1091D000C07108F0C3FCB9F1000F4AD142F2107619
:1091E00004E00094FFF790F9013E0FD043460822B7
:1091F000394608A80194002FF3D043460094082272
:10920000002128A8FFF72EFC013EEFD15B49082280
:10921000204601EBC70119F007FD002877D1BAF10C
:10922000000F40F086800BF1010BBBF1060F7FF4BD
:1092300075AFBAF1000F40F0A98008A8802108F0AE
:109240008DFC28A84FF4C07108F088FC50460DF53D
:10925000697DBDE8F08F88AE28A8424A3146FFF705
:1092600037FE30464FF4C07108F078FCB9F1000FBA
:10927000B4D042F2107988AE11E00094FFF744F9BF
:10928000B9F1010995E8030086E8030094E80300BA
:1092900085E8030096E8030084E803002AD04346EB
:1092A0000822012108A80194002FE6D0434600942B
:1092B0000822012128A8FFF7D5FBE1E7294908A8E2
:1092C000FFF72CFC87E7274908A8FFF7E1FD82E7B5
:1092D00088AE28A9234A3046FFF7FAFD30464FF4FE
:1092E000C07108F03BFC76E72549FEE6254819F0F9
:1092F000E3FC07E795E80300234B082284E803001A
:1093000003EBC701204619F08FFC002887D0BAF183
:10931000000F41D14FF0010A8FE788AD28A8114A0C
:109320002946FFF72DFE28464FF4C07108F016FCC1
:10933000C3E6144819F0C0FC75E788AE28A8094AAE
:109340003146FFF71DFE30464FF4C07108F006FCB1
:1093500041E70A2019F0A0FCDBE600BFF41D002065
:109360002CBA026034BA02604CBA0260D0150020F8
:10937000D41500200C1E00207CBA02609CBA02604A
:1093800064BA0260F815002084BA02600A204FF027
:10939000000A19F081FC50E702484FF0010A19F069
:1093A0008BFC4AE7481600200B6870B5D41A012CD4
:1093B00015DD1C789E1C5B78921B0E6043EA04242A
:1093C00094420CDC0D4622463146FAF7FDFD18B9F1
:1093D0002B681C442C6070BDA0F5445070BD014842
:1093E00070BD00BF80CFFFFF70B586B006460D464A
:1093F0006846FAF7DDFB03A8FAF7DAFB68460221B4
:10940000FAF740FD044640B16846FAF7D9FB03A8D5
:10941000FAF7D6FB204606B070BD2946022203A803
:10942000FBF744F904460028EED169463046FAF7C6
:1094300097FF002805DB304603A9FAF791FF0028C3
:10944000E2DD014CE0E700BF80CFFFFF7C2200217E
:1094500019F002BC2DE9F041061D05460C461746E1
:109460003046FFF7A1FF18B103461846BDE8F0816A
:109470003A46214605F11000FFF796FF0028F3D188
:1094800005F134083A4621464046FFF78DFF002893
:10949000EAD140463146FFF7A7FF044608B103462C
:1094A000E3E73046FAF78AFD23462860DDE700BF90
:1094B0002DE9F04F041D87B006468B46204600215B
:1094C00017469846FAF7BEFF00283DD006F11C0962
:1094D0004FF00C0A119B5946109A4846FBF7EEFFD5
:1094E00018B129E0FAF71EFE30BB21464846FAF7CC
:1094F00037FF00284FF001014846F3DABAF1010ABC
:1095000020D02146FFF770FF0028E3D106F14C037D
:1095100006F1280A06F1100B054600934A4650460C
:1095200059462346FBF7FCFD30B921465046FFF76C
:109530005BFF58B1054601E0A0F54655284607B047
:10954000BDE8F08F264DF9E7264DF7E7BB1C204616
:109550000293FAF733FD81465846FAF72FFD029041
:109560005046FAF72BFD4A460390B91C2046FAF7FD
:1095700061FD0028E0D1BB1C4FEA192287F8019059
:1095800058464B443A70029A991C05930491FAF795
:1095900051FD059B0028CFD10299BC1C0498039A69
:1095A00000EB010B090A504604F809100BF1020AFE
:1095B0009DF8084051465C70FAF73CFD0028BBD18D
:1095C000039802998244020A049BC7EB0A075A5483
:1095D0008BF80100C8F80070C6F80090AEE700BF35
:1095E00080CEFFFF80CFFFFF002A18BF0029F8B50B
:1095F0001AD0C8B1071D054616463846FAF762FB71
:10960000044618B1A4F556542046F8BD314605F17C
:109610001000FAF757FB04460028F3D13846FAF752
:10962000CDFC28602046F8BD004CEDE780CFFFFF61
:1096300068B162B110B50468A24206D83430FAF7B6
:10964000C3FC18B1A0F5485010BD024810BD014838
:10965000704700BF80CFFFFF2DE9F04F83B0002897
:1096600053D0B3FA83F46409002C4ED10568AB42A1
:109670004BD8051D06468846214628461F46934678
:10968000FAF7E0FE002840D006F11C044FF00C0968
:109690000D9B41460C9A2046FBF710FF18B12EE0B7
:1096A000FAF740FD58BB29462046FAF759FE002834
:1096B0004FF001012046F3DAB9F101092BD0294618
:1096C000FFF792FE82460028E2D106F14C0306F134
:1096D0002808224606F11001009340462B46FBF76E
:1096E0001FFD60B929464046FFF77EFE08B182465D
:1096F00007E03A4659464046FAF79CFC08B1A0F507
:109700004A5A504603B0BDE8F08FDFF810A050462B
:1097100003B0BDE8F08FDFF808A0F2E780CFFFFFCD
:1097200080CDFFFF2DE9F04F87B000286ED0046890
:1097300094426BD8061D00F1340904460F46484692
:1097400031469846FFF750FE20B10446204607B048
:10975000BDE8F08F03A8FAF72BFA109B002B00F05E
:10976000908004F11C0A04F1700550462946FAF76E
:10977000F7FD00283CD104F1580501212846FAF7ED
:1097800061FE002840F0A5804FF00C0B3046FAF740
:1097900015FC119B0146109A2846FBF78FFE18B165
:1097A0002BE0FAF7BFFC40BB31462846FAF7D8FD5C
:1097B00000284FF001012846F3DABBF1010B00F05D
:1097C000A880FAF73FFE0028E0DD04F1640B324682
:1097D00029465846FCF70AF978B904F14C0033469B
:1097E0005246594600905846FBF79AFC00B304E0F5
:1097F00028465146FAF766FA50B1A0F54C5403A832
:10980000FAF7DEF9204607B0BDE8F08F424C9DE73D
:1098100004F1580501212846FAF734FB0028ECD161
:1098200004F1640B01215846FAF72CFB0028E4D11F
:109830002A46494603A8FAF751FF0028DDD103A9BB
:1098400032460846FBF7F8FA0028D6D104F1400565
:109850004C34524633460094284603A9FBF760FC7B
:109860000028CAD15A4629462846FAF737FF002869
:10987000C3D1324629462846FBF7DEFA0028BCD180
:1098800013E0494603A8FAF71DFA0028B5D104F100
:109890004C0104F14005334604F11C0200912846B6
:1098A00003A9FBF73DFC0028A7D12846FAF786FB61
:1098B000024639462846C8F80020FAF7BBFB0446A2
:1098C00003A8FAF77DF9002C3FF440AFA4F54C54FF
:1098D0003CE72A4629462846FAF700FF00288CD1A3
:1098E000324629462846FBF7A7FA002885D104F11D
:1098F000640B5A4659465846FAF7F0FE00287FF4A2
:109900007CAF324659465846FBF796FA00288FD06E
:1099100073E7024C73E700BF80CFFFFFF2CCFFFF7D
:1099200010B504467030FAF74BF904F16400FAF709
:1099300047F904F15800FAF743F904F14C00FAF73B
:109940003FF904F14000FAF73BF904F13400FAF76B
:1099500037F904F12800FAF733F904F11C00FAF79B
:109960002FF904F11000FAF72BF9201DFAF728F966
:1099700020467C21BDE8104008F0F0B82DE9F04108
:109980008EB006460C4608A8059205F0B7FF05996B
:1099900019B1631813F8013C63B32144302306AABC
:1099A00007A80794F9F796F8B0B1A0F54E5508A8A6
:1099B00006F07AF94DB928460EB0BDE8F08110F5F1
:1099C000845F53D008A806F06FF93046FFF7A8FF70
:1099D00028460EB0BDE8F081079C371D069B07A8FE
:1099E0003A461C442146F9F799F9054698B1A5F580
:1099F0004E55DCE705AA0193009308A8029223467E
:109A00001B4A1C4905F080FF05460028D7D109995B
:109A1000089C0591C1E706F11002214607A8F9F755
:109A20007DF905460028E2D1079B9C4216D00BA881
:109A3000FAF7BEF80BAA214607A8F9F76FF9804696
:109A40000BA8FAF7BDF8B8F1000F02D0A8F54E55F3
:109A5000ADE7079B9C4201D0074DA8E73846FAF7CF
:109A6000ADFA306008A806F01FF9A4E7059994E75D
:109A7000241E0020401E00201ACCFFFF10B5A0B00D
:109A800004467C22002101A819F0E6F86CB9FB22FB
:109A90000F4901A8FFF772FF041C18BF012401A899
:109AA000FFF73EFF204620B010BD0A4819F0E0F84D
:109AB000FB22074901A8FFF761FF044620B10648D1
:109AC000012419F0F9F8EAE7044819F0F5F8E6E797
:109AD000B4BA0260601E0020481600208C160020D8
:109AE00002F09EB92DE9F0418CB016460546884635
:109AF00003A81F4601F074F93146284601F0AAFD7B
:109B0000044630B103A801F093F920460CB0BDE83B
:109B1000F081139B2846129A03A9019333460092C1
:109B20003A4602F095F804460028EBD103A801F06C
:109B300043FC28B9404603A9FAF7C4F80446E1E714
:109B4000004CDFE780B0FFFF4FF49A72002119F05C
:109B500083B800BF08B310B5044601F079F904F1E9
:109B6000880001F065F904F1AC0001F061F904F13D
:109B7000E00001F05DF904F5827001F059F904F19B
:109B80007C00FAF71DF804F1D000FAF719F804F593
:109B90009470BDE81040FAF713B870472DE9F04310
:109BA00085B0002837D0856D0446002D33D000F1F4
:109BB000880699460D9B90460F463246009300F169
:109BC0007C010C9B02F02CF9054618B1284605B023
:109BD000BDE8F0834B46424602A9204601F014FD41
:109BE00020B10546284605B0BDE8F083029B31460A
:109BF000D4F8DC20204608EB0306C3EB090403ABD2
:109C00000194009601F0BCFC0028EAD1029A039B63
:109C100013443B60DAE7014DD8E700BF80B0FFFF97
:109C200070B515460A680C460646AA1A01F0C0FC33
:109C300000B170BD2368224606F1AC013046EB1A34
:109C4000BDE8704001F082BC70B5144605460E4672
:109C500001F058F948B9012C10D0BCB906F18801BF
:109C600005F1880001F036F900B170BD06F17C0104
:109C700005F17C00BDE87040FAF724B806F18801D0
:109C800005F1AC00BDE8704001F024B90048ECE7F4
:109C900080B0FFFF2DE9F04182B01E46DDF824E0E0
:109CA000089BE8B1876D0446D7B100F188071546D7
:109CB0008846CDF800E000F17C013A4602F0B0F8A9
:109CC00010B102B0BDE8F081D4F8DC20434639463B
:109CD00020460996089502B0BDE8F04101F050BC5D
:109CE0000048EEE780B0FFFF30B583B0019170B15E
:109CF00015460C46134600F1AC0101AA01F026FC02
:109D000018B90199091B8D4201D103B030BD01483A
:109D1000FBE700BF80B0FFFF2DE9F04182B0DDF826
:109D200020E0DDF824C040B300F1D0081D461746FE
:109D30000E46CDF804C000F17C03CDF800E04146AA
:109D400000F1AC020446FFF7CDFE10B102B0BDE851
:109D5000F0814046FAF732F9A8420ED8A26D394692
:109D6000404612F0070318BF012303EBD202326012
:109D700002B0BDE8F041FAF75DB90148E6E700BF7F
:109D800080B0FFFFF8B5C46D05460E46084607349F
:109D90001146E4089C4228BF1C462246FAF714F9F3
:109DA0000746C0B9E400E96D8C420DD84C35304609
:109DB0002946FAF7D5FA00280DDB2A463146304607
:109DC000BDE8F840FAF732BC611A3046FAF7AAF952
:109DD0000028EBD007463846F8BD00BF2DE9F04F0C
:109DE000456D97B0DDF88C80002D00F0CA800C46E0
:109DF00005460121184699469346FAF723FB0028A9
:109E000045DB05F14C0648463146FAF7A9FA002829
:109E10003DDA0C230DA8029300F0E2FF04A8F9F745
:109E2000C7FE07A8F9F7C4FE0AA8F9F7C1FECDF8E6
:109E30008C80B046239E0C2702E0FAF703FB50BB50
:109E40000DAA04A900962846229B01F0E9FF42468C
:109E50000DA9D0B92046FAF7EFFFB0B9013F01468E
:109E60002046EAD1484B0DA8029300F0E1FF04A878
:109E7000F9F7A6FE07A8F9F7A3FE0AA8F9F7A0FECE
:109E8000029B184617B0BDE8F08F0346EBE73F484A
:109E900017B0BDE8F08F219B07A9209A2846FFF74D
:109EA00071FF03460028DED14FF01F0AEF6D3346E5
:109EB000229A0AA80737FF083946FBF7FFFA00285D
:109EC000E3D1E96D0AA8C1EBC701FAF72BF901212B
:109ED0000028DAD1BAF1010A0AA850D0FAF7B2FA8A
:109EE000002841460AA8E1DBFAF73AFA0028DDDA51
:109EF0004A4621465846FAF7F1FB03460028B2D1FC
:109F000007A95A460846FAF769FB03460028AAD172
:109F100007A90AAA0846FAF7E1FB03460028A2D1DE
:109F200004A90AAA0846FAF7D9FB034600289AD1E1
:109F3000424604A95846FBF759FD0346002892D132
:109F400007AA59465846FAF7C9FB034600288AD1A2
:109F5000424659465846FAF76FFF0346002882D119
:109F6000029A013A02923FF47DAF014603905846AF
:109F7000FAF768FA039B00283FF45DAF73E70248E5
:109F800080E703487EE700BF00B3FFFF80B3FFFF19
:109F900080B0FFFF2DE9F047B8B0064688469146ED
:109FA0009DF808011F46F46D04F080F9002841D0A7
:109FB0000734824604A8E408F9F7FAFD1FA803F065
:109FC000C5FE07A922463846FAF734F8054648B1D7
:109FD0001FA804F013F804A8F9F7F2FD284638B0DA
:109FE000BDE8F087419B04A9409A3046FFF7CAFEBE
:109FF00005460028ECD107AB224604A81919FAF748
:10A0000019F805460028E3D1630007AA51461FA8A6
:10A0100003F0F4FE084C419A1FAB4099304603937D
:10A020003B4601924A46009141460294FFF7D6FE14
:10A030000546CDE70148D2E7E9DF006080B0FFFFC9
:10A040002DE9F04399B005461F4688460FA8914672
:10A0500000F0C6FE03A8F9F7ABFD06A8F9F7A8FDC6
:10A0600009A8F9F7A5FD0CA8F9F7A2FD6B6D002B67
:10A0700000F0878001212098FAF7E4F9002807DB37
:10A0800005F14C0620983146FAF76AF9002813DBEF
:10A090003D4C0FA800F0CCFE03A8F9F791FD06A8EF
:10A0A000F9F78EFD09A8F9F78BFD0CA8F9F788FDE3
:10A0B000204619B0BDE8F08301212198FAF7C2F9D2
:10A0C0000028E5DB31462198FAF74AF90028DFDA63
:10A0D0003946284601F0BEFA04460028D9D14B463D
:10A0E000424603A92846FFF74DFE04460028D0D17A
:10A0F0003246219906A8FBF779FC04460028C8D10E
:10A1000006AA03A909A8FAF7E9FA04460028C0D16B
:10A1100009A932460846FAF78FFE04460028B8D14E
:10A1200006AA20990CA8FAF7D9FA04460028B0D15B
:10A130000CA932460846FAF77FFE04460028A8D14B
:10A140000CAA019705F12803284600920FA909AA35
:10A1500001F0E2FD044600289BD10FA801F02CF984
:10A16000002895D10FA932460846FAF765FE044645
:10A1700000288ED120990FA8FAF7F2F8002888D08D
:10A1800086E7024895E700BF00B2FFFF80B0FFFFFF
:10A19000F0B5A7B004460F4615461E4605A8F9F7C8
:10A1A00007FD08A8F9F704FD04F17C032046029797
:10A1B000019608AA009505A9FFF7ECFE044640B1F8
:10A1C00005A8F9F7FDFC08A8F9F7FAFC204627B026
:10A1D000F0BD0DF1950326AD08AA0BA945F8883D01
:10A1E0002846F8F719FF061E21DB05AA0BA9284609
:10A1F000F8F712FF002818DB06440BA92846324660
:10A20000F8F76EFE071E14DB0BA928463022F8F77C
:10A21000DDFE031E0FDB3E4404992C981E4432469B
:10A2200018F04EFD2D9B1E60CAE70446C8E7344671
:10A23000C6E73C46C4E71C46C2E700BF70B584B021
:10A2400000249DF82450089E009313460A46294690
:10A25000019603940294FFF79BFF04B070BD00BF0A
:10A26000F0B58BB004460E461746109D04A8029325
:10A270001D44F9F79DFC07A8F9F79AFC294602A8A6
:10A28000302303AAF8F726FC50B9029A039B134423
:10A290009D4210D104AA294602A8F8F73FFD60B1FB
:10A2A000A0F59F4404A8F9F78BFC07A8F9F788FCF0
:10A2B00020460BB0F0BD0E4CF4E702A807AA2946D1
:10A2C000F8F72CFD0028EBD107AB20463A46314683
:10A2D000019304AB009304F18803FFF7B1FE044639
:10A2E0000028DFD1029A034B954218BF1C46D9E7DC
:10A2F0001AB0FFFF00B4FFFF70B582B015461E46CE
:10A30000044602F06DFE10B1012002B070BD00964F
:10A310002B4604F1880204F17C01204601F080FD07
:10A32000003018BF012002B070BD00BF70B50546F7
:10A330000E4600F0E7FD044638B906F17C0105F150
:10A340007C00F9F7BFFC044620B1284600F0B2FDBE
:10A35000204670BD06F1880105F1880000F0BAFDC5
:10A3600004460028F1D1F3E700F050BD00F0A2BD93
:10A3700038B54B6E0446A3B303680D46002B29DBAA
:10A380002046F9F7F3FDAB6DB0EB430F27D86B6EAA
:10A3900020469847E8B9043508E0FAF753F82A460A
:10A3A000214660B12046FAF719F990B923680021D7
:10A3B00020468B42F1DB02E0FAF7C8F848B929469B
:10A3C0002046F9F7CDFF00282A4621462046F3DA39
:10A3D000002038BD0021FAF735F80028D0D0044815
:10A3E00038BD0A1D0146BDE83840FAF725BD00BF5B
:10A3F00080B0FFFF2DE9F0410E4686B007460021F0
:10A4000006F118052846FAF71DF810B906B0BDE8A0
:10A41000F0816846F9F7CCFB03A8F9F7C9FB684659
:10A420003A1D2946FBF7E2FA044648B16846F9F7B7
:10A43000C7FB03A8F9F7C4FB204606B0BDE8F081CE
:10A440006A46694603A8FAF749F904460028EDD19F
:10A45000394603A8FFF78CFF04460028E6D1DFF851
:10A46000948003AA31463046D8F800300133C8F84A
:10A470000030FAF733F904460028D7D13946304680
:10A48000FFF776FF04460028D0D1D8F800300C360C
:10A4900003AA013331463046C8F80030FAF71EF9F6
:10A4A00004460028C2D139463046FFF761FF044612
:10A4B0000028BBD1D8F800306A4631463046013317
:10A4C000C8F80030FAF70AF904460028AED1394638
:10A4D0003046FFF74DFF04460028A7D1D8F80030DA
:10A4E000012128460B44C8F80030F9F7CBFC04469C
:10A4F0009CE700BF90E8002070B584B0054601F1EC
:10A500000C04164601A8F9F753FB291D224601A8A1
:10A51000FAF78CF8054668B901462046F9F792FF2C
:10A5200001A900280CBF002206F001022046F9F71D
:10A5300029FC054601A8F9F743FB284604B070BD85
:10A540002DE9F04FBD4C8DB006468846236868461D
:10A55000154601332360F9F72BFB03A8F9F728FB15
:10A5600006A8F9F725FB09A8F9F722FBB369002B28
:10A5700000F0FA802A46294603A8FAF7AFF8044605
:10A5800078B16846F9F71CFB03A8F9F719FB06A890
:10A59000F9F716FB09A8F9F713FB20460DB0BDE843
:10A5A000F08F314603A8FFF7E3FE04460028E8D108
:10A5B000DFF88C92032203A96846D9F800300133F2
:10A5C000C9F80030FAF7FCF904460028D9D1371D44
:10A5D00004E0F9F7BBFF04460028D2D139466846AB
:10A5E000F9F7BEFE00283A4669466846F1DA06F1F8
:10A5F000100A00215046F9F725FF002840F032816B
:10A6000005F10C0A06A852465146FAF767F80446C7
:10A610000028B6D1314606A8FFF7AAFE0446002856
:10A62000AFD1D9F80030012106A80B44C9F8003099
:10A63000F9F726FD044628B1A3E7F9F787FF04469A
:10A6400000289ED1394606A8F9F78AFE06A90028F7
:10A650003A460846F1DA0A4603A82946FAF73EF8D0
:10A66000044600288DD1314603A8FFF781FE044639
:10A67000002886D1D9F80030012103A80B44C9F87D
:10A680000030F9F7FDFC044630B17AE7F9F75EFFD8
:10A69000044600287FF475AF394603A8F9F760FE39
:10A6A00003A900283A460846F0DA06AA09A8114686
:10A6B000FAF714F8044600287FF463AF314609A87E
:10A6C000FFF756FE044600287FF45BAFD9F8003050
:10A6D000012109A80B44C9F80030F9F7D1FC044660
:10A6E00030B14EE7F9F732FF044600287FF449AF56
:10A6F000394609A8F9F734FE09A900283A46084660
:10A70000F0DA6A46694606A8F9F7E8FF0446002829
:10A710007FF437AF314606A8FFF72AFE044600282B
:10A720007FF42FAFD9F8003006A903AA01330846F9
:10A73000C9F80030F9F77AFF044600287FF421AF0A
:10A74000069B002106A88B4280F2E980F9F77AFE89
:10A750003A4606A9002800F0E28006A8F9F73EFF75
:10A7600004460028ECD00CE705F1180203A81146B6
:10A77000F9F7B4FF044600287FF403AF314603A87D
:10A78000FFF7F6FD044600287FF4FBAEDFF8B0903B
:10A7900003AA294606A8D9F800300133C9F80030C9
:10A7A000F9F71CFF044600287FF4EBAE371D05E0E7
:10A7B000F9F7CCFE044600287FF4E3AE394606A83C
:10A7C000F9F7CEFD06A900283A460846F0DA03AAB2
:10A7D000294609A8F9F72AFF044660B1D1E6F9F73E
:10A7E00031FE3A4609A958B109A8F9F7F7FE04461F
:10A7F00000287FF4C6AE099B002109A88B42EEDB3E
:10A8000009AA06A903A8F9F769FF044600287FF4FE
:10A81000B8AE314603A8FFF7ABFD044600287FF42D
:10A82000B0AED9F80030032203A968460133C9F855
:10A830000030FAF7C5F8044650B1A2E6B4E10020B2
:10A8400090E80020F9F782FE044600287FF499AED4
:10A8500039466846F9F784FD00283A466946684655
:10A86000F0DACDE605F1180203A81146F9F736FF34
:10A87000044600287FF485AE314603A8FFF778FD33
:10A88000044600287FF47DAED9F8003003AA06A85C
:10A89000DFF8E0B101331146C9F80030F9F71EFFC7
:10A8A000044600287FF46DAE314606A8FFF760FD30
:10A8B000044600287FF465AEDBF80030524606A956
:10A8C00003A80133CBF80030F9F708FF044600284D
:10A8D0007FF457AE314603A8FFF74AFD044600282F
:10A8E0007FF44FAEDBF8003003AA694668460133B7
:10A8F000CBF80030F9F772FE044630B141E6F9F7C3
:10A9000025FE044600287FF43CAE39466846F9F738
:10A9100027FD00283A4669466846F0DA70E606A93F
:10A9200003AA0846F9F782FE044600287FF429AE00
:10A93000069B002106A88B420BDAF9F783FD3A4605
:10A9400006A930B106A8F9F749FE04460028EFD061
:10A9500017E603A906AA0846F9F768FE0446002888
:10A960007FF40FAE039B002103A88B420BDAF9F7AB
:10A9700069FD3A4603A930B103A8F9F72FFE044652
:10A980000028EFD0FDE503A96A460846F9F7A6FEC0
:10A99000044600287FF4F5AD314603A8FFF7E8FC34
:10A9A000044600287FF4EDADD9F8003003A909AAC8
:10A9B00001330846C9F80030F9F738FE044600288C
:10A9C0007FF4DFAD039B002103A88B420BDAF9F77C
:10A9D00039FD3A4603A930B103A8F9F7FFFD044653
:10A9E0000028EFD0CDE505F11802514609A8F9F786
:10A9F00075FE044600287FF4C4AD314609A8FFF770
:10AA0000B7FC044600287FF4BCADD9F80030012122
:10AA100009A80B44C9F80030F9F732FB04460028B6
:10AA20007FF4AFAD394609A8F9F79AFC09A90028C7
:10AA30003A46084605DBF9F789FD04460028F1D0BF
:10AA40009FE506A94046F9F73DF9044600287FF442
:10AA500098AD03A908F10C00F9F734F90446002871
:10AA60007FF48FAD08F1180009A9F9F72BF9044616
:10AA700087E500BF90E800202DE9F04F012A8DB056
:10AA8000019140F2138180460C211046144618F0C3
:10AA9000E7F805460090002800F00E8103A8F9F7BA
:10AAA00087F806A8F9F784F809A8F9F781F8019E54
:10AAB000284631681831F9F705F98346002840F037
:10AAC000DC8005F10C0A7D4F012556F8042FAAF110
:10AAD0000C01504601351832DFF8E091F9F7FEFD20
:10AAE00041468346002840F0C88050460AF10C0ACF
:10AAF000FFF73EFC8346002840F0BF803A68AC4236
:10AB000002F101023A60E0D104EB4405009B08F138
:10AB1000040203A8AD00A5F10C011944FAF766FF81
:10AB20008346002840F0A980A5F11806019A009BF1
:10AB3000671E02EB840A4D461E44002F00F09680EB
:10AB4000324603A906A8F9F7C9FD8346002840F05C
:10AB50009480414606A8FFF70BFC8346002840F08E
:10AB60008C80D9F8003003A95AF8042C0133084628
:10AB70001832C9F80030F9F7B1FD834600287CD1BE
:10AB8000414603A8FFF7F4FB8346002875D12B68E4
:10AB900001332B6006AA09A81146F9F79FFD8346E9
:10ABA00000286AD1414609A8FFF7E2FB8346002846
:10ABB00063D1D9F8003009AA5AF8041C01330846B9
:10ABC000C9F80030F9F78AFD8346002855D141467F
:10ABD0005AF8040CFFF7CCFB834600284DD15AF8F5
:10ABE000041C09AA2B680C31013308462B60F9F7C5
:10ABF00075FD8346002840D15AF8040C41460C30BC
:10AC0000FFF7B6FB8346002837D15AF8041C06AA82
:10AC10002B680C31013308462B60F9F75FFD834642
:10AC200058BB5AF8040C41460C30FFF7A1FB834691
:10AC300018BB2B68D8F8081001335AF8040C2B60A5
:10AC4000F9F702F88346C0B95AF8040CD8F808108E
:10AC50000C30F8F7F9FF834678B95AF8040D0C3E2A
:10AC60001830F8F7ADFF47B1013F66E703A906A822
:10AC7000F9F728F8834600288CD003A8009EF8F73F
:10AC80009FFF06A8F8F79CFF09A80025F8F798FF92
:10AC900001353046F8F794FF0C36AC42F8D10098F5
:10ACA00018F016F858460DB0BDE8F08F0968FFF7A8
:10ACB000A1FB0DB0BDE8F08F0148F4E790E800205B
:10ACC00080B2FFFF2DE9F84F0E46994682461546A1
:10ACD000C3F3450701F10C084FF0000B5FFA8BF44A
:10ACE000294630460BF1010BE41BB4FA84F46409E5
:10ACF0002246F9F747F805F10C012246243570B9D0
:10AD00004046F9F73FF850B9BBF1020FE6D14FEAE0
:10AD1000D91231465046BDE8F84FFFF7EDBBBDE80C
:10AD2000F88F00BF00487047B0BB026070B40B4D95
:10AD30002B6883B90A4E032204240A49304601E0F5
:10AD400014460A7B013300F8014B0C31002AF7D17D
:10AD50000121F2542960024870BC704750E800207D
:10AD600028E40020B0BB026004280CD00323074A6B
:10AD700002E0834205D0137B0C32002BF9D1184638
:10AD80007047104670470148704700BFB0BB026073
:10AD900018280DD00322074B03E05A88824205D0C1
:10ADA0001A7B0C33002AF8D11046704718467047BA
:10ADB00000487047B0BB026038B50546064C0748EE
:10ADC00003E014F80C0F30B1A068294617F04CFFCF
:10ADD0000028F6D1204638BDB0BB0260781E0020A6
:10ADE00068B110B50446F8F7E3FE04F10C00F8F77B
:10ADF000DFFE04F11800BDE81040F8F7D9BE704737
:10AE000018B17C22002117F027BF704778B17C224F
:10AE1000002110B5044617F01FFF04F17C00F8F77D
:10AE2000C7FE04F18800BDE81040FFF7D9BF7047A6
:10AE300068B110B50446F8F7C3FE04F10C00F8F74A
:10AE4000BFFE04F11800BDE81040F8F7B9BE704726
:10AE500070B3036E012B70B5044612D00430F8F7BE
:10AE6000AFFE04F11000F8F7ABFE04F11C00F8F798
:10AE7000A7FE04F12800FFF7DBFF04F14C00F8F710
:10AE80009FFE606F70B1A36F53B100252E4628441A
:10AE90000136FFF7CDFFA36F2435606FB342F6D8BC
:10AEA00017F016FF20467C21BDE8704006F056BE24
:10AEB000704700BF68B110B50446FFF7C9FF04F141
:10AEC0007C00F8F77DFE04F18800BDE81040FFF734
:10AED000AFBF704738B504460D46F8F7F3FE00B132
:10AEE00038BD05F10C0104F10C00F8F7EBFE002869
:10AEF000F6D105F1180104F11800BDE83840F8F763
:10AF0000E1BE00BF097802F06BB800BF10B50121A7
:10AF10000446F8F7B7FF00B110BD012104F10C00A1
:10AF2000F8F7B0FF0028F7D1014604F11800BDE89A
:10AF30001040F8F7A7BF00BF2DE9F04FDFF874E429
:10AF4000164697B08046DEF8002006F118040F463A
:10AF50000021013220461D46CEF80020F9F772FA92
:10AF6000002847D02B6A83B105F118090021484613
:10AF7000F9F768FA002844D02B6A33B1484601211A
:10AF8000F9F760FA002840F0DB8001A8F8F710FE1E
:10AF900004A8F8F70DFE07A8F8F70AFE0AA8F8F7C4
:10AFA00007FE0DA8F8F704FE10A8F8F701FE13A895
:10AFB000F8F7FEFD2246214601A8F9F78FFB8246ED
:10AFC00030B301A8F8F7FCFD04A8F8F7F9FD07A8CD
:10AFD000F8F7F6FD0AA8F8F7F3FD0DA8F8F7F0FD6D
:10AFE00010A8F8F7EDFD13A8F8F7EAFD504617B0E2
:10AFF000BDE8F08F29463846FFF76CFF17B0BDE873
:10B00000F08F31463846FFF765FF17B0BDE8F08F87
:10B01000414601A8FFF7ACF982460028D1D1DFF8FC
:10B020009093224601A904A8D9F800300133C9F849
:10B030000030F9F753FB82460028C2D1414604A8EC
:10B04000FFF796F982460028BBD1D9F8003001A954
:10B050002A4601330846C9F80030F9F73FFB82461B
:10B060000028AED1414601A8FFF782F982460028A8
:10B07000A7D1D9F8003004A905F10C020133084624
:10B08000C9F80030F9F72AFB8246002899D14146D9
:10B0900004A8FFF76DF98246002892D1D9F8003054
:10B0A00001A9324601330846C9F80030F9F7BEFA63
:10B0B0008246002885D108F104050BE0F9F7C2F9B2
:10B0C0002A4601A958B101A8F9F788FA8246002852
:10B0D0007FF477AF019B002101A88B42EEDB04A92E
:10B0E00006F10C0508462A46F9F7A0FA8246002820
:10B0F0007FF467AF08F1040B0BE0F9F7A3F95A46A8
:10B1000004A958B104A8F9F769FA824600287FF427
:10B1100058AF049B002104A88B42EEDB002101A85C
:10B12000F9F790F9014668B904A8F9F78BF90028F6
:10B1300075D1324639464046FFF702FA824640E76B
:10B140009A4854E7214601AA13A8F9F7C7FA82469C
:10B1500000287FF436AF414613A8FFF709F982466D
:10B1600000287FF42EAFD9F8003001AA07A8904C30
:10B1700001331146C9F80030F9F7B0FA82460028C9
:10B180007FF41FAF414607A8FFF7F2F88246002878
:10B190007FF417AF236801AA07A90AA80133236027
:10B1A000F9F79CFA824600287FF40BAF41460AA8C3
:10B1B000FFF7DEF8824600287FF403AF236807A973
:10B1C0003246013308462360F9F788FA82460028A0
:10B1D0007FF4F7AE414607A8FFF7CAF88246002879
:10B1E0007FF4EFAE2368022207A901A80133236090
:10B1F000F9F7E6FB824600287FF4E3AE08F1040489
:10B20000214601A8F9F7ACF801A900282246084612
:10B210000ADBF9F79BF982460028F1D0D1E63846DF
:10B22000FFF774FE8246CCE604AA0DA81146F9F792
:10B2300055FA824600287FF4C4AE41460DA8FFF7B8
:10B2400097F8824600287FF4BCAED9F800300DA9EB
:10B2500001AA01330846C9F80030F9F7E7F9824638
:10B2600000287FF4AEAE0D9B00210DA88B420BDAB7
:10B27000F9F7E8F822460DA930B10DA8F9F7AEF9B3
:10B2800082460028EFD09CE60DA90AAA0846F9F7E5
:10B29000CDF9824600287FF494AE0D9B00210DA8C5
:10B2A0008B420BDAF9F7CEF822460DA930B10DA882
:10B2B000F9F794F982460028EFD082E607A90DAA93
:10B2C0000846F9F7B3F9824600287FF47AAE079B67
:10B2D000002107A88B420BDAF9F7B4F8224607A938
:10B2E00030B107A8F9F77AF982460028EFD068E66E
:10B2F00007A904AA0846F9F7F1F9824600287FF465
:10B3000060AE414607A8FFF733F8824600287FF475
:10B3100058AED9F800300AA92A46254D013308460F
:10B32000C9F80030F9F7DAF9824600287FF449AE0F
:10B3300041460AA8FFF71CF8824600287FF441AE78
:10B340002B680AAA07A910A801332B60F9F76EF938
:10B35000824600287FF435AE109B002110A88B4256
:10B360000BDAF9F76FF8224610A930B110A8F9F7F7
:10B3700035F982460028EFD023E60DA93846F8F7C4
:10B38000A1FC824600287FF41CAE10A907F10C0036
:10B39000F8F798FC824600287FF413AE07F11800F6
:10B3A00013A9F8F78FFC82460BE600BF80B0FFFFC1
:10B3B00090E8002044E0002008B500211830F9F79B
:10B3C00041F8B0FA80F0400908BD00BF38B5044626
:10B3D0000D46F8F7C5FF70B905F10C0104F10C003A
:10B3E000F8F7BEFF38B905F1180104F11800F8F7B5
:10B3F000B7FF00B938BD014838BD00BF80B0FFFFBE
:10B4000070B51E4604460D46F9F7ECF900B170BD63
:10B410003246294604F10C00F9F7E4F90028F6D188
:10B4200004F118000121BDE87040F8F72BBD00BF02
:10B43000012A2DE9F843089FDDF824802FD80D4616
:10B44000814600211E4605F118001446F8F7FAFF60
:10B4500038B9B8F1000F38D0012338703360BDE837
:10B46000F88309F10400F8F7A9FD8146D4B9430037
:10B4700001339845336028D30423394602462846D1
:10B4800001F8013BF8F7D6FD50B909F1010105F1CA
:10B490000C004A463944BDE8F843F8F7CBBD0C48E8
:10B4A000BDE8F883431C984533600ED3002105F1B5
:10B4B0000C00F8F703FD3946831C4A46284601F87C
:10B4C000013BBDE8F843F8F7B5BD0248BDE8F88395
:10B4D00080B0FFFF00B1FFFF83B3F8B5147834B933
:10B4E000012B19D10846BDE8F840FFF70FBD1546FE
:10B4F00004301C460E46F8F761FD2B780746042BF6
:10B500001ED1430001339C4206D10246691C3046DD
:10B51000F8F75AFD10B1F8BD0A48F8BD791C3A4653
:10B5200006F10C002944F8F74FFD0028F3D106F18D
:10B5300018000121BDE8F840F8F7A4BC01487047A5
:10B540000148E8E780B0FFFF80B1FFFF012B12D96F
:10B5500070B414681646621C3260257845B15C1ED2
:10B56000A54205D854192B46346070BCFFF7B4BF10
:10B57000024870BC70470148704700BF80B0FFFFB1
:10B58000F0B583B0099C089E74B1013C771C1D4640
:10B5900001940097FFF74CFF20B92B6833702B689C
:10B5A00001332B6003B0F0BD0048FBE780B0FFFF24
:10B5B000022A21D90A68531C0B601378032B1BD174
:10B5C00030B4941CD51C0C6054780D60927842EA1B
:10B5D0000424182C0CD01946084B03E05A88A242C8
:10B5E00007D0197B0C330029F8D1054830BC7047CF
:10B5F000042130BC01F0F4BC02487047B0BB0260CB
:10B6000080B1FFFF80B0FFFF30B40578042D0CD06F
:10B6100003200E4C02E0854208D0207B0C34002829
:10B62000F9D1A0F59F4030BC7047084C0320022B95
:10B63000086008D91070002063881B0A5370638863
:10B64000937030BC70470248FBE700BFB0BB02609C
:10B6500000B1FFFF2DE9F0410C4686B006460121FE
:10B6600004F11800F8F7EEFEB8BB336BCBB3F36B05
:10B67000BBB3014605462046F8F7E4FE00282CDB64
:10B6800004F10C0729463846F8F7DCFE002824DBD5
:10B6900006F1040820464146F8F762FE00281CDA4D
:10B6A00041463846F8F75CFE002816DA6846F8F797
:10B6B0007FFA03A8F8F77CFA3A4639466846F9F764
:10B6C0000DF8054688B16846F8F77AFA03A8F8F746
:10B6D00077FA284606B0BDE8F081474806B0BDE8D5
:10B6E000F081464806B0BDE8F08131466846FEF775
:10B6F0003FFE05460028E6D1414F2246214603A8D9
:10B700003B6801333B60F8F7E9FF05460028DAD1D2
:10B71000314603A8FEF72CFE05460028D3D13B682E
:10B72000B26901333B60002A47D003A906F1100239
:10B730000846F8F753FF05460028C4D104E0F8F79F
:10B7400005FF05460028BED1414603A8F8F708FECC
:10B7500003A9002842460846F1DA03A92246084612
:10B76000F8F7BCFF05460028ADD1314603A8FEF727
:10B77000FFFD05460028A6D13B6803A906F11C027F
:10B78000013308463B60F8F729FF054600289AD1A7
:10B7900002E0F8F7DBFE68BB414603A8F8F7E0FDDE
:10B7A00003A9002842460846F3DA6846124DF8F726
:10B7B000D7FD002808BF002585E703A90322084616
:10B7C000F8F774FF054600287FF47DAF0CE0F8F72A
:10B7D00039FE424603A90028BFD003A8F8F7FEFEB1
:10B7E000054600287FF46FAF039B002103A88B421E
:10B7F000EDDBB2E7054666E780B3FFFF80B0FFFFF1
:10B8000090E800202DE9F04F8846CBB019461E463F
:10B8100091460546FFF71EFF0446002840F095803C
:10B82000286B00284ED0E86B00284BD004A805F107
:10B830004C0AF8F7BDF907A8F8F7BAF921465046BF
:10B84000F8F73CFB012840F08480EF6D24210220B2
:10B85000013717F005FA834601907F0800287AD057
:10B860003146FFF737FB044600287CD10BF1240654
:10B8700059463046FFF72EFB044678B9002F76D0A4
:10B88000834601E05F4572D03246314628460BF1CF
:10B89000010BFEF755FE0028F4D00446019D284612
:10B8A000FFF7C6FA3046FFF7C3FA284617F010FA3A
:10B8B00004A8F8F785F907A8F8F782F94046FFF7DA
:10B8C000B7FA20464BB0BDE8F08FFEF739FE019A7B
:10B8D00010A9002840F02A811BF807302846FFF7FE
:10B8E000F1F910AB42464146002840F01F8128463E
:10B8F000FFF722FB002840F01981013F42464146F4
:10B9000028467B1CE1D110A8FFF792FA029A414623
:10B910002846FEF7F1FD04460028BFD141462846DF
:10B92000FEF768FD019D04462846FFF781FA304680
:10B93000FFF77EFA284617F0CBF904A8F8F740F98C
:10B9400007A8F8F73DF9002CB8D120464BB0BDE868
:10B95000F08FAC48B6E704A8AB4CF8F731F907A86C
:10B96000F8F72EF9AAE7019B03F1240696E70DF5F7
:10B97000947B012228464BF8C46D5946FFF77CF8AA
:10B98000044600288AD13346019A31462846FFF7FB
:10B99000D3FA0446002881D1012259462846199637
:10B9A000FFF76AF8044600287FF478AF014648465E
:10B9B000F8F784FA4946029004A8F8F783F9044698
:10B9C00000287FF46BAF4A46514607A8F8F72EFED1
:10B9D000044600287FF462AF029B07A904A813F174
:10B9E000FF3318BF01231A460293F8F7CBF9044638
:10B9F00000287FF453AF01467A1C584617F02CF903
:10BA0000002F3BD00395DA465D4695F8009021461D
:10BA100004A8F8F753FA40EA0909391901344FFA32
:10BA200089F904A8F8F74AFAA74249EA400005F85C
:10BA3000010BEAD1039D00234FF0010E9AF801108B
:10BA40000EF1010E9AF800C081EA03020B4077451F
:10BA500002F0010154B281F001001CFB00F14CEA3C
:10BA6000C0104AB204EA020182EA040243EA010376
:10BA70008AF801200AF8010BDBB2DFD210A8FFF729
:10BA8000AFF94AAB019A41463B44284613F8C43CFF
:10BA9000FFF718F9044618B110A8FFF7C9F9FDE639
:10BAA00008F1180901214846F8F7ECF90446002886
:10BAB000F2D1549B002B3FF420AFAB6D2A1D0AA896
:10BAC0004FF00C0A07330392DB081C46F8F770F8B6
:10BAD0000DA8F8F76DF8559B2146549A0AA8F9F776
:10BAE000EDFC18B120E0F8F71DFBE8B903990AA8AE
:10BAF000F8F736FC00284FF001010AA8F3DABAF192
:10BB0000010A7CD0F8F79EFC0028E4DD0AAA494629
:10BB10004846F8F7E3FD044650B10AA8F8F750F894
:10BB20000DA8F8F74DF8B7E70446F6E70446B3E783
:10BB300048462946FEF71CFC04460028EDD1DFF8F4
:10BB4000D0900AAA0DA8D9F8003011460133C9F8DF
:10BB50000030F8F7C3FD04460028DED129460DA8C1
:10BB6000FEF706FC04460028D7D1D9F800300DAA0C
:10BB7000414640460133C9F80030F8F7AFFD0446AE
:10BB80000028CAD129464046FEF7F2FB04460028A9
:10BB9000C3D1D9F800300DA90AAA01330846C9F863
:10BBA0000030F8F79BFD04460028B6D129460DA8C1
:10BBB000FEF7DEFB04460028AFD1D9F8003008F1CB
:10BBC0000C0A0DAA013351465046C9F80030F8F767
:10BBD00085FD04460028A0D150462946FEF7C8FB43
:10BBE0000446002899D1D9F800300AA80133C9F8D1
:10BBF0000030F7F7E5FF0DA8F7F7E2FF7DE6034C0D
:10BC00004AE700BF80B0FFFF80B2FFFF00B3FFFF35
:10BC100090E8002038B5036B93B1C36B83B10D4638
:10BC2000044601212846F8F70DFC00280ADB04F140
:10BC30004C012846F8F794FB002803DA002038BDB1
:10BC4000014838BD014838BD80B0FFFF80B3FFFF19
:10BC50002DE9F04705460F4603F1180001211C4667
:10BC60001646DDF82080DDF82490F8F7EBFB88B964
:10BC700031462846FFF7CEFF08B1BDE8F087CDF882
:10BC800024902346CDF82080324639462846BDE828
:10BC9000F047B7E50048F0E780B0FFFFF0B5074692
:10BCA00083B00D461046012114461E46F8F7CAFB24
:10BCB00058B34FF0FF312046F8F7C4FB78B14FF08E
:10BCC000000E2246334629463846CDF804E0CDF82A
:10BCD00000E0FFF7BDFF0446204603B0F0BD31464B
:10BCE0002846FFF7F7F804460028F5D10C35014641
:10BCF0002846F8F7A7FB0028EED0391D2A4628462B
:10BD000003B0BDE8F040F8F791BC3146284603B0D7
:10BD1000BDE8F040FFF7DEB8F0B5046B8BB0B4B10E
:10BD2000C46BA4B115461E46044601A80F46FFF792
:10BD300057F82A46334601A92046FFF7AFFF0546CC
:10BD400040B101A8FFF774F828460BB0F0BD0D48CC
:10BD50000BB0F0BD119B3946109A2046FFF79EFFAD
:10BD600005460028EDD13B4601AA39462046FFF79B
:10BD7000E3F805460028E4D139462046FEF73AFBB1
:10BD80000546DEE780B1FFFF2DE9F04F056B83B07C
:10BD9000DDF83080DDF83490B5B3C46BA4B3C76D63
:10BDA000144606461F25073700F14C0B0193FF0888
:10BDB00000914FEAC70A4B46424639462046F9F7FA
:10BDC0007DFB10BBF16D2046C1EB0A01F8F7AAF923
:10BDD0000121D0B9013D20461AD0F8F733FB0028E5
:10BDE00059462046E7DBF8F7BBFA0028E3DA009B68
:10BDF000224601993046CDF83490CDF8308003B01A
:10BE0000BDE8F04FFFF724BF034803B0BDE8F08F53
:10BE1000024803B0BDE8F08F80B0FFFF00B3FFFF22
:10BE200010B582B0049C009313460A4600F1280125
:10BE30000194FFF7A9FF02B010BD00BF70B50C461A
:10BE400082B00146154620461E4601F0C9F850B999
:10BE5000019604F18803009504F17C0204F12801A5
:10BE60002046FFF791FF02B070BD00BF0378002BA2
:10BE700044D00A789A4241D12DE9F04301F1880774
:10BE8000ABB00C46054639468830F8F769FA002809
:10BE90003DD104F1940805F194004146F8F760FAA9
:10BEA000002834D104F1A00905F1A0004946F8F7B3
:10BEB00057FA054658BB264602A8FEF791FF7C229A
:10BEC00029460BA816F0C8FE16F8281B0BA801F08F
:10BED00087F804F17C0233460195009502A90BA86E
:10BEE000FFF7B6FE044658B102A8FEF7A1FF0BA863
:10BEF000FEF7AEFF20462BB0BDE8F0830C4870473C
:10BF0000394602A8F8F72CFA28B1094CECE70848A2
:10BF10002BB0BDE8F083414605A8F8F721FA0028C8
:10BF2000F3D1494608A8F8F71BFA0028DCD0ECE763
:10BF300080B0FFFF2DE9F04FA24EC1B0054609AC1D
:10BF40000FCE0FC496E803007C2284E80300002192
:10BF500021A816F081FE0FA8FEF742FF18A8FEF7F1
:10BF60003FFF06A8F7F724FE21A8012101F038F8C9
:10BF70000446D0B9002D44D1022106A8F7F782FF6C
:10BF80000446002800F00F8121A8FEF761FF0FA8EA
:10BF9000FEF74EFF18A8FEF74BFF06A8F7F710FEB6
:10BFA000204641B0BDE8F08F0446002C17DAB5B149
:10BFB0002146854816F05CFE21A8FEF749FF0FA830
:10BFC000FEF736FF18A8FEF733FF06A8F7F7F8FDCF
:10BFD0000A2016F061FE204641B0BDE8F08F21A88E
:10BFE000FEF736FF0FA8FEF723FF18A8FEF720FF85
:10BFF00006A8F7F7E5FD002DEAD1204641B0BDE8DF
:10C00000F08F724816F034FE022106A8F7F73AFFC7
:10C0100004460028C9D12BAE0190009006AA3346F1
:10C0200018A921A8FFF714FE04460028BDD100235B
:10C03000DFF8A491DFF8A4811021654F06A8654AB6
:10C04000C9F80030C8F800303B60F8F7CBFB044675
:10C050000028AAD101903346009006AA0FA921A872
:10C06000FFF7F6FD044600289FD109ABD9F8002060
:10C070004FF0010A05939B4603923B68D8F80020D5
:10C080000493029200235BF8042F102106A8C9F83C
:10C090000030C8F800303B60F8F7A4FB3346044694
:10C0A00006AA0FA9002880D1019021A80094FFF7CB
:10C0B000CFFD044600287FF478AF474B039A1B68F6
:10C0C000934240F0B180454B029A1B68934240F086
:10C0D000AB803F4B049A1B68934240F0A5800AF165
:10C0E000010ABAF1060FCDD1002D7BD13A4B1021B8
:10C0F000384A06A81D60394B1D60354B1D60F8F7A6
:10C1000071FB044600287FF43FAF019518AB009502
:10C1100006AA0FA921A8FFF79BFD044600287FF47B
:10C1200033AFD9F800300126DFF8ACA00393D8F87C
:10C130000030DFF8A8B00293059C3B68049300230D
:10C1400054F8042F102106A8C9F80030C8F80030B0
:10C150003B60F8F747FB00287FF426AF019018AB4F
:10C16000009006AA0FA921A8FFF772FD00287FF40E
:10C170001BAFDAF80030039A93425ED1DBF800304F
:10C18000029A9A4259D1124B049A1B68934254D195
:10C190000136062ED3D10446002D3FF4F5AE1048EB
:10C1A00016F08AFD08E72BAE0190009006AA3346F0
:10C1B00018A921A8FFF74CFD044600287FF4E4AE3F
:10C1C00035E700BF28040020E4190020841E002069
:10C1D00090E80020B81E002044E00020B4E10020D8
:10C1E000F8150020194816F067FD194816F040FDB3
:10C1F000184B194A10211C6006A8184B1C60184BDC
:10C200001C60F8F7EFFA044600287FF4CEAE0190E8
:10C2100018AB009006AA0FA921A8FFF719FD044644
:10C2200000287FF4C2AE7CE70DB90124ACE651468C
:10C230000C4816F01DFD0124BEE6002DF5D0314658
:10C24000084816F015FD0124B6E600BFF8150020D9
:10C25000FC1E002044E00020B81E0020B4E10020B5
:10C2600090E80020EC1E00202DE9F8430C21044644
:10C27000F7F7BAFC002840F0C780A2680746646858
:10C2800002F1180C02F1200102EB8404664656F814
:10C29000185C043656F8043C7D191D442CBF012758
:10C2A000002746F81C5CAB4288BF01378E42EED1B6
:10C2B00002F1280502F1300E0023A84658F8286C38
:10C2C00008F1040858F8049C9B194B442CBF012624
:10C2D000002648F82C3C994594BF3346731CF04522
:10C2E000ECD13B4497684FF00008D668DB1997699A
:10C2F0002CBF4FF00109C1463B4419EB0606936081
:10C300002CBF4FF00109C146BB42D7692CBF0023A7
:10C3100001231E449E422CBF4B4609F101033E44BB
:10C32000BE4238BF0133D66051F8186C043151F861
:10C33000047C18EB06063E442CBF4FF001084FF07A
:10C34000000841F81C6CB74288BF08F101088D4213
:10C35000EAD19844A946002159F8207C09F1040942
:10C3600059F8043CC91919442CBF0126002649F884
:10C37000241C8B4294BF3146711CF145ECD11669E7
:10C380004144536902F110078919D2F820804FF017
:10C39000000E2CBF012600264144F31811612CBF6A
:10C3A0004FF001094FF000098845D2F8248094BF6E
:10C3B0000026012633449E4294BF494609F10101FB
:10C3C0004344434538BF013153613E6876443E6083
:10C3D0002B68334447F8043B55F8048B43452CBF86
:10C3E0000023012376452CBF9E4603F1010E6745CD
:10C3F000EBD102F11C0371449C42916104D90022EB
:10C4000043F8042B9C42FBD8BDE8F8832DE9F04F9C
:10C4100093B0064601250D2405AB0190342200217E
:10C42000184604930295039416F016FC3046182122
:10C43000F7F7DAFB0090002840F02A82B3681C6806
:10C44000D3F830A05D6D54441E6DD86DA24505EB48
:10C4500004015A6894BF002401248D4288BF01342E
:10C4600071182CBF4FF0010E4FF0000E0F1A7444DC
:10C470001F60884294BF2146611E4C1C00F00C8254
:10C4800052182CBF4FF0010E4FF0000E4FFA8EFEE7
:10C49000596B9C6D0A449F68914288BF0EF1010E52
:10C4A0002244944288BF0EF1010E0244904288BF9C
:10C4B0000EF1010ECAEB020C924594BF7246AEF12A
:10C4C0000102C6EB0C0E664588BF013AC3F804E0D2
:10C4D00052B2002AC0F25382BA182CBF4FF0010C9E
:10C4E0004FF0000C4FFA8CFCD3F83890DF684A44C8
:10C4F000914588BF0CF1010C0244904288BF0CF1B9
:10C50000010CC1EB020E914294BF6246ACF10102F4
:10C51000C5EB0E0C754588BF013AC3F808C052B28E
:10C52000002AC0F22282BA182CBF4FF0010E4FF041
:10C53000000E4FFA8EFED3F83CC01F69624494454A
:10C5400088BF0EF1010E5244924588BF0EF1010ED4
:10C550003244964288BF0EF1010E2A44954288BFAC
:10C560000EF1010EC9EB0208914594BF7246AEF17F
:10C570000102C4EB080E444588BF013AC0EB0E0827
:10C58000704588BF013AC3F80C8052B2002AC0F24D
:10C59000E381BA182CBF012700277FB22A44D3F8C1
:10C5A00040E0D3F81480954288BF01372A44954271
:10C5B00088BF01377244964588BF01370A449142CB
:10C5C00088BF01375244924594BFBA4607F1010A29
:10C5D0003244964288BF0AF1010A2244944288BF3D
:10C5E0000AF1010ACCEB020B944594BF5246AAF122
:10C5F0000102C0EB0B07584588BF013AC0EB070AA0
:10C60000B84288BF013AC3F810A052B2002AC0F263
:10C61000998118EB02022CBF4FF0010A4FF0000A7B
:10C620004FFA8AFA22445F6CD3F81880944288BF8C
:10C630000AF1010A2244944288BF0AF1010A3A44ED
:10C64000974288BF0AF1010A4A44914588BF0AF11E
:10C65000010A0A44914288BF0AF1010A2A4495421C
:10C6600094BF51460AF1010182182CBF4FF0010B13
:10C670004FF0000BCEEB020A5944C3F814A09645C4
:10C6800094BF0A464A1E52B2002AC0F2538118EBE8
:10C6900002022CBF0121002149B20244D3F8488094
:10C6A000D3F81CA0904288BF01310244904288BF59
:10C6B00001314244904588BF01316244944588BFAE
:10C6C00001314A44914588BF0131A2182CBF4FF077
:10C6D000010B4FF0000BC7EB02095944C3F8189047
:10C6E000974294BF0A464A1E52B2002AC0F21881ED
:10C6F0001AEB02022CBF4FF0010A4FF0000A4FFA6A
:10C700008AFAD96CD3F820900A44914288BF0AF182
:10C71000010A7244964588BF0AF1010A62449445B1
:10C7200094BFD4460AF1010C82182CBF4FF0010BC4
:10C730004FF0000BC8EB020ADC44C3F81CA0904584
:10C7400088BFACF1010C4FFA8CFCBCF1000FC0F2B9
:10C75000DD8019EB0C0C2CBF4FF001094FF00009E4
:10C760004FFA89F9B4445A6A664588BF09F101094C
:10C77000BC44674588BF09F101091EEB0C0E2CBFB4
:10C780004FF0010A4FF0000AC1EB0E0CD144C3F880
:10C7900020C0714594BFCE46A9F1010E4FFA8EFE1E
:10C7A000BEF1000FC0F2A78012EB0E0C2CBF0122CD
:10C7B00000224FFA82FEAC449A6A654588BF0EF1AA
:10C7C000010EC444E04588BF0EF1010E17EB0C07C3
:10C7D0002CBF4FF001094FF00009C6EB070CCE4407
:10C7E000C3F824C0BE4294BF7746AEF101077FB2C2
:10C7F000002F76DB12EB070E2CBF0122002252B273
:10C80000A644DF6A744588BF01328E44714588BFF3
:10C81000013218EB0E082CBF4FF0010C4FF0000C4A
:10C82000C5EB080E6244C3F828E0454594BF1546A1
:10C83000551E6DB2002D4BDB7A192CBF0127002746
:10C840007FB20244019D904294BF3846781C324426
:10C850006D68964294BF0646461C89182CBF01227B
:10C8600000220F1B1644DF628C4294BF3446741EB4
:10C870000D2D64B224EAE4721A6307D903EB85052F
:10C880000022343343F8042B9D42FBD1002C0BDBF8
:10C89000009813B0BDE8F08FB2FA82FE013A4FEA79
:10C8A0005E1ECEF1000EF3E5039A6FF04043019E49
:10C8B00064421344049D324602A9304645F82340A1
:10C8C000F7F744FE0028E3D14FF0FF333360DFE792
:10C8D000C5F1000EEA1977454FF0FF3728BF002752
:10C8E000AFE7C7F1000C07EB020E62454FF0FF32D5
:10C8F00028BF002284E7CEF100090EEB020C4FF0B6
:10C90000FF3E4A4528BF4FF0000E54E7CCF1000A25
:10C91000CC44D1454FF0FF3928BF4FF0000921E743
:10C92000C2F100095244CA454FF0FF3A28BF4FF008
:10C93000000AE6E65142424488454FF0FF3128BFE5
:10C940000021AAE6C2F1000A4244D0454FF0FF3A66
:10C9500028BF4FF0000A65E6C2F100083A44474597
:10C960004FF0FF3728BF002718E6C2F1000E3A4407
:10C9700077454FF0FF3E28BF4FF0000EDBE5C2F1D8
:10C98000000C3A4467454FF0FF3C28BF4FF0000CC5
:10C99000AAE500BF2DE9F04F8FB006460125082417
:10C9A00006AB20220021039518460593049416F047
:10C9B00053F930460E21F7F717F90746002840F0E3
:10C9C000C080B3681968D3F81C90DA6A4945C9EB8E
:10C9D000010458682CBF00210121A24288BF013107
:10C9E000A41A49421C6049B2002940F0AE803C467E
:10C9F000D3F82080196B804588BF013CC8EB00004C
:10CA00009D68814288BF013C401A64B25860002C86
:10CA100040F0D9802046D3F824C05C6BAC4588BF79
:10CA20000138CCEB0505D3F80CA0AC4288BF013827
:10CA30002D1B40B29D60002840F0BD800190D3F8CE
:10CA400028E0D3F810B0D645CEEB090598BF0020FA
:10CA5000554488BF0120A94594BF4042C0F1010060
:10CA600012EB0509019DC3F80C9045EB000040B2A4
:10CA70000028C0F297801BEB00002CBF4FF0010B89
:10CA80004FF0000B4FFA8BFB8242C2EB08095D6945
:10CA900094BF002201224844804594BFC2F100089F
:10CAA000C2F1010808184BEB080818614FFA88F822
:10CAB000B8F1000F6DDB15EB08082CBF0125002530
:10CAC0006DB2C1EB0C0041459A6994BF0021012170
:10CAD0008044C44594BFC1F1000CC1F1010C14EBBA
:10CAE000080045EB0C0C58614FFA8CFCBCF1000FB0
:10CAF00046DB12EB0C0C2CBF0120002040B2C4EB33
:10CB00000E0264457168624494BF002401249A6156
:10CB1000964594BFC4F1000EC4F1010E0829864465
:10CB20004FFA8EFE2EEAEE72DA6107D903EB81022C
:10CB30002033002143F8041B9342FBD1BEF1000FC8
:10CB40000ADB38460FB0BDE8F08F4C42A04234BF3C
:10CB5000FF24002408444BE7049A6FF04044CEF1D0
:10CB60000003059D144403A93246304645F824309D
:10CB7000F7F7ECFC0028E4D14FF0FF333360E0E737
:10CB8000CCF10000944482424FF0FF3028BF0020D7
:10CB9000B5E7C8F10002A84495424FF0FF3528BF21
:10CBA00000258EE745425844AB454FF0FF3B28BF78
:10CBB0004FF0000B68E74542AA4534BFFF2500252A
:10CBC000824401953BE76042854234BFFF2000204C
:10CBD000254420E72DE9F04F8FB0054601260924B2
:10CBE00005AB24220021029618460493039416F004
:10CBF00033F828461021F6F7F7FF0190002840F09F
:10CC00009881AB681A68D3F82090D3F824804A44FE
:10CC1000D3F82CE01F6B914508EB020C586B94BFC6
:10CC200000240124CEEB0C029E6BE04588BF01344A
:10CC3000D11BE64588BF013C974294BF2246621E45
:10CC40000C1A884288BF013AC6EB040CA64294BF76
:10CC50001146511EC3F800C05A680029C0F26D8108
:10CC600051182CBF0122002252B24144D3F828C0EF
:10CC7000DC6B884588BF01326144D3F808A08C453D
:10CC800088BF0132C7EB010B8F4294BF1146511E82
:10CC9000C0EB0B02584588BF0139C6EB020B964228
:10CCA00094BF0A464A1EC4EB0B015C4594BF9346F1
:10CCB000A2F1010B59604FFA8BFBBBF1000FC0F2E0
:10CCC00086811AEB0B0B2CBF0121002149B2E344F2
:10CCD000D3F80CA0DC4588BF0131F344DE4588BFA2
:10CCE0000131C0EB0B02584588BF0139C6EB020B7E
:10CCF000964294BF0A464A1EC4EB0B015C4594BFA2
:10CD00009346A2F1010B99604FFA8BFBBBF1000F28
:10CD1000C0F254811AEB0B0B2CBF0121002149B248
:10CD2000F344D3F810A0DE4588BF0131F344DE455B
:10CD300088BF0131BB445F4588BF0131BB445F45BB
:10CD400088BF01318344584588BF0131C4EB0B02D1
:10CD50005C4588BF0139C9EB020B914594BF0A4677
:10CD60004A1EC8EB0B01D84588BF013AD96052B2C0
:10CD7000002AC0F219811AEB02022CBF4FF0010BFE
:10CD80004FF0000B4FFA8BFB3A445969974288BF2A
:10CD90000BF1010B3A44974288BF0BF1010B02449F
:10CDA000904288BF0BF1010B0244904288BF0BF107
:10CDB000010B3244964288BF0BF1010BC8EB020A0B
:10CDC000904594BF5A46ABF10102CCEB0A0BD44517
:10CDD00088BF013AC3F810B052B2002AC0F2DB801B
:10CDE0008A182CBF0121002149B20244D3F818A0AF
:10CDF000904288BF01310244904288BF01313244E1
:10CE0000964288BF01313244964288BF01312244A4
:10CE1000944288BF0131CCEB020B944594BF0A4683
:10CE20004A1ECEEB0B01DE4588BF013A596152B272
:10CE3000002AC0F2A7801AEB02022CBF4FF0010AB1
:10CE40004FF0000A4FFA8AFA3244D969964288BFF5
:10CE50000AF1010A3244964288BF0AF1010A2244CB
:10CE6000944288BF0AF1010A2244944288BF0AF121
:10CE7000010A3244964294BF56460AF10106024422
:10CE8000904288BF0136C9EB020A914588BF013E36
:10CE9000C8EB0A02D04594BFB046A6F101089A61DA
:10CEA0004FFA88F8B8F1000F62DB11EB08022CBFD3
:10CEB0000121002149B222446E68944288BF0131A9
:10CEC0002244944288BF01312244944294BF0C46CC
:10CED0004C1C4A44914594BFA14604F10109CCEB96
:10CEE0000201944594BFCC46A9F1010CCEEB01049C
:10CEF0008E4594BFE646ACF1010EE11BA74294BFFC
:10CF00007746AEF101070A1A884294BF3846781E68
:10CF1000DA61092E40B220EAE0721A6207D903EB07
:10CF200086060022243343F8042B9E42FBD10028BE
:10CF30000BDB01980FB0BDE8F08F4C421144A242C8
:10CF40004FF0FF3228BF00228FE6039A6FF0404473
:10CF50004342049E144402A92A46284646F8243037
:10CF6000F7F7F4FA0028E4D14FF0FF332B60E0E745
:10CF7000C8F1000608EB0102B1424FF0FF3128BFB3
:10CF8000002198E7514252448A454FF0FF3A28BFAA
:10CF90004FF0000A58E7C2F1000B0A4459454FF020
:10CFA000FF3128BF002120E7C2F1000B5244DA45CF
:10CFB0004FF0FF3B28BF4FF0000BE5E6CBF100013F
:10CFC000D3448A454FF0FF3128BF0021A8E6CBF1BA
:10CFD0000001D3448A454FF0FF3128BF002176E697
:10CFE000F8B50D460446FDF733FF6B1E2570032B85
:10CFF00065D8DFE803F0573A2D02334B0125334E55
:10D000000C2203F1300103F1600003F19007E360AB
:10D01000C03361626065201D2D492763E363666646
:10D020006560E561E564A562656325646564A26089
:10D0300022622265E262A263A164F6F797FFA0650F
:10D0400004F14C00F6F792FF2566E0650020F8BD7C
:10D05000204B0125204E082203F1200103F140005E
:10D0600003F16007E3608033D3E71C4B01251C4FBD
:10D07000082603F1200203F13C0103F15800E360AC
:10D0800074336262616507222063201D1049E363E7
:10D0900067666560E561E564A5626563256465644E
:10D0A000A660C5E70F4B01250F4E062203F11801BC
:10D0B00003F1300003F14807E3606033A9E720463D
:10D0C000FDF7C6FE0948F8BD94BD02600DC40060BE
:10D0D00058620020F4BC0260D5CB006064BC0260E2
:10D0E00095C90060ECBB026069C2006080B1FFFFBF
:10D0F0002DE9F04F8E460F2191B01EF80FCF0F9201
:10D100000CEA01044FEA1C1C00EBC404CDE900AB9F
:10D11000D4E93023D4E9104525E01EF801CD0E9A5C
:10D12000534B0CF00F04CDF828804FEA1C1C53F829
:10D13000323000EBC4041B04DDE904670B93D4E92F
:10D140003023D4E9104556405F4032463B465646B0
:10D150005F4666406F4034463D46DDE90A6756400B
:10D160005F4032463B4626094FF000081709013957
:10D17000009604F00F06069700EBCC0C009F2C09DC
:10D18000CDF830804FEA027947EA05770194CDF86F
:10D1900020800097364F57F83660069F47EA03779E
:10D1A0001B09069707933304DDE90645DCE9306780
:10D1B0000D9374407D4026462F46DDE90CABDDE93A
:10D1C00000238AEA060A8BEA070B42EA080243EACE
:10D1D000090356465F46DCE9104562404C1C4FEAA5
:10D1E000161483EA05034FEA067504944FEA1214F5
:10D1F0000995029402F00F04029D0E9445EA03750E
:10D200000295049D45EA0B7504954FEA13150395A5
:10D210004FEA1715DDE908AB0595DDE902454AEA55
:10D22000040A4BEA050B7FF478AF0F9C390E3D0CD6
:10D23000E7704FEA172E21702746300EE671310C49
:10D24000E372E273360A65701D0E84F802E01C0C6E
:10D250003871180A7971130C110EBE71120A3D72E1
:10D260007C72B87239737B73BA7311B0BDE8F08FFA
:10D2700088BE02604FF4C472002115F0EDBC00BFFF
:10D280002DE9F04F04468BB093460846012219461B
:10D290001D46FAF767FB002800F09C80D0F814A028
:10D2A0008046BAF1100F40F095802046FAF772FBE5
:10D2B00041462046FAF77EFB10B10BB0BDE8F08F77
:10D2C0002A46594601232046FAF7A0FB05460028C6
:10D2D000F3D105A906AB52462046009119460595A3
:10D2E0000695079508950995FAF744FC86460028A7
:10D2F0006CD1089B4FF0000A099D4FF0040E93FA81
:10D3000083FB079B95FA85FC069A1DBA5B4611BA0A
:10D310004FF0000B40EA0C0228434FF0030C04F5D9
:10D320008075C4E92023C5E90001C4E930ABC4E934
:10D3300010AB02F0010AC7075B084FEA3202490846
:10D340004FEA30004FEA4A1B002604EBCE053B4370
:10D35000CBEB0A0A32437040BCF1010C4FEA0A6978
:10D360004FEA6E0E81EA0901C5E91023C5E93001D3
:10D37000DFD1022704F1C00304F1400C4FF0030E8B
:10D380003D460293EA00029E604601230CEB020137
:10D3900032442F46D1E90089D2E900ABF6E90245D3
:10D3A000013384EA0A0485EA0B05BB42E2E902453F
:10D3B000F0E9024584EA080485EA0905E1E9024545
:10D3C000ECD1BEF1010E4FEA4305DBD170460BB044
:10D3D000BDE8F08F6FF013000BB0BDE8F08F00BF19
:10D3E0002DE9F04F00268DB00796DDF858A0DDF846
:10D3F0005C80002B00F0B68005461C4600F5B87B2B
:10D4000000F5B0730F469146002100F5A072002090
:10D41000C5F860610C2C5E609E60DE60C5F87061CE
:10D42000CBF80460CBF80860CBF80C60C5F88071CD
:10D43000C2E900012A46E2E95201039200F0848029
:10D44000E20005F25F11CDF814B09B46100E0F46B6
:10D450000491110C8DF82F20120ACDF85C80A8469B
:10D46000089609968DF82C008DF82D108DF82E2039
:10D470000A96102C26463D4609F1FF3028BF10269B
:10D48000394606F25F1EC64411F8012F10F8013F1D
:10D49000714583EA02030B70F6D15A46594640465D
:10D4A000B144FFF725FEA41BE3D12F465B4645465A
:10D4B000DDF814B0DDF85C8008AE0499204601E088
:10D4C00016F8014F11F8012F01306240102807F8BB
:10D4D000012FF5D11A46194628460493FFF708FE96
:10D4E000049B07A81946102205F5A873009028464A
:10D4F000FAF740FB28BB039BC5F848815860B8F198
:10D50000000F1DD005F26F14464623460AF1FF3185
:10D51000102E28BF102606F26F172F4413F8010FA4
:10D5200011F8012F9F4282EA00021A70F6D15A4682
:10D5300059462846B244FFF7DBFDB8EB0608E3D1B5
:10D5400000200DB0BDE8F08FD9F800400122D9F8D5
:10D550000400D9F80810C5F860415860996085F852
:10D560006F21BEE76FF01300EBE700BF2DE9F04F2E
:10D570009A4689B00023164692450546884603938D
:10D5800003D9C2EB0A038B4264D32C464FF00F0C35
:10D590006FF01F0BF4E9500110EB080241F100039A
:10D5A0009C4508BF934555D38B4208BF824251D357
:10D5B000C4E90023B8F1000F42D005F5B07B05F5B2
:10D5C000B87947464C4649461022102F28BF1027ED
:10D5D00011F8013D013A01330C2ADBB20B7001D97D
:10D5E000002BF5D003AB102259462846009304AB1C
:10D5F000FAF7C0FA28BB3146D5F880213E440DF138
:10D600000F0E0AF1FF301AB922780B7853402370BD
:10D610000B7801311EF8012F534000F8013FD5F877
:10D620008021012A10D0B14204F10104EBD14A4615
:10D6300049462846BA44FFF75BFDB8EB0708C0D15E
:10D64000002009B0BDE8F08F94F800C083EA0C0315
:10D650002370E8E76FF01300F3E700BF2DE9F04F08
:10D66000D0F84C31161FD0F8447187B04FEAC30888
:10D67000D0F84041FF00D0F848310C2E47EA5477EB
:10D6800048EA537875D88B464FEAC40900F5A8716B
:10D69000064658464FEAC30A154615F011FB59EAEB
:10D6A000070306D15AEA080303D1002007B0BDE8FA
:10D6B000F08F4FEA184C8DF80B804FEA1A6E8DF8F8
:10D6C0000FA04FEA1A4206F26F144FEA18638DF862
:10D6D00013704FEA18288DF817904FEA1A2A8DF820
:10D6E00009C08DF80A804FEA176C4FEA17488DF889
:10D6F0000CE03F0A8DF80EA04FEA196E8DF80D2050
:10D700004FEA194A8DF810C04FEA192902A821469C
:10D7100001948DF808304FF0000C8DF811802246EE
:10D720008DF812708DF814E08DF815A08DF8169014
:10D7300001E010F8013F12F8017F0CF1010C7B4071
:10D74000BCF1100F01F8013FF3D106F5B872013DAD
:10D7500030461146FFF7CCFC0BF1FF30AB4410F81C
:10D76000012F14F8013F584583EA02030370F6D1F4
:10D770009BE76FF0130099E72DE9F04383B01E4655
:10D7800017460B9D32460C9C00950DAD0194044646
:10D790000A9BDDF8408095E86002FFF721FE10B19A
:10D7A00003B0BDE8F08333462A4639462046FFF7EA
:10D7B000DDFE0028F4D14A464146204603B0BDE8CC
:10D7C000F043FFF74BBF00BF2DE9F0418CB00E4690
:10D7D0000021139C0DF1200E129D159F01950294BE
:10D7E000169D179C009313460395324605970494A3
:10D7F000CDF818E0149DFFF7BFFF88B99FB107F17E
:10D80000FF386A1E0DF11F01454412F8017F11F81F
:10D81000013FAA4283EA070340EA0300F5D120B999
:10D820000CB0BDE8F0813846FAE72046314604F0F6
:10D8300095F96FF01100F3E710B50446FAF7AAF86E
:10D840004FF4C4712046BDE8104004F087B900BF12
:10D850002DE9F04FBF4BADF50D7D4FF0800A1393CE
:10D8600003F5907308901493CDF824A0099B00242D
:10D87000139AA3F1C003A2460A92B3FA83F35B0999
:10D880001593B54B1193149B98464FF4C472002125
:10D890002AA815F0E1F9089B002B40F0D481AF4B8A
:10D8A00002212AA803EB44131A460B93099BFFF7A6
:10D8B000E7FC10F1230F034603D1159A002A40F02C
:10D8C000FA81002B40F0A381A54B16ACA5484FF080
:10D8D000100B53F82A7003F55273A34E4FEA8A09CE
:10D8E00053F82A1003F5D873069453F82A20A3F5A9
:10D8F000587300EB811100F5D87053F82A3000EB13
:10D900008212A0F5E47006EB831306F5527650F808
:10D910002A0056F82A600E9135460F961AAE1092DC
:10D920000D900191012103923A4600902AA8029598
:10D93000CDF814B004960C93FFF71EFF03460028A1
:10D9400040F0658112903A464146304615F06CF938
:10D95000129B002840F0CC815A460A992046129327
:10D9600015F062F9002840F0C3812AA8FAF712F8EE
:10D970004FF4C4712AA804F0F1F8089A002A40F084
:10D9800069814FF4C47208992AA815F065F9099BBA
:10D9900002210B9A2AA8FFF773FC0346002840F0E7
:10D9A00036810F9A01460D9D4FF0100B0E980C9B7F
:10D9B00002923A4601902AA806940496CDF80C806B
:10D9C0000095CDF814B0FFF7D7FE0346002840F0CD
:10D9D0001E813A461099304615F026F9002840F08D
:10D9E00087815A460A99204615F01EF98346002879
:10D9F00040F07E812AA8F9F7CDFF4FF4C4712AA820
:10DA000004F0ACF8089B002B40F035814FF4C47251
:10DA100008992AA815F020F9099B02210B9A2AA837
:10DA2000FFF72EFC0346002840F0F1800F9B0121F8
:10DA30000E9A2AA8019300920D9B0C9AFFF7D0FC36
:10DA40000346002840F0E380202F40F2D680109D4E
:10DA5000334620212AA82A46203FFFF787FD0346A8
:10DA6000002840F0D4802A4622AB39462AA820322A
:10DA7000FFF77CFD0346002840F0C98010222146B4
:10DA80002AA8FFF7EBFD0346002840F0C080344B86
:10DA90004146304653F809B05A4615F0C5F80028FB
:10DAA00040F0268110220A99204615F0BDF807465D
:10DAB000002840F01D812AA8F9F76CFF4FF4C471CB
:10DAC0002AA804F04BF8089B002B40F0E4804FF4A8
:10DAD000C47208992AA815F0BFF8119B02211F4DA6
:10DAE0002AA81A68099B05EB4212FFF7C9FB0346F7
:10DAF000002840F08C8005F5816205F51C73014615
:10DB00002AA852F8097005F5227205F5846553F8C4
:10DB1000093002EB8717303A55F8095052F80920BE
:10DB20000097114F019507EB8212FFF759FC03464E
:10DB300000286CD1BBF1200F7BD93346424620210F
:10DB40002AA8FFF713FDABF12005034600285ED19C
:10DB50000CE000BF08BF026060CA0260A8C4026097
:10DB600068C5026030C7026080C5026022AB2946EA
:10DB700008F120022AA8FFF7F9FC0346002846D145
:10DB8000102221462AA8FFF769FD034600283ED14E
:10DB90005E4B304653F80910A3F59F6353F80920F4
:10DBA00003F55E7303EB811115F03EF8002840F099
:10DBB0009F80204610220A9915F036F8002840F080
:10DBC00097802AA8F9F7E6FE4FF4C4712AA803F05B
:10DBD000C5FF089B002B40F08780119B0AF1010ACA
:10DBE0000A9A08F140080433BAF1060F02F1100254
:10DBF00011930A9262D01C6847E63346109A394660
:10DC00002AA8FFF7B3FC034600283FF437AF089A71
:10DC1000002A71D12AA80893F9F7BCFE2AA84FF46C
:10DC2000C47103F09BFF089B18460DF50D7DBDE800
:10DC3000F08F3346594642462AA8FFF797FC034621
:10DC400000289DD0E3E7324B52460999314815F040
:10DC50000FF824E6304815F02FF8129B4FF4C472E9
:10DC60002AA8194614F0F8FF2C4B52460999294866
:10DC700014F0FEFF8BE6284815F01EF859464FF4C5
:10DC8000C4722AA814F0E8FF214B5246099924488F
:10DC900014F0EEFFC0E6204815F00EF839464FF4B8
:10DCA000C4722AA814F0D8FF1C4B524609991C488C
:10DCB00014F0DEFF11E71B4814F0FEFF139A099BD6
:10DCC000603240331392149AB3F5A07F099302F5A2
:10DCD000C07214927FF4CAAD089B9BB9002318460A
:10DCE0000DF50D7DBDE8F08F0B4814F0E5FF74E7EE
:10DCF000089A0123002A8DD00B48089314F0DCFF0A
:10DD0000089B87E70A2014F0C7FFE7E760CA0260B4
:10DD1000D415002058200020F8150020D015002030
:10DD200074200020F01500204816002070B5064D24
:10DD300014460B462E6834448119184614F0C0FF6F
:10DD400000202C6070BD00BFA0EC002064220021E8
:10DD500014F082BF41657047016570478165704767
:10DD60002DE9F043884693B004460068914600F0E0
:10DD700009FB00230546B8F1000F3AD0B9F1000FB6
:10DD800037D002278DF8043004F10C0619E002A9FF
:10DD9000204600F0B9FB2A4602A9204600F02AFBE3
:10DDA0002A463146204600F09BFB3146204600F0D3
:10DDB000ABFB9DF804300133DBB2BB428DF804307D
:10DDC00014D2204600F0D6FB2A463146204600F009
:10DDD00087FB012201A9204600F082FB022FD6D149
:10DDE0004A464146204600F07BFBD0E713B0BDE831
:10DDF000F08301278DF80430C6E700BF2DE9F84312
:10DE000017460122984605460E4600F07BFA044666
:10DE1000B0B905F10C09304600F0B4FA02464946A3
:10DE2000284600F0E7FA304600F0ACFA012102463D
:10DE3000484614F011FF424639462846FFF790FF46
:10DE40002046BDE8F88300BFB2F5807F2DE9F041A0
:10DE5000E0B02BD8076DD319B3F5C07F26D80446A0
:10DE60000E46154600214FF4C072684614F0F4FEC9
:10DE70003A466946E36D206E98470746E0B9D4F804
:10DE8000508006B155B9424669462046FFF768FF03
:10DE90000123E364384660B0BDE8F0810DEB080073
:10DEA00031462A46A84414F00BFFECE76FF0040754
:10DEB000384660B0BDE8F0816FF00807EAE700BFC0
:10DEC0002DE9F041904601221F4604460D4600F020
:10DED00019FA08B1BDE8F081284604F10C0500F0FC
:10DEE00051FA064629462046324600F083FA324669
:10DEF0002846012114F0B0FE42F21073142EC4F82B
:10DF00005C802766A3650CD818231025236520465E
:10DF1000079A0699FFF798FF0028DBD12565BDE831
:10DF2000F0811C2E8BBF3023242320251825EDE7FC
:10DF30002DE9F84F1546064600680F469B46DDF86A
:10DF400028A000F01FFAB5F5806F49D8BAF5807F98
:10DF500042D8F36D814633B1736D012B34D0F26C2E
:10DF6000B36D9A4230DCBBF1000F07D0BAF1000F5D
:10DF700004D0524659463046FFF7F2FECDB106F1C5
:10DF80000C084D4530462C4628BF4C4600F0F2FAAE
:10DF90004A464146304600F0A3FA4146304600F07A
:10DFA000B3FA38462246414614F08AFE2D1B274418
:10DFB000E7D1304652465946FFF7D2FEF36C0020B7
:10DFC0000133F364BDE8F88F524659463046FFF7F7
:10DFD0003BFF18B98246D1E76FF00400BDE8F88F27
:10DFE0006FF00200BDE8F88F00B5002383B0009306
:10DFF000FFF79EFF03B05DF804FB00BF48B110B50A
:10E00000044600F065F964212046BDE8104003F0A5
:10E01000A5BD70472DE9F041B0B00446042000F0E2
:10E0200045F964220546002117A814F015FE7CB9B5
:10E03000694E2946019417A80094684B684A3460D9
:10E04000FFF73EFFE0B10125284630B0BDE8F08182
:10E0500000276448604E14F00BFE2946019717A86C
:10E0600000975E4B5E4A3760FFF72AFF00287FD09B
:10E0700001255D4814F020FE284630B0BDE8F0814F
:10E0800003AF4FF0010E009423463946502217A8E3
:10E09000CDF8B0E0FFF74CFF0028D4D10023502288
:10E0A000394617A80093FFF743FF00285DD150229F
:10E0B0004E49384614F0B8FD8046002855D117A8BF
:10E0C00000F006F9642117A803F048FD17A800F036
:10E0D000FFF8642117A803F041FD002C58D16422F9
:10E0E000214617A814F0B8FD019400942946404B2E
:10E0F00017A83B4A3460FFF7E3FE0028A3D122466D
:10E10000214617A8FFF7A0FE00289CD1002350222B
:10E11000394617A80093FFF70BFF034628BB009072
:10E120005022394617A8FFF703FFF0B938465022AE
:10E13000304914F079FD0546B8B917A800F0C8F8C1
:10E14000642117A803F00AFD17A800F0C1F817A86A
:10E15000642103F003FD002C3FF476AF264814F051
:10E16000ABFD0A2014F098FD6EE7002C80D16AE721
:10E1700003AF4FF0010E009003463946502217A816
:10E18000CDF8B0E0FFF7D4FE00287FF471AF85E74B
:10E19000194814F091FD194814F06AFD64224146B3
:10E1A00017A814F059FDCDF80480CDF80080294659
:10E1B0000F4B17A80A4AC6F80080FFF781FE002817
:10E1C0007FF456AF0246014617A8FFF73DFE002830
:10E1D0007FF44EAF9AE700BFA0EC002078CA02603F
:10E1E0002DDD00609420002048160020B0CA026097
:10E1F00000CB026028CB0260F8150020B020002080
:10E200000048704778CB0260002833D0014610B533
:10E210000446194814F028FD20B32146174814F08D
:10E2200023FDE8B12146164814F01EFDC0B1214679
:10E23000144814F019FDB8B12146134814F014FD28
:10E24000A0B12146114814F00FFD88B121461048B5
:10E2500014F00AFD0F4C00280CBF2046002010BD12
:10E260000D4810BD0D4810BD0D4810BD0D4810BD26
:10E270000D4810BD704700BFCC200020F4210020C5
:10E28000243D002018220020C0350020EC3500205D
:10E290009022002058CE026018CF026048CF026062
:10E2A000E8CE0260B8CE026088CE02600338C0B209
:10E2B000052803D8024B53F8200070470020704710
:10E2C000DC0500200023036043608360704700BFCB
:10E2D000B8B10368ABB110B50446406808B15B6AD9
:10E2E0009847A06838B12368D968490003F036FC24
:10E2F000A06814F0EDFC20460C21BDE8104003F0AE
:10E300002DBC7047C9B1C0B1F8B505460B6A0C46C3
:10E31000164698470746686088B116B92C600020F9
:10E32000F8BDE168022014F09BFCA8600028F5D13C
:10E330003846636A98470348F8BD03487047014868
:10E34000F8BD00BF80AEFFFF00AFFFFF0122FFF767
:10E35000D9BF00BF78B1026869B162B10B6853B12F
:10E3600010B5D41A18BF01243CB9936A49684068B3
:10E370009847204610BD02487047014810BD00BFB5
:10E3800000AFFFFF00B1007A704700BF00B1007816
:10E39000704700BF00B14068704700BF20B10368FC
:10E3A00013B11B69406818470048704700AFFFFF72
:10E3B00020B1036813B15B69406818470048704793
:10E3C00000AFFFFF20B1036813B19B694068184795
:10E3D0000048704700AFFFFF40B130B40C46C5693C
:10E3E00011461A4620462B4630BC18470048704755
:10E3F00000AFFFFF00286ED003682DE9F04305460B
:10E4000091B0002B65D08668002E62D09046DA6805
:10E41000894642450ED21B69406898470446002849
:10E420003ED06F463846402103F098FB204611B09D
:10E43000BDE8F08313466F461A4636213046F4187D
:10E4400014F00AFC2B6820465C21DA6814F004FC06
:10E45000B8F1000F15D009F1FF31601E06EB08027C
:10E46000334693F800E011F8014F8EEA040403F8F4
:10E47000014B9A4210F801EF0C788EEA0404047004
:10E48000EFD12B6868681B69984704460028C9D1FA
:10E490002B68314668685C69DA68A0470446C1E7C2
:10E4A0002B684246494668685B696F469847044650
:10E4B0000028B7D12B68694668689B69984704466D
:10E4C0000028AFD12B68E946AE68D3F80880DB6836
:10E4D000B2E70248ABE70148704700BF00AFFFFF5B
:10E4E00068B103685BB110B4846824B15B694068AB
:10E4F0005DF8044B184703485DF8044B704701482A
:10E50000704700BF00AFFFFF00282FD00368002B2B
:10E510002CD0F0B5866891B0002E25D004460D466B
:10E520009A6969464068DF68904708B111B0F0BD4C
:10E53000236860681B6998470028F7D12368F119A0
:10E5400060685E69DA68B0470028EFD123686946E1
:10E5500060685E699A68B0470028E7D12368294659
:10E5600060689B699847E1E70148DFE7004870472A
:10E5700000AFFFFFA8B103689BB170B5856875B1A6
:10E5800004461B694068984700B170BD236829465E
:10E5900060685C69DA682346BDE870401847024845
:10E5A000F3E70148704700BF00AFFFFF002831D0FC
:10E5B000F0B585B0002416460D460122014601A89B
:10E5C000029401941F460394FFF79CFE044628B171
:10E5D00001A8FFF77DFE204605B0F0BD3246294672
:10E5E00001A8FFF707FF04460028F1D1019B7BB18A
:10E5F000039A6AB15B6939460A9A029898470446B9
:10E600000028E5D10B9901A8FFF77EFF0446DFE75C
:10E61000014CDDE70048704700AFFFFF20B1036801
:10E6200013B1DB6A406818470048704700AFFFFF2E
:10E630005822002114F010BB10B1582103F08EBAFB
:10E64000704700BF08B5582214F03AFB08BD00BF60
:10E6500070B403460022064E064D1046064C07498C
:10E660009E60DD601C6159611A605A6070BC704721
:10E670000123456789ABCDEFFEDCBA9876543210A2
:10E680000369024600202DE9F04F1F4613465269E8
:10E6900095B08E46D34E11461A46DB6810911C4643
:10E6A000119287EA01039168DEF800200497234065
:10E6B00005922746049ACDF800E096466240109CE9
:10E6C000C94D2644009C12910D446468DFF888B35C
:10E6D0002146109C06EB010C009E6340C34CB668BB
:10E6E0000691744431462B44059E07910C440099D1
:10E6F0003344BF4DCE6807EB73633D443146009E03
:10E700001A4087EA030E366905EB010A0891019663
:10E710000199B84D0D4400994E6905EB0309314646
:10E72000049E009D7240B44EAD699444009A0295D7
:10E730000E4403EB3C5CD26909910EEA0C0E1146C3
:10E74000AE4D66448EEA070E029A0A918B44A644A7
:10E750000099154483EA0C020CEBFE3E009C1397D3
:10E7600002EA0E020F6A646A8CEA0E0839465340C8
:10E77000A34F7544009A534403940F440B91926A3B
:10E780000399A04C0C4411460EEBB3229E4B0C9106
:10E7900008EA02088EEA020A93440B4488EA0C084D
:10E7A0000099C844C96A02EB78680D910AEA080C1E
:10E7B00007EB080A8CEA0E0782EA080C3744934EEE
:10E7C00008EB37570E440CEA070E04EB070988EAFA
:10E7D00007048EEA02021544009A07EBF535116B27
:10E7E0002C4087EA050E03EB050C894B84EA0804EC
:10E7F00000910B4411465C44DFF860B205EBB42491
:10E800000EEA040806EB040E88EA070685EA040807
:10E81000576B56443A4604EB76660E9208EA0608B1
:10E820009F1988EA050384EA06087A4D4B44DFF80D
:10E8300030921544CA6B06EB33530F9208EA030873
:10E840001D4488EA040486EA0308A4448C6B03EBA5
:10E85000FC3C08EA0C0883EA0C0188EA0606B64488
:10E860006D4E0CEBBE2E264401EA0E018CEA0E081A
:10E8700066445940694B0F441344069A0EEB776780
:10E8800073449144029A08EA07088EEA0701B944E2
:10E8900088EA0C0C654407EB3555294087EA050CDE
:10E8A00081EA0E010E445E4905EBF63611440D9ADD
:10E8B0000CEA060C29448CEA070C5A4F63441744AF
:10E8C000059A06EBB32307EB060A574F86EA0308BF
:10E8D00017440E9A08EA050507EB0308099F7540DF
:10E8E000A944524D03EBF9693D4483EA090E0EEA4F
:10E8F000060605EB090E4E4D5E4031444D4E09EBC8
:10E90000F15189EA01071F400C9B87EA09071D4462
:10E91000574405EB010C0F9D01EBB74781EA070354
:10E9200003EA0909444B89EA01092B44019DC844C3
:10E9300003EB070A2E44414D07EB383887EA0803FA
:10E94000464419407940714408EBF16188EA0103BB
:10E950001F40039B87EA08071D44BC4405EB010EDA
:10E96000374D01EBFC5C089F254481EA0C0305EB65
:10E970000C0903EA08034B4053440CEBB3438CEA05
:10E98000030529402F4D81EA0C013D442E4F0E44D2
:10E9900005EB03080B9903EB36360F4483EA0605B3
:10E9A000374405EA0C055D40754406EBF56586EADB
:10E9B00005010B40254973401144079A994401EB26
:10E9C000050E234B05EBF9591344009A85EA09011A
:10E9D00003EB090C31401F4E6940414409EBB14142
:10E9E00040E000BF56B7C7E878A46AD7DB702024A0
:10E9F000EECEBDC1AF0F7CF52AC68747134630A8BF
:10EA0000D8988069AFF7448BB15BFFFFBED75C89B4
:10EA10002211906B937198FD8E4379A62108B44919
:10EA200040B340C0515A5E26AAC7B6E95D102FD642
:10EA300053144402C8FBD3E781E6A1D8E6CDE12117
:10EA4000D60737C3870DD5F4ED145A4505E9E3A978
:10EA5000F8A3EFFCD9026F67019546FD39D0D4D9F0
:10EA600062251EF689EA01031D400A9B85EA090515
:10EA70001E442F44D74D0E4401EB37371544099AF5
:10EA800081EA070305EB070803EA09034B407344D7
:10EA900007EBF36387EA03052940CF4D794015441E
:10EAA000019A8C4405EB030ECC4D03EBFC5C83EA2E
:10EAB0000C010F400B995F400D44C9493E44654429
:10EAC00021440CEBB647C74E8CEA070903EA090359
:10EAD00083EA0C0C0D9BE0441E44C34B07EB383813
:10EAE00006EB070A89EA080987EA08074144CE4489
:10EAF00008EB3E7E87EA0E0788EA0E082F44069D43
:10EB00000EEB77572B44B94D88EA070673448EEA1B
:10EB1000070E15445644059A3D4407EB36468EEAE7
:10EB2000060987EA060CB24F89440A9906EB79294F
:10EB30000F448CEA090C86EA090EB9190C9F9C4413
:10EB4000AC4B09EB3C7C3B44AB4F8EEA0C0E4B4488
:10EB500089EA0C09AE440E9D0CEB7E5E2F44A74D56
:10EB600089EA0E0967448CEA0E0C15448944A449CD
:10EB700075440EEB39498CEA090C8EEA09069C446F
:10EB8000089B09EB7C2C19449E4B86EA0C064944F1
:10EB900089EA0C093E44029F0CEB36763B4489EA35
:10EBA000060903EB0C07039B8CEA060C4D449B44BF
:10EBB00006EB7555B3448CEA050386EA050A009E08
:10EBC0000B449149DFF880C205EB334331448F4E4B
:10EBD0008AEA030A85EA030901EB050E0F9DBA4490
:10EBE0008B4916448B4F03EB7A2A2944079D89EA07
:10EBF0000A0983EA0A081944874BD9442B44874DF4
:10EC00000AEB3979534488EA09088AEA090A06EBCB
:10EC1000090B0A9EF0443544814E09EB78588AEA84
:10EC2000080A05EB080E89EA08098A447D49CDF8EF
:10EC300014E008EB3A4A2144099C01EB0A0E89EAE8
:10EC40000A092744784CCDF824E09944009A089B9F
:10EC50000AEB79291644754A9E4669EA0808134664
:10EC6000069A88EA0A08734407EB090E704FD844E5
:10EC70000893704B09EBB868CDF800E019460C9B7F
:10EC800068EA0A0ADFF8C4E11C440B460F998AEAD5
:10EC9000090A1344684ADFF8B8B1464406930B9B4F
:10ECA0001A44664B0B4466490D4602990F440E996F
:10ECB0004D1901990295634D4D190D998C44079991
:10ECC00001958E440599089D8A44039908EBBA5A28
:10ECD0008B4409996AEA0909554489EA0809894473
:10ECE00000990AEB794969EA08084C4488EA0A085D
:10ECF0008844069909EBF82868EA0A0A41448AEA36
:10ED0000090AB24408EBBA6A6AEA0909524489EA74
:10ED10000809A9440AEBB95969EA08084B4488EA8A
:10ED20000A08A04409EB784868EA0A0A47448AEAD4
:10ED3000090A8A44029908EBFA2A6AEA090901EBEE
:10ED40000A06019989EA08099144129A0AEBB969FD
:10ED500069EA080801EB090588EA0A08984409EB02
:10ED6000B85868EA0A0A0CEB08048AEA090ABA44A5
:10ED7000119F08EB7A4A6AEA09090EEB0A0189EA4F
:10ED800008094E440AEBF62666EA0808B34488EA06
:10ED90000A08454406EBB56565EA0A0A53198AEA8A
:10EDA000060ABB60109B544405EBB45464EA0606A3
:10EDB00023446E407B613144139E04EB714161EA50
:10EDC00005057218049E65403144AB44396102EB7D
:10EDD000FB233FE08A4C2A8D4239FAFF81F6718786
:10EDE0000C38E5FD22619D6D44EABEA4A9CFDE4B3F
:10EDF000604BBBF670BCBFBEC67E9B28FA27A1EA5B
:10EE00008530EFD4051D8804E599DBE6442229F41A
:10EE1000F87CA21F39A093FC6556ACC497FF2A4327
:10EE2000C3595B65A72394AB7DF4EFFF92CC0C8FA5
:10EE3000144301A3D15D84854F7EA86FE0E62CFECC
:10EE4000A111084E827E53F735F23ABDBBD2D72AC4
:10EE500091D386EBFB6015B0BDE8F08F2DE9F84348
:10EE60000368064614460D4603F03F0713449A42D2
:10EE7000C7F14008036002D9436801334360DFB142
:10EE8000A04519D806F118092946424609EB0700A2
:10EE900013F016FF49463046FFF7F2FB80B9C8EB86
:10EEA0000404454407463F2C08D929463046403CD7
:10EEB0004035FFF7E5FB18B93F2CF6D814B92046CA
:10EEC000BDE8F88306F1180022462946384413F0BD
:10EED000F7FE0020BDE8F88302B1BFE71046704797
:10EEE000F8B50446006880220D4600F03F0004F1AA
:10EEF00018062318013038281A764BD8C0F138028A
:10EF00000021304413F0A8FE23683146666820468D
:10EF10005A0FDB0042EAC6021F0A84F85030160A74
:10EF200084F8542084F85170170C84F85560120E40
:10EF30001E0C84F856701B0E84F8572084F852601B
:10EF400084F85330FFF79CFB18BBA3682B70A368B1
:10EF50001B0A6B706389AB70E37AEB70E3682B710B
:10EF6000E3681B0A6B71E389AB71E37BEB71236987
:10EF70002B7223691B0A6B72638AAB72E37CEB72A0
:10EF800063692B7363691B0A6B73E38AAB73E37D5D
:10EF9000EB73F8BDC0F140020021304413F05CFE79
:10EFA00031462046FFF76CFB0028F2D1014638229B
:10EFB000304613F051FEA7E730B40023054D064C50
:10EFC0000649074A8560C46001614261036043608D
:10EFD00030BC70470123456789ABCDEFFEDCBA98A2
:10EFE0007654321002B9704738E700BFFFF778BF98
:10EFF000FFF746BB70B596B006460C461546002195
:10F000005822684613F028FE0E480F490F4A104B4D
:10F0100002900391049205935CB929466846FFF774
:10F020005FFF04466846582102F098FD204616B05E
:10F0300070BD224631466846FFF710FF044600289F
:10F04000F0D1EAE70123456789ABCDEFFEDCBA9842
:10F0500076543210FFF7CEBF2DE9F043DFF8A490CD
:10F06000804685B00125002409F11C0709F18C06B2
:10F07000B8F1000F1BD121466A4630465136FFF7E2
:10F08000B9FF394604461037102220BB684613F0FA
:10F09000CBFD0446F0B9B8F1000F0DD1072D05F1F5
:10F0A000010510D059F8044FB8F1000FE3D02946FC
:10F0B000114813F0DDFDDEE7104813F0FDFD072DCC
:10F0C00005F10105EED1B8F1000F0ED1204605B0D3
:10F0D000BDE8F0830124B8F1000FF7D0084813F021
:10F0E000EBFD204605B0BDE8F0830A2013F0D4FD07
:10F0F000204605B0BDE8F083D0200020F8150020A0
:10F100004816002094CB0260FFF7A2BAFFF7E4BED6
:10F11000FFF7E6BEFFF796BAFFF7B2BA05F0D8B828
:10F1200006F08ABA06F08CBA05F0CCB805F0ECB857
:10F13000012106F0F3BB00BF07F0C8B807F0CAB85A
:10F14000012307F0AFB900BF06F0E2BB06F02EBC0A
:10F15000002106F0E3BB00BF002307F0A3B900BF06
:10F16000012107F021BB00BF08F0C2BC08F0C4BCFD
:10F17000012308F00DBE00BF07F010BB07F0B8BBBD
:10F18000002107F011BB00BF002308F001BE00BF43
:10F1900010B50446FFF750FA2046BDE8104013F0C2
:10F1A00097BD00BF10B5044605F086F82046BDE8BF
:10F1B000104013F08DBD00BF10B5044606F0A2FB51
:10F1C0002046BDE8104013F083BD00BF10B50446D3
:10F1D00007F0DEFA2046BDE8104013F079BD00BF0D
:10F1E00010B55821012013F03BFD044608B1FFF78C
:10F1F0001FFA204610BD00BF10B55C21012013F09E
:10F200002FFD044608B105F053F8204610BD00BF9D
:10F2100010B56C21012013F023FD044608B106F05F
:10F220006DFB204610BD00BF10B5D821012013F0A2
:10F2300017FD044608B107F0A7FA204610BD00BF2D
:10F2400098B1092270B506464568084C084803E0A5
:10F2500054F8140F40B16268AA42F9D1B16813F0B2
:10F26000E3FC0028F4D1204670BD704778CF0260DF
:10F27000E42000202DE9F047566882B01EB93046E0
:10F2800002B0BDE8F087904692682A4B0746147892
:10F290008946294AA3FB04535B0903EB8305A4EBCE
:10F2A000C504E4B2009413F00FFD002837DB81455C
:10F2B0008CBF0024012494BBD8F804E00744C0EBC1
:10F2C0000906BEF1010FDBD9D8F808C0022512E00B
:10F2D00013F0FAFC0028074421DBB042A6EB00063D
:10F2E00034BF00240124D4B9D8F804E075451BD2FA
:10F2F000D8F808C001350CEB050331460F4A3846F3
:10F3000013F8013C03F07F0A13F0800F0AEBC414DA
:10F310002346DDD0AE4507D914F07E4FEAD06FF01A
:10F320000A0002B0BDE8F087C6EB090002B0BDE8F4
:10F33000F08700BFCDCCCCCCF0200020F8200020FE
:10F34000C0B10322F8B5064645680F460B4C0C4881
:10F3500003E054F8140F50B16268AA42F9D1B168C1
:10F3600013F062FC0028F4D123693B60F8BD6FF014
:10F370002D00F8BD6FF02D00704700BF90D00260E7
:10F38000FC200020C0B10322F8B5064645680F46B0
:10F390000B4C0C4803E054F8140F50B16268AA42B9
:10F3A000F9D1B16813F040FC0028F4D123693B6027
:10F3B000F8BD6FF02D00F8BD6FF02D00704700BF55
:10F3C00008D1026000210020C0B10922F8B506462C
:10F3D00045680F460B4C0C4803E054F8140F50B12D
:10F3E0006268AA42F9D1B16813F01EFC0028F4D17A
:10F3F000237C3B70F8BD6FF02D00F8BD6FF02D0041
:10F40000704700BF98D2026004210020012870B428
:10F4100015D00C4C0C4D04E01E7C864209D05C6972
:10F420001D4605F11403002CF6D16FF02D0070BCC1
:10F430007047AB690C600020136070BC70470923F3
:10F44000024CF7E71021002098D20260042100202E
:10F45000C0B10822F8B5064645680F460B4C0C486B
:10F4600003E054F8140F50B16268AA42F9D1B168B0
:10F4700013F0DAFB0028F4D1237C3B70F8BD6FF069
:10F480002D00F8BD6FF02D00704700BFE8D202607C
:10F4900018210020012870B415D00C4C0C4D04E04C
:10F4A0001E7C864209D05C691D4605F11403002CC0
:10F4B000F6D16FF02D0070BC7047AB690C60002076
:10F4C000136070BC70470823024CF7E7400400202B
:10F4D000E8D202601821002038B50D461446FFF727
:10F4E000AFFE30B10346027C00205B7C2A702370A3
:10F4F00038BD6FF02D0038BD10B50C46FFF7A0FEEB
:10F5000018B1C3680020236010BD6FF02D0010BD3E
:10F5100070B40B4C01260B4D03E054F8145F5DB141
:10F52000667CB042F9D1267C8E42F6D1616800201B
:10F530001560196070BC70476FF02D0070BC70478B
:10F5400078CF0260E4200020C0B10822F8B506465A
:10F5500045680F460B4C0C4803E054F8140F50B1AB
:10F560006268AA42F9D1B16813F05EFB0028F4D1B9
:10F57000237C3B70F8BD6FF02D00F8BD6FF02D00BF
:10F58000704700BF4CD3026024210020C0B1082284
:10F59000F8B5064645680F460B4C0C4803E054F896
:10F5A000140F50B16268AA42F9D1B16813F03CFB64
:10F5B0000028F4D1237C3B70F8BD6FF02D00F8BD1E
:10F5C0006FF02D00704700BFD8D3026030210020BB
:10F5D000C0B10822F8B5064645680F460B4C0C48EA
:10F5E00003E054F8100F50B16268AA42F9D1B16833
:10F5F00013F01AFB0028F4D1E3683B60F8BD6FF00C
:10F600002D00F8BD6FF02D00704700BF50D4026090
:10F610003C210020032870B415D00C4C0C4D04E0A4
:10F620001E7C864209D05C691D4605F11403002C3E
:10F63000F6D16FF02D0070BC7047AB690C600020F4
:10F64000136070BC70470823024CF7E74821002084
:10F650004CD3026024210020C0B10522F8B5064633
:10F6600045680F460B4C0C4803E054F8140F50B19A
:10F670006268AA42F9D1B16813F0D6FA0028F4D131
:10F68000237C3B70F8BD6FF02D00F8BD6FF02D00AE
:10F69000704700BFC0D4026050210020F8B12DE9AE
:10F6A000F04106461746456888460A220D4C0E482A
:10F6B00003E054F8140F70B16268AA42F9D1B1683E
:10F6C00013F0B2FA0028F4D1227C637C88F8002081
:10F6D0003B70BDE8F0816FF02D00BDE8F0816FF068
:10F6E0002D007047FCD4026058210020F8B50C466C
:10F6F000164605460021204613F0AEFA5FEA460E94
:10F7000022D0AE4429460BE0A2F137034208C007DD
:10F71000A05C58BF1B01714543EA0003A35413D0FA
:10F72000481B11F8012BA2F13003A2F14107DEB210
:10F73000092EEBD9052FA2F16106A2F15703E3D9F7
:10F74000052EE3D90148F8BD0020F8BD00EEFFFF0B
:10F750002DE9F0439BB080468946174604A81E4613
:10F76000FEF766FF04A8FEF773FF60B104466D461E
:10F7700004A8FEF761FF2846102102F0EFF92046A9
:10F780001BB0BDE8F083229A314604A8FFF7A4FB22
:10F79000044608B16D46EBE70822394604A86D46D9
:10F7A000FFF79AFB04460028E2D104A86946FFF758
:10F7B00097FB04460028DBD1B9F1100F35D99DE83D
:10F7C0000F0088E80F0004A8FEF742FF0446002857
:10F7D000CED1102269460DEB0200FFF77DFB0446F7
:10F7E0000028C5D13146229A04A8FFF775FB0446CC
:10F7F0000028BDD13946082204A8FFF76DFB044656
:10F800000028B5D1694604A8FFF76AFB0446002822
:10F81000AED1B9F11F0F08F11000694694BFA9F1EC
:10F820001002102213F04CFAA2E74A4640466946FD
:10F8300013F046FA9CE700BF2DE9F041E8B01C4602
:10F8400005460F466E9E08A89046F8F7FDFC234635
:10F8500000962A4602A81821FFF77AFF044650B105
:10F8600008A8F8F7F7FC02A8182102F077F920465B
:10F8700068B0BDE8F08102A908A8F9F7C7FB044603
:10F880000028EDD1014601972B460097424608A873
:10F89000F9F7E8F80446E3E72DE9F041D0B0064671
:10F8A0000D461746579C0AA89846F1F7D3FE0094D8
:10F8B0003246569B294602A8FFF74AFF044650B13C
:10F8C0000AA8F1F7CDFE02A8294602F047F9204622
:10F8D00050B0BDE8F081EA0002A90AA8F1F7E2FF02
:10F8E00004460028ECD10146019733460097424672
:10F8F0000AA8F2F701FE0446E2E700BF0023036016
:10F9000043608360704700BF002800F099812DE9B3
:10F91000F0478046AAB0184689461F46164613F09F
:10F9200093F90546002800F015813146384613F05A
:10F930008BF90446002800F00D81854280F00A8191
:10F94000484613F07DF92B5C0544202B00F0A6807F
:10F950000D2B00F0A0800A2B40F0FC8030466E1C7E
:10F9600013F06EF9235C2218202B00F09D800D2BE4
:10F9700000F097800A2BA4EB0603349908BF0132EC
:10F98000152BA2EB07020A6049DC0025A946A64216
:10F9900080F0E4800021A41B334603AA00940846AB
:10F9A000F3F71AFE2C3072D0DDF80CA0012051467E
:10F9B00013F056F90746002800F0408100943346C2
:10F9C00003AA5146F3F708FE0446002840F0CA8017
:10F9D000B9F1000F6BD0329B002B00F03381252D45
:10F9E00000F0E280212D00F0F880052D00F0C980A4
:10F9F000062D00F0E580072D00F00581039902290E
:10FA000005D93B78302B02D17B78832B50D93846EF
:10FA100002F0A4F8384613F05BF9934838E0162258
:10FA20009249304613F000F90028AED1EB7D0D2B42
:10FA300046D005F117090A2B40F0908009F1010624
:10FA4000A71B162F40DD17228949304613F0ECF82A
:10FA500000283BD109F11800231A0F2B40F3D9805D
:10FA6000082206A9FFF742FE002840F0D28009F1E3
:10FA700028062525A71B0D2F00F3ED8033780D2BCD
:10FA80007CD00A2B6AD101364FF001097FE7794813
:10FA90002AB0BDE8F0876B7801355CE76B780135FB
:10FAA00056E75378013265E7537801325FE70399EF
:10FAB0000020C8F80070C8F804102AB0BDE8F0872C
:10FAC00005F118092B7EB6E7112F16DD12226A49BF
:10FAD000304613F0A9F880B909F11300231A0F2B4F
:10FAE00040F39780082206A9FFF700FE002840F0A7
:10FAF000908009F123062125BCE70D2F3CDD0E2265
:10FB00005E49304613F090F8002835D1152F33DDCB
:10FB100016225B49304613F087F800284ED0162293
:10FB20005849304613F080F8002874D01622564900
:10FB3000304613F079F8F8B9072506F11600231AB4
:10FB40001F2B66DD102206A9FFF7D0FD002860D12B
:10FB5000363693E74D482AB0BDE8F0874C482AB0C6
:10FB6000BDE8F0870399384601F0F8FF384613F0F6
:10FB7000AFF8A4F588508BE7464889E773780136DB
:10FB80007FE733993A46039B019110213298009008
:10FB900006A8FFF781FE0446002C3FF42FAF38463D
:10FBA00013F096F8204673E7339906A8039A00915C
:10FBB0003946329BFFF740FE0446EDE70525BCE7DA
:10FBC00033993A463298019118210090039B0DEB2E
:10FBD0000100FFF761FE0446DEE70AA8039DF8F77F
:10FBE00029FB339B06AA04A800930821329BFFF748
:10FBF000AFFD044688B10AA8F8F720FB04A8082145
:10FC000001F0ACFFC8E733993A46039B01912021EC
:10FC1000BCE721483CE706258FE704A90AA8F9F7C5
:10FC200037F904460028E6D1019706AB00972A462B
:10FC300000210AA8F8F768FC0446DCE7174827E724
:10FC4000174870470399384601F088FF384613F08B
:10FC50003FF814481CE70E220849304612F0E4FF32
:10FC600000287FF40BAF51E780ECFFFFBC2B002096
:10FC7000D42B0020D4EEFFFFEC2B0020002C002022
:10FC8000102C0020282C0020402C002080EFFFFFAB
:10FC900000EFFFFF80EDFFFF00EEFFFF80EEFFFFB4
:10FCA00080EBFFFF00EDFFFF10B50446006818B1C0
:10FCB000616801F053FF206813F00AF8A06813F0A0
:10FCC00007F820460C21BDE8104001F047BF00BFF7
:10FCD0002DE9F04F8A4685B000210646009317466D
:10FCE00008461D46134603AADDF838B0F3F76AFC50
:10FCF000304612F0A5FF8146504612F0A1FF039C4A
:10FD0000631C03EB941399440F9B484498425CD8BE
:10FD1000002C4AD1A146214600953B4603AA4846FD
:10FD2000F3F750FC0446002848D1304612F088FF13
:10FD300031460246584612F0C3FF304612F080FFAB
:10FD4000039D0BEB0006ADB14F464FF00A08402D66
:10FD50002C463946304628BF402422462D1B12F03F
:10FD6000AFFF3219631C2744039582F800801E44BC
:10FD7000002DECD15046002412F062FF514602469D
:10FD8000304612F09DFF504612F05AFF0246484698
:10FD9000531CB4541E44109BCBEB06061E6012F09D
:10FDA00097FF204605B0BDE8F08F2146012012F0F4
:10FDB00057FF81460028AED10648F3E7484612F0C7
:10FDC00087FF204605B0BDE8F08F109B18606FF0EC
:10FDD0002900E7E780EEFFFF0138C0B2032803D80F
:10FDE000024B53F8200070470020704704060020A3
:10FDF00010B1002303604360704700BF60B1036827
:10FE000053B19B6A10B504464068984708212046C4
:10FE1000BDE8104001F0A2BE704700BF70B169B1EB
:10FE200070B5056845B904464B6A0E469847606050
:10FE300030B12660284670BD024870BD0148704749
:10FE4000014870BD80C1FFFF80C0FFFFF0B12DE908
:10FE5000F0470568BDB9DFF8489004461F46904654
:10FE6000D9F824308A4698470646606080B1089BDE
:10FE70002846C4F80090C6F800A0C6F80480B76011
:10FE8000F360BDE8F0870448BDE8F087024870479A
:10FE90000248BDE8F08700BF80C1FFFF80C0FFFFC0
:10FEA00008D8026020B1036813B19B684068184706
:10FEB0000020704720B1036813B1DB68084618477B
:10FEC000002070472DE9F047DDF82080DDF8249010
:10FED000D8B104460068C0B10E46174663B1056943
:10FEE000B5B160683A46CDF824903146CDF820800F
:10FEF000AC46BDE8F04760470846FEF7D7F920B1A9
:10FF0000FEF740FA03462068E9E70348BDE8F087BA
:10FF10000248BDE8F08700BF80C1FFFF00C1FFFFBE
:10FF20002DE9F04F89B00DF14809DDF8548099E8CA
:10FF3000000ED2B11568C5B11F46EB681446079094
:10FF40000E469847002845D0079A062A11D066B970
:10FF500053464A4639462046CDF84C80CDF848B045
:10FF600009B0BDE8F04FFFF7ADBF1B4809B0BDE8D1
:10FF7000F08F002EF9D0236833B19B6860689847F2
:10FF80000730B8EBD00F23D360680023CDF814B04E
:10FF9000D6F804E01A4635781946CDF80890CDF821
:10FFA00004A00097CDF810E0039503F0DFF90028D6
:10FFB000DCD1206820B18368606898470730C008AA
:10FFC000064B80458CBF1846002009B0BDE8F08F75
:10FFD0000348CBE70348C9E780C1FFFF00C7FFFF25
:10FFE00080BCFFFF00C1FFFF2DE9F04F81B00DF194
:10FFF000280898E8000F00B304460068E8B10E46F0
:02000004600199
:1000000017468BB14569E5B160683A463146AC4662
:10001000CDF834B0CDF830A0CDF82C90CDF82880B4
:1000200001B0BDE8F04F60470846FEF73FF920B148
:10003000FEF7A8F903462068E4E7034801B0BDE8ED
:10004000F08F0248FAE700BF80C1FFFF00C1FFFF49
:10005000F0B5DDF820E050B1046844B1A46924B1E2
:10006000A4464068BDE8F04060470248F0BD024841
:10007000F0BD00BF00C1FFFF80C1FFFFF0B5DDF89C
:1000800020E050B1046844B1E46924B1A44640685A
:10009000BDE8F04060470248F0BD0248F0BD00BF37
:1000A00000C1FFFF80C1FFFFB8B10268AAB1A1B1D2
:1000B0000B6893B130B41C6A8CB11D78052D06D045
:1000C0009A4207D123464968406830BC18471378E4
:1000D000012BF7D0034830BC7047034870470248F3
:1000E000F9E700BF00C1FFFF80C1FFFF50B108B5B5
:1000F00003684BB1DB6A1BB140689847002008BD1C
:10010000024808BD02487047014808BD00C1FFFF12
:1001100080C1FFFF18B103680BB1586870470148F0
:10012000704700BF582C002010B1006800B1007863
:10013000704700BF0048704700E1FFFF2DE9F04F16
:10014000ADF51B7DDDF894B20390BBF1400F98BF75
:10015000402B029104929DF8980200F2F6808029CB
:10016000994694BF00240124002C40F0EE80FEF755
:100170009DF88046002800F0EA8007A8FEF7A2F864
:100180002246414607A8FEF7BDF818B10DF51B7DC4
:10019000BDE8F08F40463AADFEF7F4F807469DF80B
:1001A0009C121AA8212FAA4634BF402380231A4646
:1001B0001E46019312F050FDB3455C465046A4998B
:1001C00028BF34462246A24412F07AFD361BF3D1F2
:1001D0005AAC0597CA46DDF804B02746DDF8109002
:1001E000DA4556463846494628BF5E4632463744C9
:1001F00012F066FDBBEB060BF2D1029B0AAE059F27
:10020000002B00F0A6807AABDDF8A0B2049307A81B
:10021000FEF7C4F850BBDDF804901AA907A84A46B7
:10022000FEF7C6F810BB4A46294607A8FEF7C0F8F5
:10023000E0B94A46214607A8FEF7BAF8B0B93146F8
:1002400007A8FEF7BFF888B9BBF1010F27D94FF017
:10025000010901E0D94522D033463A4631464046AD
:1002600009F10109FEF7B8F80028F3D082462846C4
:10027000802101F073FC2046802101F06FFC04987E
:10028000802101F06BFC3046402101F067FC07A89B
:10029000FEF71EF850460DF51B7DBDE8F08F029B62
:1002A0003146DDF80CE0BB4299467346704628BFE4
:1002B000B9464B444A46039312F002FD029BB3EB4E
:1002C0000903029347D0049BCDF81480DDF804A005
:1002D00098465745B9464046314628BFD1464A461A
:1002E000C84412F0EDFCBAEB090AF2D1049A019B62
:1002F000DDF81480D0181946024600E039B112F832
:10030000013D01390133DBB21370002BF6D0019BA4
:100310008646E918002311F801CD1EF8012D8D4203
:10032000624413440B70C3F30723F4D1019BE1181B
:10033000002311F801ED10F8012D8C427244134492
:100340000B70C3F30723F4D161E704481EE70448A8
:100350001CE77AAB04934FF0000A88E780E0FFFFC8
:1003600000E1FFFF2DE9F04F0027DBB00546104606
:1003700007919A460897659CF7F7E2FA002800F083
:10038000C080802C0646D0F80480D0F80CB00997C5
:1003900000F2B58039464FF4817219A80A970B977D
:1003A00005F108090C9712F057FC2B68AF686A68D2
:1003B000302B17445BD104230BAA39464846F2F789
:1003C00089FB002842D0A0F5F45000283BD15CB155
:1003D000649B5A1E19AB03EB440012F8011F023351
:1003E00003F8011C9842F8D10134099A4FEAD80861
:1003F000012765000B9C0492414601942B460C9CFE
:1004000011A8CDF808A019AA03970094FFF796FE4B
:10041000C8B9BBF1000F2ED10DAF19A8F7F7B6FA86
:10042000314619A8F7F7C6FA0446002837D011A8B4
:10043000202101F093FB3846102101F08FFB19A811
:10044000F7F7A8FA20465BB0BDE8F08FA9684846E8
:100450000B9B09AA0C910B443946AB60F2F778FB71
:100460000028B0D1AB689F42B1D02748EBE72748BE
:100470005BB0BDE8F08F099802220DAF0B9C2B46B4
:100480000C9D0490594603923846CDF808A019AA4D
:1004900001940095FFF752FE0028D4D1BDE79DF9E5
:1004A0001C3011A94FEAC80219A8F7F7AFFA0446A1
:1004B0000028BCD1F268394619A8F7F711FB0446A9
:1004C0000028B4D119A8F7F72DFB04460028AED1B7
:1004D00008AB66A919A800930EC9F7F74BFB0446B1
:1004E0000028A4D10899A4F5F054689B08AA19A87B
:1004F0001944F7F739FC002808BF002497E704489F
:10050000A1E704489FE700BF1AE1FFFF1EE1FFFFDC
:1005100080E0FFFF00E1FFFF2DE9F04FA5B00446AA
:100520000068904601930F46DDF8BC90DDF8C0A04E
:10053000FDF728FF0022012303928DF80F30BAF156
:10054000000F67D0431E14AA064602EB030B424677
:1005500039462046FDF74EFF00285CD12E9A2046F2
:100560000199FDF7BDFF002855D1042203A92046BB
:10057000FDF7B6FF00284ED114A92046FDF7C4FFB1
:10058000002848D1324614A904A812F099FBB9F109
:10059000010F23D90125424639462046FDF72AFF9F
:1005A000002838D1324604A92046FDF799FF90BBB8
:1005B00004A92046FDF7A8FF68BB66B10DF14F0105
:1005C0000DF10F0011F8012F10F8013F594583EA92
:1005D00002030B70F6D10135A945DCD156453546ED
:1005E00014A9319828BF55462A46C5EB0A0A12F0CD
:1005F00067FB319B04A804212B44319310F8013D83
:1006000001390133DBB203700BB90029F6D1BAF11D
:10061000000F9CD1002025B0BDE8F08F2DE9F043FC
:100620008568BDB000244FF004090895069407942E
:1006300009948DF8169081C830282F4415D11D4695
:1006400014460E4610AB0AAA394608A8F2F78CFBEE
:1006500030B90B9A092A0CD068483DB0BDE8F08348
:10066000A0F53C503DB0BDE8F08365483DB0BDE825
:10067000F0830C99634812F0D7FA0028ECD1109A55
:10068000129B1199302A249303EB0108EDD14B46BC
:1006900017AA414624A8F2F71DFA002845D0A0F574
:1006A0003C500028D9D19DF81600FDF7FFFD80468B
:1006B0000028D1D0394608A813AB0DAAF2F754FB95
:1006C0000028CDD10DA80DF11701FEF7C5FF0028B8
:1006D000C2D19DF81700F7F733F981460028BBD047
:1006E0004368139ADB08042A07934ED1149AC3680F
:1006F0009A424AD119A8FDF7E5FD2CA8F7F746F96B
:10070000149A159924A812F0DBFA414619A801227F
:10071000FDF7F8FD0746002839D019A8FDF7D8FDE8
:100720002CA8F7F737F9384697E7249806AA179BBD
:1007300041461890034424A82493F2F709FA0028AC
:10074000ADD1249B9845AED007AA414624A8F2F724
:10075000FFF910F1620F01D00028A0D1249B984529
:10076000A1D0414624A82CAAF2F76CFB002896D110
:100770002CA80DF11601FEF709FF00287FF46CAFDD
:10078000249B98458FD0204867E7204865E7079865
:100790002A462146069D179C0DF17008029019A863
:1007A000189BCDF80C8001950094FFF7B5FE074625
:1007B0000028B2D149462CA8F7F7FCF807460028D4
:1007C000ABD1079A73B241462CA8D200F7F71EF9B5
:1007D00007460028A1D1469A09ABA7F5385724A9A6
:1007E00001922CA8459A02930092449B149AF7F721
:1007F0008DFB002808BF00278FE700BF80D1FFFFD7
:100800009ED0FFFF642C00209AD0FFFF00D1FFFF95
:100810002DE9F04F9FB083460BA8FDF753FD042050
:10082000FDF744FD00285BD0014601220BA8FDF72F
:1008300069FD002854D1DFF8EC8004464FF014091C
:10084000012308F1180208F1600708F5907608F511
:10085000F075059208F130024FF0040A069208F193
:10086000480207920822BBF1000F2DD10EA9019377
:10087000CDF800A02B4603910BA83146CDF8089087
:10088000FFF74AFE01342835203682464A460EA933
:1008900018BB3846203712F0C7F9F0B9BBF1000F8A
:1008A00027D1062C2AD0059B069953F804AF58F897
:1008B000042F059351F8043F0691079951F8049FBE
:1008C0000791BBF1000FD1D021461348099308923C
:1008D00012F0CEF9099B089AC8E7BBF1000F14D1BA
:1008E0004FF0010A0BA8FDF7F3FC50461FB0BDE81E
:1008F000F08F0A4812F0E0F9062CD4D1BBF1000FBA
:10090000F0D00A2012F0C8F9ECE705484FF0010AD0
:1009100012F0D2F9E6E700BF702C0020F815002095
:100920004816002038D502602DE9F0418AB0904683
:100930003023054609AA0E46F2F7CCF800284ED11E
:100940002A68099B13449E4245D1022309AA3146D5
:100950002846F2F7BFF8044620B1A0F56C500AB063
:10096000BDE8F08129680346099A4046069405943B
:100970000494039402940194009401F099FA0028DD
:1009800032D12C6809AA099802233146044428462A
:100990002C60F2F79FF810BB2C680346099F0246B3
:1009A0000490014603900290019000904046069703
:1009B000059401F07DFAB8B92A684046099B1344B2
:1009C0002B6001F0AFFA78B9404601F081FC58B9CC
:1009D0002B689E42C3D005480AB0BDE8F081A0F55F
:1009E0006C500AB0BDE8F0810148B8E79AC4FFFF37
:1009F00000C5FFFFF0B58FB00C46154606460BA8A4
:100A0000F3F7D6F8611909AA0AA830230A94F2F775
:100A100061F820B1A0F5745420460FB0F0BD0A9FD4
:100A200008AA099B0AA81F443946F2F791F8002842
:100A3000F0D1089C002C40F0D480022309AA39464A
:100A40000AA8F2F747F8054680B10BA8F3F7B8F803
:100A50004FF680732B4033B1654C304602F0C6FD33
:100A600020460FB0F0BDA5F57454F6E70346069591
:100A70000595304604950395029501950095099AD0
:100A80000A9901F015FA05460028DED10A9D0223D5
:100A9000099809AA394605440AA80A95F2F71AF8EE
:100AA00005460028D1D12B4609980A9D06901A4682
:100AB00005951946049330460393029301930093DE
:100AC00001F0F6F905460028BFD10A9D02230998D6
:100AD00009AA394605440AA80A95F1F7FBFF05461D
:100AE0000028B2D12B4609980A9D04901A46039516
:100AF000194606933046059302930193009301F043
:100B0000D7F905460028A0D10A9D0223099809AA11
:100B1000394605440AA80A95F1F7DCFF0546002886
:100B200093D10022099D0A9B3046009511460692FA
:100B30000592049203920292019201F0B9F90546DE
:100B4000002882D10A9D09AA099802233946054442
:100B50000AA80A95F1F7BEFF054600287FF475AF95
:100B60002B4609980A9D02901A460195194606934C
:100B70003046059304930393009301F099F90546D9
:100B800000287FF462AF0A9A3046099B13440A9307
:100B900001F0C8F9054600287FF457AF0BAA394683
:100BA0000AA8F2F7BBF8054600287FF44EAF0BAA5F
:100BB00039460AA8F2F7B2F8054600287FF445AF97
:100BC0000AA80BAA3946F2F7A9F8054600287FF4CF
:100BD0003CAF0A9B9F4206D00BA8054CF2F7F0FFF2
:100BE0003BE7044C18E70BA8F2F7EAFF14E700BF55
:100BF00000C3FFFF80C2FFFF0368062BF0B50D4660
:100C0000C1B000F0A480044602A8FAF7F9F86846DB
:100C1000A36821AA666800931E443146F1F798FF45
:100C2000002833D1219B013B022B00F23D81302370
:100C30003146684601AAF1F74DFF044628B102A8E3
:100C4000FAF706F9204641B0F0BD01990623009F4E
:100C500001AA68460F443946F1F73CFF04460028D4
:100C6000EDD1019A072A40F02181009C934920464A
:100C700011F0DAFF002840F0198107343946684640
:100C800003AA0094F2F74AF8002879D0A0F574542A
:100C9000002CD4D121A8FAF7B3F8FAF747F8037873
:100CA000064623B945E016F8013F002B41D021A8A4
:100CB000FAF7CEF8317821A8FCF792F9044600281B
:100CC00057D1189A379B9A42EDD1199A389B9A427C
:100CD000E9D122A903A8F3F743FB0028E3D125A912
:100CE00006A8F3F73DFB0028DDD128A909A8F3F7F2
:100CF00037FB0028D7D134A915A8F3F731FB00281A
:100D0000D1D12BA90CA8F3F72BFB0028CBD131A90B
:100D100012A8F3F725FB04460028C4D101460FA80A
:100D2000F3F7CCF8074621462EA8F3F7C7F8874219
:100D3000B9D121A8FAF78CF833788DF804303378DC
:100D4000002B00F0B98002A8FAF782F805E001A9AB
:100D5000FEF77EFB002840F0AB802B789DF8041056
:100D600013B18B4240F09E802846FCF739F941B020
:100D7000F0BD21A8FAF76CF833788DF804305EE7FF
:100D800003A8F3F7F3F8009B18909F4240F092807D
:100D9000302301AA31466846F1F79CFE044600283C
:100DA0007FF44DAF01990423009C68460DEB0302CC
:100DB0000C442146F1F78EFE00287FF467AF019ABC
:100DC00006A80099F3F700F900287FF45FAF009FB1
:100DD0000423019821460DEB03020744684600975F
:100DE000F1F778FE00287FF451AF019A09A8009925
:100DF000F3F7EAF800287FF449AF009F0323019836
:100E000001AA2146074468460097F1F763FE18B926
:100E10009DE80C0013440093009B9C424AD101AA18
:100E2000042331466846F1F755FE00287FF42EAFC3
:100E300002A80CA99DE80C00FAF74EFB08B310F5C8
:100E40009D4F31D1009B1B78023B012B2CD803A86E
:100E5000F3F7B4F8019B411C0246994224D1009952
:100E60000CA80131F3F7B0F8F0B9009B0FA819787E
:100E70000239F3F707F8B8B9012112A8F3F702F81D
:100E800090B9009A3146019B6846134415AA009315
:100E9000F1F744FF00287FF4F9AE15A8F3F766F8E0
:100EA0001990F7E60648CEE6054CC8E6054CC6E6BE
:100EB0000548C8E6054CC2E6054CC0E6882C002073
:100EC00000C3FFFF80C6FFFF00C6FFFF9AC2FFFFFF
:100ED00080B1FFFF70B5002584B016461C461D602A
:100EE00001AA5D609D60F1F73FFF18B1A0F56A505F
:100EF00004B070BD01A83146FEF766FA68B93378D0
:100F0000012BF5D12368052B00D043B96368054850
:100F1000002B08BF002004B070BD0348E8E701487B
:100F2000E6E700BF80C5FFFF80C3FFFFF0B589B0D3
:100F30000C4605461144302303AA04A80494F1F793
:100F4000C9FD18B1A0F5745009B0F0BD049E02AA05
:100F5000039B04A81E443146F1F7FAFD0028F1D1A5
:100F6000029B012B4BD1042303AA314604A8F1F7BD
:100F7000B1FD0028E6D105F17C07039A04993846B3
:100F8000F3F722F8044600283BD1049A039B13444C
:100F90009E42049319D0A02303AA314604A8F1F776
:100FA00099FD044698B310F1620F2AD1049B9E422A
:100FB0000BD03146A12303AA04A8F1F78BFD044608
:100FC000002845D010F1620F1BD105F188060024DE
:100FD000314605F128033A46019428460094FAF771
:100FE00037FE044668B939462846FAF713FE044628
:100FF0000028A9D02846F9F75DFF2046A4E72D4830
:10100000A2E72846F9F756FFA4F574509CE7039A27
:10101000049B002A03EB02044ADD1B78062B059390
:1010200001D0302B42D106AA214604A8F1F752FD87
:1010300060BB049A069B079213449C4204932BD1F5
:10104000294605A8FFF7D8FD04460028AED0D1E711
:10105000049C03AA039B04A81C442146F1F7E0FD6D
:1010600000287FF46FAF049A039B13449C4211D174
:1010700005F18806A31A28463146FAF72DFA68B119
:10108000049410F59D4FA2D00B485DE7B0F5745461
:10109000B0D1D5E7094857E7084CABE731462846B9
:1010A000FAF7D8FA049400289DD0EAE7044CA1E7A7
:1010B000044C9FE780C2FFFF00C3FFFF9AC2FFFFFF
:1010C0009EC2FFFFA0C2FFFF70B50B4688B0002490
:1010D00011440646049303AA04A830238DF8074060
:1010E000F1F7F8FC20B1A0F57454204608B070BDAB
:1010F000049D02AA039B04A81D442946F1F728FD7C
:101100000028F0D1029C1CB1264C204608B070BDCE
:101110000DF10702294604A805ABFFF7DBFE002806
:10112000E1D103AA294604A80423F1F7D3FC00283F
:10113000D9D1039B3BB39DF80700FEF74DFE00B3EA
:1011400001463046FEF76AFEC8B99DF80730012B0C
:101150001BD0023B012B14D805A87168FFF74CFD8A
:10116000034638B9039A04997068FFF7DFFE034617
:101170000028BAD030461C46FEF740FEB5E70446CC
:10118000B3E7094CB1E7094CAFE7039A04997068DB
:10119000FFF730FC044608B90024A6E73046FEF706
:1011A0002DFEA2E780C2FFFF80C3FFFFA0C2FFFFAA
:1011B000F0B591B0169C09911144002C2ED01E461A
:1011C0000546302308AA09A8F1F784FC18B1A0F558
:1011D000745011B0F0BD089A0DAB099F09A81744CF
:1011E0000AAA3946F1F7C0FD0028F0D108AA39460D
:1011F00009A80423F1F76EFC0028E8D10AA80DF134
:101200001E020DF11F01099FFEF748FA40B10B9A2B
:101210000A2A1AD0092A34D02548DAE72548D8E71F
:1012200001940146089C0DA80096099E9DF81F3068
:101230009DF81E20049703940296FFF793F8D0B10F
:1012400010F5F05FC5D11C48C3E70C991B4811F09D
:10125000EBFC01460028DFD123463246099C0DA84D
:10126000089E02978DE85000FEF764FF0028B0D179
:101270003B78302BE7D139462846089AFFF724FF00
:10128000A7E70C990E4811F0CFFC01460028C3D106
:1012900023463246099C0DA8089E02978DE850000F
:1012A000FFF7BCF90028E6D010F5385F91D1CAE706
:1012B00080C6FFFF00C4FFFF80C4FFFF902C00200A
:1012C0009C2C00202DE9F04188B0144605460E46BE
:1012D00005A81F46FEF712FB14B304F1FF3816F8F9
:1012E00008300BB32146012011F0BAFC80460028DB
:1012F00079D02246314611F0E3FC0E9B224641464E
:10130000009328463B46FFF753FF214607464046D9
:1013100000F024FC404611F0DBFC67BB002000E03D
:101320006E4808B0BDE8F0810E9B04AA009705A89E
:101330000193334602926A496A4AFEF7E5FA0028A9
:1013400053D10120FEF748FD01462846FEF766FD11
:10135000044630B9069A05996868FFF74BFB0446C6
:1013600010B12846FEF74AFD05A8FEF79DFC204671
:1013700008B0BDE8F0812846FEF740FD17F56E5F26
:101380002FD0224631462846FFF79EFE0028C5D0C2
:101390002846FEF733FD0120FEF71EFD01462846D4
:1013A000FEF73CFD30B9224631466868FFF722FB64
:1013B0000028B3D02846FEF721FD0220FEF70CFDE1
:1013C00001462846FEF72AFD30B9224631466868B4
:1013D000FFF7ACFD0028A1D02846FEF70FFD3F48DF
:1013E0009FE741489DE741489BE710F59C5FF8D097
:1013F00010F5985F26D010F5845F92D116F808306A
:10140000002B7FF46FAF04AB0E9A05A800970293F0
:10141000334601923649374AFEF776FAA0B90220E0
:10142000FEF7DAFC01462846FEF7F8FC04460028E1
:1014300097D1069A05996868FFF778FD0446002859
:101440008FD191E72C486CE710F59C5FC9D010F55F
:10145000985FF7D010F5845F7FF463AF16F808202B
:10146000002A7FF43FAF04AB0192009205A80293DB
:101470003346224A2249FEF747FA48B9069A2846D7
:101480000599FFF721FE044600283FF46DAF68E799
:1014900010F5845F7FF445AF16F80820002A7FF42A
:1014A00021AF04AB0192009205A802933346154A7E
:1014B0001549FEF729FA60B90E9C3B46069A284664
:1014C00000940599FFF774FE044600283FF44CAFE2
:1014D00047E710F5845F7FF424AF03E700C3FFFF05
:1014E000C82C0020A82C002080C4FFFF80C0FFFF74
:1014F000082D0020E82C002000C4FFFF282D00202C
:10150000442D0020602D0020842D00202DE9F04383
:1015100087B000241646302302AA8DF807400546FE
:10152000F1F7D8FA20B1A0F5745007B0BDE8F08308
:1015300002990DF107022F6803AB28460F44394684
:10154000FFF7C8FC0028F0D102AA39462846F1F777
:1015500067FBE8B92A68029B13449F421BD19DF8A0
:101560000700FEF739FC002843D001463046FEF75D
:1015700055FC0028D9D19DF80730012B0DD0023B36
:10158000012B17D91C4C3046FEF738FC2046CCE71F
:10159000A0F56C50C9E71948C7E772683946284674
:1015A000FFF7C2F904460028EDD12B689F421ED0F8
:1015B000124CE8E703A87168FFF71EFB04460028F9
:1015C000E1D1D6F804802A6808F188094046BB1AA0
:1015D0004946F9F781FF044608B12F60D3E7494631
:1015E0004046FAF737F82F6004460028CBD1002098
:1015F0009BE7014899E700BF80C3FFFF9AC4FFFF44
:101600002DE9F0418AB0154606460F4607A8FEF7B9
:1016100075F985B907A8FEF747FB0120FEF7DCFB4B
:1016200000283AD001463046FEF7F8FB002836D0B5
:101630000AB0BDE8F08105F1FF3817F80830002B3B
:10164000E8D106AA0193009307A802923B46314ACB
:101650003149FEF759F9044600283AD1079B012089
:101660000593FEF7B9FBC0B101463046FEF7D6FB45
:101670000028DDD1059905A8089B72681944FFF779
:1016800053F9044610B13046FEF7B8FB07A8FEF741
:101690000BFB20460AB0BDE8F0812048C8E70DF1F9
:1016A00028083D44726848F8147D29464046FFF7F3
:1016B0003BF904460028ECD03046FEF79FFB184B60
:1016C0009C42E6D13246294640460597FFF71EFF69
:1016D000AEE710F5845FD9D117F80820002A99D118
:1016E00006AB0192009207A802933B460D4A0E49B1
:1016F000FEF70AF9044648B9079B3246089905A83F
:1017000005931944FFF702FF0446BFE710F5845F15
:10171000BCD17FE7AC2D0020CC2D002080C3FFFF83
:101720009EC4FFFFEC2D0020082E0020062818BFC5
:1017300001280CBF01200020704700BF08B500F051
:10174000C5FDC00008BD00BF2DE9F04385B00E46C1
:1017500091461F460D9C804600F0B8FDA04215D86A
:1017600000230C9A0546CDF8089003924046019755
:101770001A460096194601F0F7FE20B9A0F564500C
:10178000A54228BF002005B0BDE8F0830048FAE775
:1017900080BCFFFF2DE9F04F81B0934606460C4612
:1017A0000AAFDDF834801D4697E8800600F08EFD14
:1017B000CDF830B05146C9F800004246304601230A
:1017C0000D970B950A9401B0BDE8F04F01F038BDBC
:1017D0002DE9F04F144681B00F46994606460A9D02
:1017E000DDF82CB0DDF83080DDF834A000F06EFDBF
:1017F000A0420ED15246414630460123CDF834B0C6
:10180000CDF830900B970A9501B0BDE8F04F01F08C
:10181000A3BB024801B0BDE8F08F00BF80BFFFFF4F
:101820002DE9F04F81B0894617469B460BAC0A9DC7
:10183000064694E8100500F049FDA04228600DD846
:101840005246414630460023CDF830B0CDF82C90BA
:101850000A9701B0BDE8F04F01F0D8B9014801B0D6
:10186000BDE8F08F00BCFFFF00F08CBD30B4012359
:1018700000F10804054D1430054A4D608C60486144
:101880000A610B700B7330BC704700BF242E002020
:101890002C2E0020023802288CBF00200120704727
:1018A000806D704710B582B011461A46059C049BA6
:1018B0000094F8F7D5FC034B10F5984F08BF184675
:1018C00002B010BD00C7FFFF70B470BCF8F760BC79
:1018D00070B5AEB0044615461E4603A8F8F744FDA1
:1018E000214603A8F8F722FD044668B9339BA4F506
:1018F000645432462946009303A8329BF8F7B0FCA3
:1019000010F5984F18BF044603A8F8F72FFD20469E
:101910002EB070BDF0B5B1B004460D46164605A810
:101920001F46F8F721FD214605A8F8F7FFFC30B166
:10193000044605A8F8F71AFD204631B0F0BD399BE2
:10194000389A3799369803933B4602923246019172
:101950002946009005A8F8F71BFC0446E9E700BFFC
:10196000FAF784BA88300222024B88600A704B6012
:10197000704700BF342E0020023801288CBF0020A1
:1019800001207047A0F10400B0FA80F040097047D0
:10199000A0F10100B0FA80F04009704708B5C368B3
:1019A00000689847C00008BD2DE9F04F83B093460A
:1019B00004460D461E460E99DDF83080DDF8349061
:1019C000C36800680191DDF83CA0984727680123AF
:1019D000CDF838B05246C9F800003846CDF83C8002
:1019E0000D960C95A4680199A44603B0BDE8F04F8C
:1019F000604700BF2DE9F047154604461E46C36800
:101A000000688946089FDDF824809847A8420BD1DA
:101A100020684B46CDF824803A4608960121646838
:101A2000A446BDE8F04760470148BDE8F08700BF25
:101A300080BFFFFF10B5044601F0D8FD2046BDE889
:101A4000104011F045B900BF10B50446F9F732FA5D
:101A50002046BDE8104011F03BB900BF10B5044668
:101A6000F8F784FC2046BDE8104011F031B900BF02
:101A700010B50446102100F071F82046BDE8104072
:101A800011F026B910B5AC21012011F0E9F8044697
:101A900018B10022114600F0C5F9204610BD00BF64
:101AA00010B5AC21012011F0DBF8044608B1F9F7BC
:101AB000ADF9204610BD00BF10B5AC21012011F0DA
:101AC000CFF8044608B1F8F74FFC204610BD00BF20
:101AD0001021012011F0C4B82DE9F043CB68ADF519
:101AE0000D7D074608680C4698470546384600F0C5
:101AF000EDFBED00B5EBC00F28D104AD20222A216B
:101B000000262846904611F0A7F8E3682068984719
:101B10000CAA81460123206831460295A4680392ED
:101B20003246CDF804800096A04718B10DF50D7D22
:101B3000BDE8F0830CAA0146CDF80490434600921C
:101B400038462A46FFF700FE0028EFD002480DF580
:101B50000D7DBDE8F08300BF00BEFFFF024B0A46CB
:101B600000211B68184700BF506200202DE9F04F8C
:101B700093B00F46044690461C9E02A840220021C6
:101B8000994611F069F8002330680193FCF7FAFBDD
:101B9000A7B38246BA453046554628BF3D46FCF7B6
:101BA000FDFB834660BB4A4641463046FCF700FCDD
:101BB000834628BB042230460DEB0201FCF7F8FBFC
:101BC0008346E8B902A93046FCF7FCFB8346B8B966
:101BD00065B10DF10702601914F8011B12F8013FFD
:101BE000A04283EA010304F8013CF5D19DF80730D7
:101BF0007F1B03F101038DF80730CBD14FF0000BB1
:101C000002A84021FFF7AAFF584613B0BDE8F08FA5
:101C10002DE9F04F002683B091461C4600960546FC
:101C20000196DDF8308018BB8B420F4602D35C1A58
:101C30000A2C04D8444D284603B0BDE8F08F434633
:101C40004FF0010EE61EFF2103F8020B1846324644
:101C500088F801E011F000F80346A01E3A469D55B1
:101C60004946184411F02CF8284603B0BDE8F08F1F
:101C7000FCF71CFB06460028DCD028466A4601A972
:101C8000FDF7C8FC05460028D4D13046FCF77AFBA6
:101C9000009B0646034403F108027F2ACAD810F1CC
:101CA0000A01C7D203F10A029142C3D89442C1D3B8
:101CB000A4F10A07FF1A0A2FBCD9C346033F012328
:101CC000FF210BF8025B3A46584688F8013010F0C5
:101CD000C3FFDDF800A00BEB07034FF0300E0AF155
:101CE00008015FFA8AF20BF8075006203144DF1D25
:101CF0009A71043283F801E083F803E09970587117
:101D000038461A715246019910F0DAFF07EB0A03C0
:101D10004FF0040E0522494603EB0E0B07F80A208C
:101D2000DE7032465D70584683F802E05E4410F083
:101D3000C7FF08EB04039E423FF47DAF21464046B7
:101D4000FFF70CFF76E700BF80BFFFFF52B138B549
:101D50000C468D1810F0ACFF04F8010BAC42F9D121
:101D6000002038BD00207047F8B500F1080547682D
:101D700004460E462846F2F721F9874245D16368AA
:101D8000B3F5007F41D800212846F2F75BFB00281D
:101D90003BDD28460021F2F791F8B0B3BEB304F161
:101DA0002C0500212846F2F74DFB00282DDD2846A2
:101DB0000021F2F783F840B304F1380500212846EA
:101DC000F2F740FB002820DD28460021F2F776F8E4
:101DD000D8B1002104F11400F2F734FB002814DD1F
:101DE000002104F14400F2F72DFB00280DDD002155
:101DF00004F15000F2F726FB002806DD04F15C0038
:101E00000021F2F71FFB002808DC0548F8BD314629
:101E100004F11400F2F716FB0028F6DD0020F8BDEF
:101E200080BFFFFF70B504460E4615460021AC2268
:101E300010F012FFC4F8A460C4F8A85070BD00BF31
:101E4000F8B5044615461E460F4619B10830F1F79D
:101E500039FF30BB2DB1294604F12C00F1F732FFD8
:101E6000F8B92EB1314604F13800F1F72BFFC0B9B3
:101E7000069B2BB1069904F12000F1F723FF80B9EE
:101E8000079B2BB1079904F11400F1F71BFF40B930
:101E90005FB104F10800F2F791F800216060084694
:101EA000F8BDA0F581410846F8BD3946FBE700BF03
:101EB00070B504461D4661B100F108063046F2F7E0
:101EC00083F810B1A0F5814070BD3046F2F776F886
:101ED00060603DB12946049A04F12C00F2F774F8D1
:101EE0000028EFD1059B3BB1069A04F13800059913
:101EF000F2F76AF80028E5D1079B3BB1089A04F194
:101F000020000799F2F760F80028DBD1099B3BB16C
:101F100004F114000A9A0999F2F756F80028D1D171
:101F2000002070BD2DE9F04F044600F1080A87B08B
:101F3000002104F1140300F12C0700F1380800F12E
:101F4000200950460293F2F77DFA021C04904FF0EC
:101F5000000118BF012238460592F2F773FA0021FA
:101F600003904046F2F76EFA002105464846F2F724
:101F700069FA061C4FF000018346029818BF01263B
:101F8000F2F760FA039A0030049B18BF0120002A80
:101F900018BF002D14BF012100211BD006EA00024A
:101FA0000025BBF1000F14BF002600F0010655EA22
:101FB000060000D17AB14FF0010B33BB29B3424682
:101FC00039465046F2F78AFBD8B1A0F5814007B0F8
:101FD000BDE8F08F1AB1254807B0BDE8F08F059A2B
:101FE000002AF8D0B5FA85F506406D09284035403D
:101FF000BBF1000F14BF002200F0010252BB1646D5
:10200000D5E75046F1F7DAFF6060C5B92EBBBBF1EA
:10201000000F0ED004F1500304F15C054A4641461E
:1020200038468DE8280004F1440301F075FF0028CC
:10203000CBD15946204607B0BDE8F04F94E6CDF825
:102040000080504602993B464A4601F0FFFD0028B9
:10205000DDD0BAE7AB460E46AFE7029A4B464146A3
:10206000384601F0F1FE0028D1D0AEE780BFFFFF77
:102070002DE9F04700F1080904468A460021484648
:1020800015461E46DDF82080099FF2F7DBF978BB84
:10209000B8F1000F08BF002E4BD1002D49D1BAF185
:1020A000000F04D049465046F1F70CFEF0B92DB1AF
:1020B000284604F12C01F1F705FEB0BB2EB13046E5
:1020C00004F13801F1F7FEFD88BBB8F1000F05D02F
:1020D000404604F12001F1F7F5FD68BB77B304F148
:1020E00014013846BDE8F047F1F7ECBDBDE8F087D4
:1020F000002104F12C00F2F7A5F90028C8D0002136
:1021000004F13800F2F79EF90028C1D0002104F153
:102110002000F2F797F90028BAD0002104F114004A
:10212000F2F790F90028B3D0B9E7BDE8F087BDE831
:10213000F0870448BDE8F087BDE8F0873846BDE881
:10214000F08700BF80BFFFFF2DE9F04F85B01D462F
:1021500000F108070446109B894638460021019388
:102160009246129BDDF838B00293139B0F9E0093AA
:10217000149BDDF844800393F2F764F9002838D10A
:10218000B8F1000F08BF002E50D1002D4ED1B9F18B
:10219000000F05D0524649463846F1F74BFF28BBA1
:1021A00035B15A46294604F12C00F1F743FFE8B94E
:1021B00036B1019A314604F13800F1F73BFFA8B976
:1021C000B8F1000F06D0029A414604F12000F1F761
:1021D00031FF58B9009B43B1039A04F114000099F0
:1021E00005B0BDE8F04FF1F725BF184605B0BDE8D2
:1021F000F08F002104F12C00F2F724F90028BFD061
:10220000002104F13800F2F71DF90028B8D00021B0
:1022100004F12000F2F716F90028B1D0002104F1F2
:102220001400F2F70FF90028AAD0B0E7014805B072
:10223000BDE8F08F80BFFFFFF8B504460D460830BB
:10224000002116461F46F2F7FDF808B91B48F8BDF5
:10225000002104F12C00F2F7F5F80028F6D0002157
:1022600004F13800F2F7EEF80028EFD0002104F175
:102270002000F2F7E7F80028E8D0002104F114006C
:10228000F2F7E0F80028E1D02DB1284604F144012E
:10229000F1F718FD78B92EB1304604F15001F1F78D
:1022A00011FD40B92FB104F15C013846F1F70AFD88
:1022B00008B90020F8BDA0F58140F8BD80BFFFFF40
:1022C000C0F8A410C0F8A820704700BF406870474D
:1022D00070B500210446FFF747FDD0B904F10806A8
:1022E00005463046F1F742FE7F2812D914342946BC
:1022F0002046F1F7E3FD60B12046F1F737FE0128F3
:1023000007D931462046F2F72BF8002801DA284693
:1023100070BD014D284670BD00BEFFFFF0B585B011
:102320000446FFF7D5FF40BB01212046FFF71CFD07
:1023300018BB04F12C0504F1380604F1200704F160
:10234000140E02902946019032463B46CDF800E03B
:1023500004F1080001F01EFE78B904F1500304F105
:102360005C0E3A46314628468DE8084004F14403A5
:1023700001F010FF08B905B0F0BD014805B0F0BD8F
:1023800000BEFFFF38B50C460546FFF7A1FF90B928
:102390002046FFF7C3FF70B904F1080105F10800FA
:1023A000F1F7DEFF38B904F1140105F11400F1F77B
:1023B000D7FF00B938BD014838BD00BF00BEFFFFE0
:1023C000F0B50E4687B0002117460546FFF7CCFC56
:1023D000D8B9044603A8F1F7EBFB314603A86A68B5
:1023E000F1F7F2FD38B1A0F5854403A8F1F7E8FB59
:1023F000204607B0F0BD05F1080603A83146F1F705
:10240000AFFF002803DB0F4CEFE70F4CF0E705F1BF
:10241000680003A905F114023346009008466D6870
:10242000F2F77EFE0028DED12A46394603A8F1F7EE
:1024300001FE054603A8F1F7C3FB002DD8D0A5F592
:102440008544D5E77CBDFFFF80BFFFFF2DE9F04F3E
:10245000ADB00E461D468346049101210592FFF75B
:1024600083FC002840F09D8004460EA8F1F7A0FBF5
:1024700011A8F1F79DFB14A8F1F79AFB17A8F1F743
:1024800097FB002E49D020AB0DF18C0A1AAF0DF14D
:10249000740818460393F1F78BFB5046F1F788FB5D
:1024A00026AE38460DF1A409F1F782FB4046F1F75C
:1024B0007FFB3046F1F77CFB4846F1F779FB294674
:1024C000DBF804200EA8F1F77FFD0546002800F098
:1024D000BB8011A8F1F774FB14A8F1F771FB17A8E2
:1024E000F1F76EFB0398F1F76BFB5046F1F768FBD1
:1024F0000EA8F1F765FB3846F1F762FB4046F1F7AD
:102500005FFB4846F1F75CFB3046F1F759FB002DC5
:1025100041D120462DB0BDE8F08F1AAF0DF17408FF
:1025200026AE0DF1A4093846F1F742FB4046F1F71B
:102530003FFB3046F1F73CFB4846F1F739FB2946B3
:10254000DBF804200EA8F1F73FFD0546002868D10E
:102550000BF108030EA819460693F1F701FF0028B6
:1025600021DB11A86FF00305F1F72AFB14A8F1F79E
:1025700027FB17A8F1F724FB0EA8F1F721FB38463B
:10258000F1F71EFB4046F1F71BFB4846F1F718FB3D
:102590003046F1F715FBA5F5864420462DB0BDE881
:1025A000F08F4D4CB5E70EA93046F1F78BFB054691
:1025B000002838D10BF1440307930BF15003089323
:1025C000049B93B1DBF8A030002B4AD00BF18C0AAE
:1025D000524651465046F2F781F8054600287FD012
:1025E00020AB03930DF18C0A73E70BF174000BF130
:1025F0002C03079A0EA9009038460993F2F790FD34
:10260000054670B90BF180000BF13803089A0EA94A
:10261000009040460593F2F783FD0546002800F040
:10262000008111A8A0E711A8F1F7CAFA14A8F1F7E0
:10263000C7FA17A8F1F7C4FA049B002B9CD020AB73
:102640000DF18C0A03934DE70BF108030EA8194610
:102650000693F1F785FE0028A5DB11A86FF00305AE
:1026600038E70BF198030B220BF18C010394CDF8A2
:10267000248014460A960D46CDF82C901E460C97E1
:10268000DDF81080DDF81490069F0D93DBF8041040
:1026900042464B4630460139AA46F2F70FFF3A460A
:1026A0003146002840F01C812846F3F795F80121B7
:1026B000002840F015812846F1F7C4FE002800F0FC
:1026C0001C81013CE2D1039CDDF824800A9EDDF8E8
:1026D0002C900C9F014D83E780BFFFFF80BBFFFF65
:1026E000069A51465046F2F7A7FB054600287FF4AC
:1026F00077AF0BF198031A46194618460393F1F782
:10270000EDFF039B054600287FF46AAF069A194641
:102710001846F2F791FB0546002D7FF461AF0EA934
:1027200052460846F1F7DAFF054600287FF458AF15
:102730000EA9069A0846F2F77FFB054600287FF4AB
:102740004FAF0BF12C03012211A819460993F1F7A1
:10275000ADFF054600287FF443AF0BF1380301229B
:1027600014A819460A93F1F7A1FF054600287FF443
:1027700037AF059B1C21049A17A8F2F79FFE20ABE8
:102780000546039300287FF42DAF17AA11A9184618
:10279000F1F7A4FF054600287FF424AF0398079AB9
:1027A0000146F1F71BFF054600287FF41BAF059B90
:1027B0001C21049A17A8F2F781FE0DF18C0A054638
:1027C00000287FF486AE17AA14A95046F1F786FFB9
:1027D000054600287FF47DAE089A51465046F1F731
:1027E000FDFE054600287FF474AE0BF17400099BD2
:1027F000039A0EA900903846F2F792FC054600288D
:102800007FF467AE0A9D0BF1800052460EA92B465D
:10281000009040460595F2F783FC054600287FF4BA
:1028200058AE424639460EA8F1F700FF054600288B
:102830007FF4F9AE0BF15C020EA93846F1F74EFFBA
:10284000054600287FF4EFAE099A39460EA8F2F744
:10285000F3FA054600287FF4E6AE059A0EA938463D
:10286000F1F73CFF054600287FF4DDAE3A464146CD
:102870000EA8F1F7B3FE054600287FF4D4AE049B02
:10288000002B66D00EA90BF198020846F1F726FF3F
:10289000054600287FF4A4AE0EA9069A0846F2F772
:1028A000CBFA054600287FF49BAE0BF16800069B2F
:1028B0000BF114020EA900904846F2F731FC0546D0
:1028C000002836D020AB11A80393F1F779F914A8AA
:1028D000F1F776F917A8F1F773F90DF18C0A01E613
:1028E00020AB039C0546DDF824800A9E0DF18C0A7E
:1028F000DDF82C900C9F0393EBE528460D99069A82
:10290000039CDDF824800A9EDDF82C900C9FF3F7E1
:102910006DF8054600287FF463AE0BF16800069B56
:102920000BF11402514600905046F2F7F9FB0546B0
:10293000F2E631464846F1F713FD00B311A81E4DEB
:10294000F1F73EF914A8F1F73BF917A8F1F738F9B8
:1029500075E60BF16800069B0BF114020EA90090BE
:102960004846F2F7DDFB054600287FF45AAE3146B3
:102970004846F1F7F5FC68B111A80F4DF4E520AB1E
:10298000DBF8042036990EA80393F1F753FB0546B4
:1029900011A89AE7DBF804200EA83699F1F74AFB54
:1029A000054611A8F1F70CF914A8F1F709F917A8D1
:1029B000F1F706F99CE500BF80BCFFFF2DE9F04F61
:1029C000012B83B0DDF830A0DDF834B0DDF83880BD
:1029D0006AD0BBF1000F18BF002969D0B8F1000F11
:1029E00066D044680AF10B07BC4261D3BA4594BF74
:1029F0004FF0000E4FF0010EBEF1000F58D1E71E50
:102A000016460D46019088F800E0CAEB070743BB65
:102A1000022208EB020988F8012097B1642403E040
:102A2000013C3CD000283AD1012249463046A84713
:102A300099F80020002AF3D088BB013F09F1010971
:102A4000ECD1484600235246594600F8013B10F0AD
:102A500037F942464146019803B0BDE8F04FFFF711
:102A6000AFBC012208F1020388F8012017B3D8197E
:102A7000FF2203F8012B8342FBD100235246594623
:102A800000F8013B10F01CF94346324629460198F4
:102A9000CDF8308003B0BDE8F04FFFF7D7BCA0F50C
:102AA000894003B0BDE8F08FD0F8A440002C90D04E
:102AB0000148F6E71846E0E780BFFFFF012B2DE94C
:102AC000F04F8BB066D0002968D0044690F8A8007B
:102AD00017460D460393FBF7E9FB029000285DD0F3
:102AE000D4F804A0FBF74EFC169B06B280460233D6
:102AF000760033449A4551D3169A9A4294BF4FF0C8
:102B000000094FF00109B9F1000F47D1189B524657
:102B10004946184603F1010B10F09EF8189B5946E0
:102B2000424683F800903846A84720B1A0F5894076
:102B30000BB0BDE8F08F0BEB0803159A14990298BF
:102B40000493FBF749FC0028F2D1169B4FF0010ECD
:102B50000590AAF102001A461799C01A049B404436
:102B6000861B06EB0E0003F806E0184410F0A8F8E8
:102B700007A8FBF7A7FB059B029907A81A46FBF7D6
:102B8000C1FB814670B107A8FBF7A2FB48460BB01A
:102B9000BDE8F08FD0F8A440012C94D01A480BB0B7
:102BA000BDE8F08F189A0AF1FF3A08F1010607AB69
:102BB000C8EB0A0A164400935A464346514630462B
:102BC000FEF7D4FF81460028DDD107AB32464146EF
:102BD000584600935346FEF7C9FF064607A8FBF781
:102BE00077FB7EB9039B3BB1189B3A4629462046AA
:102BF0000093FFF72BFC9BE7189A20461146FFF73E
:102C0000DFFB95E7304693E780BFFFFFF0B587B065
:102C1000D0F8A4400CADE0CD74B1012C02D00A482C
:102C200007B0F0BD00240497039602950194009428
:102C3000FFF744FF07B0F0BD0E970D960C9507B057
:102C4000BDE8F040FFF7BABE00BFFFFF012BF0B5B3
:102C5000ADF5037D50D04668A6F11004B4F5F87FB9
:102C600000F2998002AD002B3ED189992A46FFF7E8
:102C7000A7FB044678BB6B78A6F1020E95F800C05E
:102C8000002283F001030DF10901AE44174643EA27
:102C90000C0C11F8010FFF2818BF42F0010271451A
:102CA00082F0010057FA80F7F3D10DF10A01072FE6
:102CB00007F10102CB5D8CBF0024012411444CEAD2
:102CC00003031C4364B2002C5DD14A1B8B9BB21AD8
:102CD0009A425AD9314C28464FF40071FEF73EFF14
:102CE00020460DF5037DF0BD899B0095FFF7AEFBF7
:102CF00004460028EFD1BEE7D0F8A430002B4AD11B
:102D00004668A6F11003B3F5F87F44D802AD899B5D
:102D10000095FFF79BFB04460028DCD16B78A6F1F9
:102D2000020C95F800E0204683F002032746AC44ED
:102D30000DF1090143EA0E0E11F8013F5A428C458C
:102D400042EA0302C2F3C01282F0010240EA02002A
:102D5000C0B2C0F1000242EA0002C2F3C01282F027
:102D600001021744E8D10DF10A01072F07F1010212
:102D7000CB5D8CBF0024012411444EEA03031C43A5
:102D800064B2002CA1D0064CA5E7889B8A981A60F3
:102D90000FF096FF9FE70348A3E700BF00BCFFFFCB
:102DA00000BFFFFF80BFFFFF012B2DE9F04FADF506
:102DB000197D65D04768A7F11004B4F5F87F63D892
:102DC000044690F8A80016468B461D46FBF76EFA9F
:102DD0000390002858D0FBF7D5FA00F1010881468E
:102DE0004FEA480A57454FD3B5B918AD2046A599C3
:102DF0002A46FFF7E5FA0446CCB108AE28464FF460
:102E00000071FEF7ABFE30464021FEF7A7FE2046DC
:102E10000DF5197DBDE8F08F18AD204632465946B4
:102E20000095A59BFFF712FB0446002CE5D105A8F1
:102E3000FBF748FA2246039905A8FBF763FA044614
:102E4000C8B97E1E05ABA8440DF16100C9EB0606AA
:102E50000093424649463346FEF788FE044650B981
:102E600005AB314640460DF1610200934B46FEF73B
:102E70007DFE044668B105A808AEFBF729FABDE758
:102E8000D0F8A440012C95D030480DF5197DBDE84F
:102E9000F08F08AE05A8FBF71BFA03983346A39AF8
:102EA000A299FBF799FA04460028A7D10DF1610316
:102EB0002A7803EB0901B9F1000F11D009F1FF38AD
:102EC0000DF11F0001F1FF3EB04410F801CF1EF8D4
:102ED000013F40458CEA030342EA0302F5D149442D
:102EE000AAF10203FB1A022B2DD0033B4FF0000E78
:102EF00001F1FF3C0B44F0461CF8010F4EEA000EB6
:102F00006345CEF100004EEA0000C0F3C01080F02F
:102F100001008044F0D111F8083083F0010313431D
:102F200009D108F10108A79B41444A1BBA1A9A42E9
:102F300003D9074C62E7074C60E7A49BA6981A6088
:102F40000FF0BEFE5AE74FF00008E4E780BFFFFF36
:102F500000BCFFFF00BFFFFFF0B587B0D0F8A44072
:102F60000CAD95E8E04084B1012C02D00C4807B0CC
:102F7000F0BD0024CDF814E0049703960295019467
:102F80000094FFF711FF07B0F0BDCDF83CE00E97BD
:102F90000D960C9507B0BDE8F040FFF757BE00BF97
:102FA00000BFFFFF2DE9F04782B08846012B0546A0
:102FB0000BA991469DF8280046C90ED01C466B68A7
:102FC0000096FEF725FE80BB84B92846324631467E
:102FD00002B0BDE8F047FFF7F3B9D5F8A430002BF5
:102FE00048D16B680096FEF713FEF0B96C680120BB
:102FF00021460FF035FE074600283DD0214601202E
:103000000FF02EFE8246002839D000974A464146EE
:1030100033462846FFF71AFA044648B138460FF0FF
:1030200057FE50460FF054FE204602B0BDE8F08730
:10303000524639462846FFF7C3F904460028EDD129
:103040006A6892B15046751E0AEB020C234610F8CE
:1030500001EB15F8011F60458EEA010143EA010307
:10306000DBB2F4D10BB1094CD8E7304639460FF04A
:1030700027FED3E70648D8E76FF00F00D5E73846BC
:103080000FF026FE6FF00F00CFE700BF00BDFFFF7F
:1030900080BFFFFF2DE9F04F012B9BB09DF890E022
:1030A0002CD079B317460D46044699464668BEF1C2
:1030B000000F1BD194F8A800FBF7F8F8834608B37B
:1030C000FBF760F98046430002339E421AD3324632
:1030D000002127980FF0C0FD0AA942463846A847AC
:1030E000A0B1A0F589401BB0BDE8F08F7046FBF79A
:1030F000DDF838B1FBF746F92590DBE7D0F8A440BE
:10310000012CCED04D481BB0BDE8F08F04F1080370
:10311000039018460493F0F729FF05900FFA88F002
:10312000279B4FF0010E4246A6EB40000AA900F192
:10313000FF3A18449A4400F802EC50460FF0C0FDE4
:1031400007A8FBF7BFF8039B594607A81A46FBF7E9
:10315000D9F8834630B107A8FBF7BAF858461BB038
:10316000BDE8F08F07A8FBF719F983460028F2D1D4
:103170000AEB0803082207A819460393FBF718F97E
:1031800083460028E7D1259A07A82699FBF710F96E
:1031900083460028DFD142460AA907A8FBF708F9B1
:1031A00083460028D7D1039907A8FBF70BF983467C
:1031B0000028D0D1059B07A8711E039A013B0090FF
:1031C000C8EB0101279813F0070F43460CBF4FF0DF
:1031D000010E4FF0000ECEEB01017044FEF7C6FC6D
:1031E00083460028B7D10498F0F7C0FEFF21C0EB5A
:1031F000C606279BBC220AA801361B7841FA06F6B0
:1032000040211E40279B1E700AF81820FEF7A6FCDE
:1032100007A8FBF75DF8B9F1000F09D0279B3A46E4
:10322000294620460093FFF711F91BB0BDE8F08F47
:10323000279A20461146FFF7C3F854E780BFFFFFE7
:10324000F0B5D0F8A44006AE9DF8145096E8C04002
:1032500064B1012C08D1CDF820E0079706960595BA
:10326000BDE8F040FFF716BF0548F0BDCDF820E0FF
:10327000079706960595BDE8F040FFF793BE00BF9F
:1032800000BFFFFF2DE9F04F012B83B045689DF88B
:10329000304058D08A4680462946012093469946B8
:1032A0000FF0DEFC0646002848D0294601200FF02A
:1032B000D7FC074600283AD000902B4620460E9AAD
:1032C0000D99FEF7A5FC0446F8B9B9F1000F40D1FD
:1032D000404632460F99FFF773F80446ACB9A5B1E2
:1032E00020463246791E06EB050E12F8014B11F806
:1032F000013F724583EA040340EA0300C0B2F4D1FF
:10330000002818480CBF0024044629463046FEF722
:1033100025FC30460FF0DCFC29463846FEF71EFC43
:1033200038460FF0D5FC204603B0BDE8F08F30469C
:103330002946FEF713FC30460FF0CAFC6FF00F0071
:1033400003B0BDE8F08FD0F8A460002EA2D00648EC
:10335000F6E700965A46514640460F9BFFF776F82F
:103360000446BBE780BCFFFF80BFFFFF2DE9F047AD
:10337000012BADF5187D07469DF880829DF88C9253
:1033800051D04468A4F11005B5F5F87F5FD8002B43
:1033900053D118ADA5992A46FFF712F800283ED15F
:1033A000661EAB5DBC2B40F08480B8F1000F07D0E7
:1033B0004046FAF77BFF002849D0FAF7E3FFA190D7
:1033C0004846FAF773FF8146002840D0FAF7DAFF43
:1033D0000023804607F1080003930493F0F7C6FD2D
:1033E000E300471E2A78C3F108033B4452FA03F373
:1033F0002DD1790728D02646AA4608F102039E421D
:1034000025D305A8FAF75EFF494605A80022FAF77A
:1034100079FF044600B305A8FAF75AFF20460DF5D8
:10342000187DBDE8F087D0F8A430012B0FD1446897
:10343000A4F11003B3F5F87F09D818ADA59B384661
:103440000095FFF703F8A9E70DF1610AD5E73648C3
:103450000DF5187DBDE8F0876FEA080105AB504611
:103460003144009343460AEB01094A46FEF77EFBCE
:1034700004460028CFD1C7EBC606FF272B7809F1F9
:10348000FF3147FA06F68A4506EA03062E709AF8D7
:10349000002047D212B145E09A4632B90AF1010341
:1034A0009AF801208B42F7D10B46012A03D01F4C1A
:1034B000B1E71E48B3E75D1CA49B5A1CC5EB090687
:1034C00001D0B342F3D105A8FAF768FF04460028FB
:1034D000A1D103A9082205A8FAF76AFF044600282B
:1034E00099D1A19A05A8A299FAF762FF044600288B
:1034F00091D13246294605A8FAF75AFF044600281A
:1035000089D105A808A9FAF75DFF0446002882D1F1
:10351000424608A948460FF087FB054B002818BF14
:103520001C4678E75346C0E780BFFFFF00BFFFFFA0
:1035300080BCFFFFF0B5D0F8A84087B09DF83050B0
:103540000D9F7CB1E4B24FF0FF3E0F9E03940E9CA2
:1035500005960294CDF810E08DE8A000FFF706FF75
:1035600007B0F0BD2C46EEE72DE9F047D0F8A450A7
:1035700086B09DF838E0DDF83CC0DDF84080DDF82D
:10358000449015B3012D03D0174806B0BDE8F0876D
:103590009A46D0F8A83004460E46174613BB754627
:1035A00020464FF0FF3453463A463146CDF814904A
:1035B0000395CDF80880CDF804C0CDF800E0049460
:1035C000FFF7D4FE06B0BDE8F087CDF84490CDF803
:1035D0004080CDF83CC0CDF838E006B0BDE8F047FB
:1035E000FFF750BEDDB2DBE700BFFFFF10B50446BA
:1035F0008C30F0F7E5FA04F19800F0F7E1FA04F105
:103600006800F0F7DDFA04F12000F0F7D9FA04F1D0
:103610003800F0F7D5FA04F12C00F0F7D1FA04F1F4
:103620001400F0F7CDFA04F10800F0F7C9FA04F13C
:103630008000F0F7C5FA04F17400F0F7C1FA04F164
:103640005C00F0F7BDFA04F15000F0F7B9FA04F1AC
:103650004400BDE81040F0F7B3BA00BF2DE9F04FC9
:10366000002918BF7F2B91B01A9D40F2B680022D21
:1036700040F3B380DC0700F1B080174607AA03903F
:1036800000F1140B10460E461C46F0F791FA0AAAF8
:103690001046F0F78DFA0DAA1046F0F789FA294680
:1036A0005846F0F7EFFB024600287BD14FEA54085A
:1036B000C72C04F101030399A8F1630298BF4FF0EE
:1036C00000094FEA530301F12C0401F1380588BFCA
:1036D0009146049300973346002241462046F2F774
:1036E00045FB002872D102460097334641462846E2
:1036F000F2F73CFB002869D12A46214607A8F0F7DB
:1037000095FF002862D107A8F0F730FC8145E1D28F
:10371000079B002B5CDB012221462046F0F7C6FF09
:10372000002853D1012229462846F0F7BFFF002880
:103730004CD12A46214607A8F0F7D0FF002845D1F2
:1037400007AA59460AA8F2F747F800283ED10121F6
:103750000AA8F0F777FE82460028BBD12A46214608
:103760000AA8F2F739F8002830D101460AAB07AAB7
:103770000DA8F1F733F948BB039B0DAA5946203336
:1037800018460593F2F732F900BB0598F0F7EEFB07
:10379000049B98429ED9012221462046F0F76EFFF5
:1037A000024600B307A80492F0F70AFA0AA8F0F755
:1037B00007FA0DA8F0F704FA049A0398A2F5834AD1
:1037C000FFF714FF504611B0BDE8F08F0246E9E75D
:1037D00029462046F0F7BCFA9DE7DFF87CA050466A
:1037E00011B0BDE8F08F012229462846F0F746FFC8
:1037F00002460028D6D1039B2A46214603F108063B
:103800003046F0F76BFF02460028CBD13046F0F788
:10381000D5FB039F059A29463B46786007F1500681
:1038200020465C33009601933B46443300F074FB22
:1038300002460028B6D10398FEF770FD049007A851
:10384000F0F7BEF90AA8F0F7BBF90DA8F0F7B8F940
:10385000049A002AB6D0B0E780BFFFFF70B50D46CE
:103860000A68044608316B68083084E80C00F0F7F9
:1038700029FA064620B12046FFF7B8FE304670BD53
:1038800005F1140104F11400F0F71CFA06460028B3
:10389000F1D105F1200104F12000F0F713FA0646FA
:1038A0000028E8D105F12C0104F12C00F0F70AFA08
:1038B00006460028DFD105F1380104F13800F0F7A1
:1038C00001FA06460028D6D105F1440104F144006E
:1038D000F0F7F8F906460028CDD105F1500104F1C2
:1038E0005000F0F7EFF906460028C4D105F15C015D
:1038F00004F15C00F0F7E6F906460028BBD105F1BB
:10390000740104F17400F0F7DDF906460028B2D125
:1039100005F1800104F18000F0F7D4F90646002893
:10392000A9D105F1680104F16800F0F7CBF906466A
:103930000028A0D105F18C0104F18C00F0F7C2F948
:103940000646002897D105F1980104F19800F0F798
:10395000B9F9064600288ED1D5F8A420D5F8A830AC
:10396000C4F8A420C4F8A83088E700BF2DE9F047C8
:10397000E4B0054605A8F0F71BF9AC22002139A8F0
:103980000FF06AF905A8A34A1021F0F72BFF0446AF
:1039900048B9019003460090024605A939A8FEF7F0
:1039A0004FFA044648B105A8F0F70AF939A8FFF71D
:1039B0001DFE204664B0BDE8F087974A102105A897
:1039C000F0F710FF04460028EDD105A944A8F0F750
:1039D00079F900283BD1914A102105A8F0F702FFA0
:1039E00004460028DFD105A947A8F0F76BF90028A5
:1039F00031D18B4A102105A8F0F7F4FE04460028C7
:103A0000D1D105A941A8F0F75DF910B1B0F5814415
:103A1000C9D1844A102105A8F0F7E4FE0446002825
:103A2000C1D105A93EA8F0F74DF910B1B0F5814418
:103A3000B9D139A8FEF776FA04460028B3D1002D93
:103A40004ED139A8FEF744FC48B10124ABE7B0F5EC
:103A50008144A8D1BFE7B0F58144A4D1C9E739A812
:103A6000FEF75CFC0028F0D10DF134096E4F0DF12A
:103A700064084FF0180A4E46CDF80490CDF808803F
:103A80000FCF0FC697E80300CDF800A02B462A46BB
:103A900086E80300654939A8FFF7B8F80028D4D1B3
:103AA00013AE04AFCDF80CA00123CDF8048022465C
:103AB000029639A800975D49FFF74EFA0028C4D155
:103AC0003A68304649460FF0AFF80028BDD108AE3D
:103AD00051464846324601F04BFE68B1012069E785
:103AE00053480FF0C5F839A8FEF7F2FB00B3514870
:103AF00001240FF0E1F856E70427CDF80C80029678
:103B00002A4601950123009739A84849FFF798FBF9
:103B100000289AD1CDF80C802346029622460194C3
:103B20002146009739A8FFF71FFD00288DD13AE7FD
:103B300039A8FEF7F3FB0028D9D10DF134083A4E2D
:103B40003D4819AF0FF094F84546CDF804804FF08A
:103B500018090FCE0FC596E8030002972346CDF84B
:103B60000090224685E80300304939A8FFF74EF857
:103B70000028BCD113AD04AE30480FF079F8CDF871
:103B80000C900197012302952246009639A82749F7
:103B9000FFF7E2F90028AAD13268284641460FF023
:103BA00043F80028A3D1264808AD0FF085F8254832
:103BB0000FF05EF8494640462A4601F0D9FD20B193
:103BC0001C480FF079F80120F4E6042603970295CB
:103BD000012301942246009639A81449FFF730FBCF
:103BE000002884D118480FF043F803970295234624
:103BF000019422460096214639A8FFF7B5FC00281B
:103C00007FF475AF0E480FF057F80A200FF044F814
:103C1000C9E600BF582E00205C2F0020E02F0020B6
:103C20006430002068310020500400204D1D0160E8
:103C30007031002048160020A83100208831002073
:103C4000F8150020C8310020E03100202DE9F047B0
:103C50007C4C96B0864689469446984604F1300AD4
:103C60001E9F08AE2068103454F80C1C354654F8DA
:103C7000082C103654F8043C54450FC5F2D1206886
:103C8000A3883060B380B8F1000F3CD0002F3AD049
:103C9000D8F80830BBBBB968A9BB70466446764605
:103CA000F0F7D0FB00282EDD01212046F0F7CAFBFB
:103CB000002828DD31462046F0F752FB002822DAA2
:103CC00001214846F0F7BEFB00281CDD314648467E
:103CD000F0F746FB002816DA05A8EFF769FF02A8FF
:103CE000EFF766FF21464A4602A8F0F7F7FC0446C4
:103CF00070B105A8EFF764FF02A8EFF761FF204657
:103D000016B0BDE8F0876FF0030016B0BDE8F0878D
:103D100002A901220846F0F7C9FC04460028E8D1B0
:103D200002A8F0F705F91FFA80FABAF1000F02D1E4
:103D30006FF00304DDE7514602A8F0F7F3F90446FB
:103D40000028D6D1B3681B6803F00709A9F101095F
:103D5000B9FA89F94FEA591916AB05A84B4413F87B
:103D6000381CF0F78FF8324605A94046F1F734FDCC
:103D700004460028BDD101214046F0F763FB38B16D
:103D800009F101091FFA89F9B9F1360FE4D1CFE73A
:103D900005A90097334602AA0846F1F7C1F904467F
:103DA0000028A6D101251BE005A901220846F0F74D
:103DB0007DFC05AA0446114600289AD11046F0F76A
:103DC0008DFC3246044605A9002892D108460135EB
:103DD000F1F732F8044600288BD1ADB2AA452AD3B8
:103DE000012105A8F0F72EFB012205A918B305A8AB
:103DF000F0F744FC3246044605A900287FF479AF69
:103E00004046F1F7E9FC0121044600287FF471AF38
:103E10004046F0F717FB0128C6D131464046F0F77F
:103E20009FFA0130C0D12146434632463846F0F76A
:103E3000D5FD04465DE7012105A8F0F703FB002846
:103E40009ED075E76C040020002B61D02DE9F04175
:103E50000D4686B00446002118461F461646F0F768
:103E6000F1FA804638BB01212046F0F7EBFA002832
:103E700021DD01212846F0F7E5FA00281BDD414647
:103E80003046F0F7DFFAB0B16846EFF791FE03A8CD
:103E9000EFF78EFE214668460122F0F707FC044644
:103EA00070B16846EFF78CFE03A8EFF789FE204655
:103EB00006B0BDE8F0816FF0030006B0BDE8F08108
:103EC0002946012203A8F0F7F1FB04460028E8D1B7
:103ED00003AA69463846F1F77FFC04460028E0D182
:103EE00003AA69466846F0F7F9FB04460028D8D1D2
:103EF00001463B466A466846F0F770FD04460028D6
:103F0000CFD1314638466A46F1F770FD0446C8E71E
:103F10006FF00300704700BF2DE9F04184B01D46EB
:103F200006460F4601A89046EFF742FEADB10122CA
:103F3000314601A8F0F7BAFB044630B101A8EFF70B
:103F40003FFE204604B0BDE8F081284601AA414664
:103F5000F0F772FF04460028F0D10A9B7BB10122E2
:103F6000394601A8F0F7A2FB04460028E6D14146F5
:103F700001AA0A98F0F760FF04460028DED10B9BE7
:103F800033B1324639460B98F1F730FD0446D5E798
:103F90001C46D3E72DE9F04F87B00E468046174602
:103FA000DDF844A0684699461AF1000518BF0125BE
:103FB000EFF7FEFD16F1000B03A818BF4FF0010B41
:103FC000EFF7F6FD15B1BBF1000F28D13C1C18BF6F
:103FD00001240DB1002C34D118F1000A0BEA0404BD
:103FE00018BF4FF0010ABAF1000F3BD0002C39D0B6
:103FF0003A4631466846F0F771FB0546002859D02D
:104000006846EFF7DDFD03A8EFF7DAFD15F5844FFD
:1040100013D0A5F58445284607B0BDE8F08F129A65
:1040200051463046F1F760FE0028CFD0584D684623
:10403000EFF7C6FD03A8EFF7C3FD284607B0BDE8BC
:10404000F08F5146129A3846F1F74EFE0028EDD116
:1040500018F1000A0BEA040418BF4FF0010ABAF184
:10406000000FC3D1109B002B18BFB9F1000F14BF74
:1040700001250025BAF1000F18D0BDB10121484635
:10408000F0F7E0F90028D1DD01211098F0F7DAF916
:104090000028CBDD41464846F0F762F90028C5DA32
:1040A00041461098F0F75CF90028BFDA04B175B901
:1040B0000025BCE701214046F0F7C4F90028B5DD32
:1040C00041466846F0F74CF90028AFD1CAE7012114
:1040D0003046F0F7B7F90028A8DD01213846F0F79F
:1040E000B1F90028A2DD109A49466846F0F7F6FAC1
:1040F0000546002884D1012269466846F0F7D6FAC1
:10410000054600287FF47CAF3146012203A8F0F772
:10411000CDFA054600287FF473AF03AA69466846C6
:10412000F0F78AFE054600287FF46AAF014668462C
:10413000F0F788F900287FF479AF4946109A68466D
:10414000F0F7CCFA054600287FF45AAF0122694601
:104150006846F0F7ABFA054600287FF451AF3946C0
:10416000012203A8F0F7A2FA054600287FF448AF21
:1041700003AA69466846F0F75FFE054600287FF40B
:104180003FAF01466846F0F75DF9002890D04DE753
:1041900000BEFFFF2DE9F04186B01E4605460F46E2
:1041A00068469046EFF704FD03A8EFF701FD9EB3C4
:1041B000CDB1012229466846F0F778FA0446A0B14D
:1041C00014F5844F09D16846EFF7FAFC03A8EFF71E
:1041D000F7FC204606B0BDE8F08114F5814F02D00F
:1041E000A4F58444EFE7304CEDE73146424603A89E
:1041F000F0F71CFA04460028E2D103A96A460846F3
:10420000F0F71AFE04460028DAD1014603A8F0F7B9
:1042100019F908B1254CD6E70C9BFBB1002FE2D071
:10422000012239466846F0F741FA04460028C7D112
:1042300042460C9903A8F0F7F9F904460028BFD1CB
:1042400003A96A460846F0F7F7FD04460028B7D1EF
:10425000014603A8F0F7F6F80028DBD10D9B0BB35D
:10426000002DC0D0002FBED03A460D996846F0F719
:1042700035FA04460028A3D1012269466846F0F7C2
:1042800015FA044600289BD12A4669466846F0F78D
:10429000D3FD0446002893D101466846F0F7D2F8D2
:1042A0000028B7D100248EE780BFFFFF00BEFFFFCC
:1042B0005C2200210EF0D0BC10B15C21FDF74EBC99
:1042C000704700BF08B55C220EF0FAFC08BD00BFC5
:1042D000F0B403460022074F074E1046074D084C26
:1042E00008499F60DE601D615C6199611A605A60D7
:1042F000F0BC70470123456789ABCDEFFEDCBA986F
:1043000076543210F0E1D2C32DE9F04F4B789BB0D8
:104310000D781B0491F803E04C7943EA05658E782B
:1043200091F80480240445EA0E0591F807C04B7A01
:1043300044EA086445EA06224E7B8F7944EA0C0C75
:1043400091F808A0360491F80CE01B0491F80FB026
:104350004CEA072491F80B9043EA0A6346EA0E659B
:1043600091F80A800B9443EA090945EA0B064C7C54
:104370004D7D49EA082391F810A0240491F8148097
:104380002D048F7B44EA0A64069345EA0865CB7CDA
:1043900091F817A091F812E01C43049245EA0A0A2A
:1043A00046EA07228F7D4B7E44EA0E244AEA072E16
:1043B0000E7E0D921B047246019043EA066391F84B
:1043C0001B800F9202F1B54291F81AC043EA08032C
:1043D0004D7F02F51E320E9443EA0C230C7F2D0410
:1043E00002F29912CF7F45EA04648E7F14921A4636
:1043F00044EA070591F821E002F1B54791F820B0B1
:1044000091F8253045EA062607F51E374FEA0E4E8D
:1044100091F823901B0407F2991791F824A01092A9
:10442000324615974EEA0B6791F8295043EA0A6322
:1044300091F822C047EA090E91F827402D0491F81F
:1044400028604EEA0C2E119202F1B54291F82680B6
:10445000234391F82DC045EA066502F51E3291F816
:10446000316091F82C9043EA082891F8304002F22C
:1044700099124FEA0C4C91F82BB0360491F82A703F
:1044800091F82FA04CEA096C199246EA046672462C
:10449000CDF81C8091F82EE045EA0B0891F83330F6
:1044A0004CEA0A0C91F832B048EA07281E4391F80A
:1044B00035704CEA0E2E91F8345046EA0B2691F8EE
:1044C000369091F838A03F0491F83940002091F8D7
:1044D0003BC047EA056791F83C3091F83FB0CDF812
:1044E0002080CDF824E091F8378091F83AE00A96E0
:1044F00047EA080591F83D6091F83E1045EA092821
:10450000129336041391019902948F68029C3B46E2
:104510000F46C96824043D69169144EA0A6405956A
:104520007D6944EA0C04CDF808804FEAB3080C9585
:104530004FEAB105B96944EA0E2E179105990C9F0F
:1045400001F1B5498A464F40069909F51E39CDF863
:104550000CE00C9C8AEA050E09F299191893A24600
:104560000EEA030E8944169907EA010C1799DC4FED
:104570008CEA0404CF19049907EBF367129B12929B
:1045800046EA03662744059B5446DFF854A346EAEF
:104590000B0C8EEA030E0E46A2440C46069985EAE1
:1045A00008033C44D64486EA01070B9E13994FEA60
:1045B000B40A2340DFF828B34CEA012C0EEB0601C5
:1045C000DFF81CE36B4001EBF46188EA0A04AE44B7
:1045D000149DCDF810C099444FEAB10C05EB0A06C2
:1045E0000C400D9D09EBF163159984EA0804AE4473
:1045F0008AEA0C05C344A64488461D400E994FEA3A
:10460000B30457400EEBF36E8B44199B85EA0A09FD
:1046100002998CEA04059A46D9444FEABE0305EA9A
:104620000E0509EBFE694F4002F1B54E84EA030125
:104630000B9AE04401EA090185EA0C0594460D9ABB
:10464000A2444C408CEA020C079A354404EB080162
:1046500002F1B5444FEAB90605EBF9690EF51E3EC5
:1046600004F51E3483EA06054FEAB9080EF2991ED6
:1046700004F2991401EBF96105EA09058CEA020CD0
:1046800004EB060986EA0804089A5D400C400EEB2C
:10469000030B55444FEAB10384EA060E02F1B54616
:1046A00005EBF16588EA030A06F51E3609994FEA1B
:1046B000F777DE4406F299160AEA050B884C4FEAB2
:1046C000B50A0EEBF56E0B970C198BEA080706EB93
:1046D000080183EA0A064F444FEABE0906EA0E06BD
:1046E00004EB030B07EBFE678AEA090473400A9D9B
:1046F0003C404FEAB70E5E18029984EA0A0805F1B9
:10470000B54501F1B54106EBF76789EA0E03039E53
:1047100008EB0B0405F51E3501F51E31DFF8C0B1BD
:104720003B4005F2991501F29911B344069E4FEAF8
:10473000B708554483EA090301EB090AB1460E9E06
:1047400004EBF7648EEA0801F34489EA06095E196E
:10475000039B4FEAB40706EBF46621408CEA030C96
:10476000049C5F4B81EA0E0188EA07054FEAFC7C56
:10477000E3180B9C5144354004F1B54E4FEAB604A2
:1047800001EBF66103EB080A87EA040385EA0805F2
:104790000EF51E3E049E0B405D444FEAB10B0EF237
:1047A000991E7B4005EBF16584EA0B08774453447E
:1047B0004FEAB50108EA050889EA020903EBF56347
:1047C0000D9D6246DFF818A1AE460F9D89EA0609E5
:1047D00092448BEA01068EEA050C88EA0408099DDA
:1047E0001E404FEAF97EB8448CEA050C4FEAB30745
:1047F0000AEB04050B9C08EBF3680D9281EA0703B2
:1048000072468CEA040C86EA0B0E109C0E9E4FEA50
:10481000FC7CAE4403EA080574400A9B304E4FEA24
:10482000B8095C400F9B0E92961962469C46119BFC
:104830000EEBF86E0F9206EB0B088CEA030A85EA82
:1048400001030D9D87EA090C9346254A6C400CEA4A
:104850000E0C029D5A444FEAF474109E11448AEAE9
:10486000050A06948CEA070C0E9D4344129C8C4466
:104870008AEA050A069986EA04081A4D039C03EBA6
:10488000FE664D194FEABE0E0F9988EA040889EAC0
:104890000E034FEAFA7A88EA010811994FEAB60B3B
:1048A00052460CEBF66C8A46734007990D4E4FEA60
:1048B000F878049C8AEA010110929619129A6140D4
:1048C000CDF844803D449046089A069C8EEA0B073A
:1048D00088EA02081D44614006EB090304E000BFBA
:1048E0009979825AA1EBD96E0B9E4FEABC094FEA27
:1048F000F171119C87EA0C07DFF8E0A40A460799DA
:1049000088EA0608109E05EBFC65A2441F448C460D
:104910008BEA0903099988EA060807EBF5670D9EFB
:10492000D6448CEA010C6B404FEAB505DFF8ACA425
:104930004FEAF8788CEA060C734489EA0506CDF84C
:104940001C80924403EBF76311924FEAB708089A70
:104950007E40079FDA448CEA040C964607F1DD4B53
:104960000A9A4FEAFC7C12940BF5B30B0E9C8EEA6C
:10497000020E099A61468EEA040E0BF5D74B029C93
:10498000944685EA0807119A8CEA040C0BF1210B76
:104990000F9C8EEA020ECB4487EA03098CEA040CD2
:1049A000079C4FEAB3075644D9444FEAFE7E8CEA8F
:1049B000040CDFF828B40A9C724606EBF3668B44BD
:1049C00088EA0703A646039C5D4483EA060B069B20
:1049D0008EEA040E09EBF6694FEAFC7C029C4FEA72
:1049E000B6068EEA030302F1DD4ECDF820C04B403F
:1049F0000BEB050C0EF5B30E87EA060B049D0CEBD2
:104A0000F96C4FEAB90A0EF5D74E8BEA09096540F1
:104A10004FEAF373089CDFF8C4B30EF1210E029342
:104A2000A344109B039CF04414915D4086EA0A0164
:104A3000A6460B9C554015925F44029A8EEA0403E9
:104A400081EA0C0E1299C8444FEABC094B407744E6
:104A500002F1DD4E4FEAF572089D08EBFC680EF599
:104A6000B30E8AEA090B6B40049D0EF5D74E07EB97
:104A7000F8674FEAF373AC460D9D8BEA080B13936E
:104A80004FEAB808D54B8CEA050C119D0EF1210EAA
:104A9000D31812928CEA050C029A9A44139B89EA65
:104AA0000805764403F1DD438CEA020C4FEAB70EA9
:104AB0007D405E4403F5B303A3464FEAFC7C0E9CA5
:104AC00006EBF766AA4488EA0E0703F5D743CDF84C
:104AD0000CC08BEA040B079C4FEAB60577400AEB43
:104AE000F66A2133039E8BEA040B0D9C4B4406F1BE
:104AF000DD49129AA4460F9C09F5B3093B448CEAA0
:104B0000040C149C09F5D749139F8CEA040C8EEA17
:104B1000050609F1210903EBFA638CEA070C8BEA1D
:104B2000020B86EA0A07C8444FEABA0A0E9C4FEA0B
:104B3000FC7C069A85EA0A064FEAFB7BB844CDF86E
:104B400024C0CDF810B04FEAB30C08EBF36884EA48
:104B5000020B7340159A099E039C8BEA020B049F7B
:104B600006F1DD468BEA040B0F9C07F1DD4706F5E5
:104B7000B306A146109C07F5B30706F5D746089A79
:104B800089EA040921364FEAFB7B07F5D747069CE3
:104B9000CDF834B089EA020921373544049E4C40EF
:104BA000BE448AEA0C0789EA0609029E73440D9AFC
:104BB0007440099E4FEAB80B87EA080703EBF863D5
:104BC00074404FEAF979109EDFF810828CEA0B0EE0
:104BD0003D444F469044B146119E8EEA030EC244B6
:104BE00005EBF36589EA0609129E4FEAB303F24426
:104BF00089EA06098E46794E4FEAF47407990AEB62
:104C0000F56A0E97BE198EEA01088BEA030713991D
:104C100089EA02090F944FEAB50488EA01087D4049
:104C20001499B444119F4FEAF9790F9A83EA040E5C
:104C30004F406A4ECDF818908EEA0A0E39460E9F04
:104C400096194FEABA0988EA0708039F6544B344F6
:104C50007940069EDFF884C105EBFA6584EA09070E
:104C6000F344B44451400BEBF56B6F4063444FEA9F
:104C7000B5054FEAF171079E159A3B440B9189EAFD
:104C800005014FEAF87EDFF854A14FEABB0786EA38
:104C9000020803EBFB630B9A81EA0B0B0499CDF836
:104CA00028E0F24488EA01089646149954444B4A95
:104CB00085EA0706A3440A9C72448E4608995E4022
:104CC0004A440BEBF36B8EEA010C069932444FEA2F
:104CD000B30388EA01080999DFF8049102EBFB624B
:104CE0008CEA010C4FEAF87E4BEA03014FEABB085D
:104CF0008CEA040C7646159C39404FEAFC7E1096EF
:104D0000DFF8DCA00BEA030BCDF844E0A646029CDA
:104D1000B24442EA080641EA0B0B8EEA040E119CEB
:104D20000B995544A1440D9C06EA030A02EA0806C1
:104D30008EEA040E089C4AEA06064F44A446129CDA
:104D40008EEA010E0E998CEA040C37444FEAFE7E7F
:104D5000139C109E8CEA010C029905EBF265CDF8CC
:104D60001CE08CEA060C81EA040E079E1C495D4497
:104D70004FEAB20271184FEAFC7C0F9E4FEAB50968
:104D800007EBF567CDF808C005EA020B8EEA060EC0
:104D900045EA02066546DFF848C00B4406EA080605
:104DA0001299AC44039D03EBF76347EA090A4D40AF
:104DB00046EA0B01119E07EA090B1944079B8EEA8C
:104DC000060E069E0AEA020AE0447540049E4FEA77
:104DD000FE7EDFF80CC05D4004E000BFA1EBD96EA1
:104DE000DCBC1B8F84EA06030A9C4FEAB7074AEA39
:104DF0000B0AF4446340039C41EA0706D044624432
:104E0000A446099C08EBF168CDF848E006EA0906DB
:104E10004FEAB10E8CEA040C3940029C02EBF862B6
:104E200048EA0E0B634031430B9C0BEA070B11441D
:104E30004FEAF37208EA0E0A4FEAF57503928CEA1C
:104E4000040C049A4BEA0A0A0D9C4FEAB808139521
:104E500005F10F4582EA040B039A05F5DD15129B57
:104E600002F10F4241EA080605F5E6558CEA030C0B
:104E700002F5DD12109B1C354FEAFC7C02F5E65270
:104E800006EA0E064D44CDF810C01C324FEAB109B7
:104E90005544DFF8C4A31744099A05EBF165E244D1
:104EA00001EA080194460E9A8BEA030BD64445EAC0
:104EB00009038CEA020C46EA0102139907EBF56735
:104EC00005EA090603EA08038BEA010A11993A4444
:104ED000039F4FEAFA7A8CEA010C33434FEAB50696
:104EE000CDF824A05146DFF870A38CEA070B734479
:104EF00042EA06078A4421460F9C4FEAFB7E03EBF9
:104F0000F26307EA090781EA0405D3494FEAB20CC4
:104F100032407144CDF834E03A43D044089143EA3A
:104F20000C0A079903EA0C0B089F0AEA060A4D408F
:104F30000E994F4408EBF3688E4606994AEA0B0B2C
:104F400002EB080A8EEA0101BE46049F0BEB0E0934
:104F50007D40029F09EBFA694FEAF5727940099D9D
:104F600008920A9A81EA05074FEAB301BA4D129BEB
:104F700084EA0208089A88EA03084FEAF773551989
:104F80004FEABA024AEA0107069C354403F10F468C
:104F900049EA020B0AEA010A06F5DD160E930BEA4E
:104FA000010B09EA020306F5E65607EA0C0705EBD2
:104FB000F9654BEA03031C36A64647EA0A070B9C31
:104FC000B4440D9E2F448EEA040E88EA0606139C14
:104FD0009C44A14B4FEAF6758EEA040E089E4FEAF8
:104FE000B9090F95EB180A9D8EEA060E0B449A49F3
:104FF000A846109D4FEAFE7E88EA050647EA0905A5
:105000000CEBF76C71444FEAB70B154007EA090740
:10501000CDF828E006914CEA0B0803993D43069F22
:1050200008EA090A4E400B9C3A440E9F0CEA0B0812
:10503000A6467E40119C03EBFC63049F4FEAF67684
:105040008EEA04014AEA080805EB030A3346109D7C
:105050000F9E79400B9303F10F4381EA060E424401
:105060000799A84603F5DD1302EBFA624FEABC0686
:10507000099D4FEABA0788EA010803F5E6534FEAAB
:10508000FE7E88EA050C42EA07014AEA06051C335F
:10509000DFF8C4810AEA060ACDF818E0994405EA67
:1050A0000B0502EA0703F0443140A646029C09EBD7
:1050B000F26945EA0A0519438EEA040E0D9BD844AD
:1050C0000A9C8EEA030E05EB09030B9D01EB080A0F
:1050D0008CEA040C4FEAB2088EEA050B129A079983
:1050E0004FEAFC7C4FEAFB7B43EA080981EA0205B0
:1050F000089A59464FEAB30E0AEBF36A64465540E4
:10510000DFF854C101F10F4210944AEA0E0BA44497
:1051100002F5DD12029C1191B44406990BEA0806CF
:1051200002F5E652A346139C4D401C3209EA0709DA
:105130008BEA04010AEA0E0B3A4403EA08034FEA39
:10514000F57546EA0B0B0CEBFA6C49EA03032F46A4
:1051500093440E9D03EB0C09129A4FEABA0A109E73
:1051600069409446039D714012978CEA05060F9D95
:1051700049EA0A0307F10F426E402546049C09EAFA
:105180000A0702F5DD120BEBF96B65404FEAF1748B
:1051900003EA0E0102F5E65202944FEAB90C119CA3
:1051A0001C32029B4BEA0C0966400A9C424409EA05
:1051B0000A096540284C02EBFB621C1941EA07030F
:1051C0004FEAF671099E03EB02080BEA0C07079100
:1051D0007444129949EA070E204B4FEABB074D4031
:1051E0000399A6444FEAB8044E400B994FEAF57272
:1051F0008CEA07054E40029903920EEBF86E4E4082
:105200000499079A89464FEAF6760D991A4404964E
:1052100089EA0109069E02EB0A0185EA080289EA89
:105220000609099E0A440799B246089E89EA0109BF
:1052300010998AEA060A039D87EA04084FEABE0627
:105240008AEA010A02EBFE61049A1D4488EA0E080C
:105250009646039A654403E0DCBC1B8FD6C162CA44
:105260004FEAF97C8AEA020A0D9ACDF824C0A844D4
:105270009E4484EA060594460E9A0EEB070B4FEA0D
:10528000B10785EA010E8CEA0202099D08EBF16C78
:105290001199DE4405EB030B049D4A404FEAFA786E
:1052A000A3444FEABC016A40089DCDF8348086EAE9
:1052B0000708A94613920F9D0EEBFC6E0D9A88EA23
:1052C0000C0889EA050587EA010C02EB0309139A29
:1052D0008CEA0E0CC3444FEAF274129AB1444FEABE
:1052E000BE08089455400A9CCC440E9A0BEBFE6B0A
:1052F000089E81EA080E5440099AB1460D9E554019
:10530000029A99448EEA0B0E54404FEAF57A0B9AB2
:105310004F440F9D74400AEB030985EA02064FEAE9
:10532000F4750CEBFB620EEB070C0E954FEABB0B12
:10533000079D49444FEAB20788EA0B046E40089D76
:105340000CEBF26C54406E400A9D8BEA0702AE46AD
:105350004FEAF676069D82EA0C020A968EEA050E60
:10536000039E0E9D8EEA060E0B9E1D44B146109EB6
:10537000A844049D89EA06068EEA0A0E04EB010998
:105380000A996E400E9D4FEAFE7E19446E40069DBE
:1053900009EBFC69CDF82CE04244AE46119D8B44EC
:1053A0004FEAF6718EEA050E02EBF9654FEABC048E
:1053B0000F914FEAB50609990B9A87EA04088EEA1D
:1053C000010E06960A9E88EA09084FEAB909D11823
:1053D0008EEA060E109E84EA0902D844B446129E54
:1053E00008EBF5686A408CEA060C0D9D39444FEADB
:1053F000FE7E0F9F8CEA050C119D1144CDF840E014
:105400001F44AE46029D069E4FEAB80B8EEA050E7B
:105410003D190B9C89EA0606109A01EBF8618CEAAB
:10542000040C089C86EA080790468EEA040E069C47
:1054300098442F4484EA0B020F9C129DC1448EEACB
:10544000040E4A40079C4FEAFC7C4A4407EBF16794
:105450006540029E11924FEAB101109A85EA0A0551
:105460000CEB030AB1465540069A039E8BEA0104F1
:105470009244119A89EA06064FEAB70802EBF762EE
:105480007C404FEAFE7E81EA08070692A2440E9A0B
:105490000EEB0309069C56404FEAF572079D6740E4
:1054A0000292D9442A46049D4FEAB40B86EA0C06C0
:1054B00055400A9AB94455400AEBF462029C4FEAFF
:1054C000F67A85EA0E0E099EA44688EA0B04039D2F
:1054D00009EBF2699C44544075404FEAB2026144C2
:1054E0000AEB03078BEA02064FEAFE7E21444FEAED
:1054F000B904B8440EEB030C039182EA04070B993C
:10550000E3444D40039901EBF96186EA0909029EE3
:10551000C8444FEAB10C7540049E4F4008EBF1615E
:10552000029584EA0C080D9DBB44109F6E400F9DB0
:105530000BEBF16B6E40099DA946089D86EA0A06B1
:105540004FEABB0A89EA0509029D03EBF67603EBF5
:10555000F57589EA07092644154488EA010289EAB3
:105560000E094FEAB1011544189A8CEA010781EA45
:105570000A08134405EBFB6587EA0B0B019F03EB5D
:10558000F979059B88EA05085E4403EBB5040C9B9A
:10559000E14406EBF5651A46179B09EB080C3C61E4
:1055A0001944169B52442B440CEBF5657A61FB6061
:1055B000BD60B9611BB0BDE8F08F00BF2DE9F843B5
:1055C0000368064614460D4603F03F0713449A420B
:1055D000C7F14008036002D9436801334360DFB17B
:1055E000A04519D806F11C092946424609EB0700D7
:1055F0000DF066FB49463046FEF786FE80B9C8EBE3
:105600000404454407463F2C08D929463046403C0F
:105610004035FEF779FE18B93F2CF6D814B920466C
:10562000BDE8F88306F11C002246294638440DF0F7
:1056300047FB0020BDE8F88302B1BFE71046704782
:10564000F8B50446006880220D4600F03F0004F1E2
:105650001C062318013038281A7755D8C0F13802B3
:10566000002130440DF0F8FA236831466668204680
:105670005A0FDB0042EAC6021F0E84F85B30160E9A
:1056800084F8572084F85870170C84F85460120A74
:105690001E0C84F855701B0A84F8562084F8596053
:1056A00084F85A30FEF730FE00282CD1E37A2B70B4
:1056B00063896B70A3681B0AAB70A368EB70E37B14
:1056C0002B71E3896B71E3681B0AAB71E368EB71C3
:1056D000E37C2B72638A6B7223691B0AAB722369AA
:1056E000EB72E37D2B73E38A6B7363691B0AAB7305
:1056F0006369EB73E37E2B74638B6B74A3691B0A82
:10570000AB74A369EB74F8BDC0F1400200213044D2
:105710000DF0A2FA31462046FEF7F6FD0028F2D140
:105720000146382230460DF097FA9DE770B4002309
:10573000064E074D074C0849084A8660C56004615B
:10574000416182610360436070BC7047012345671B
:1057500089ABCDEFFEDCBA9876543210F0E1D2C3BB
:1057600002B970472AE700BFFFF76ABFFEF7CCBD5A
:1057700070B598B006460C46154600215C2201A87B
:105780000DF06AFA124B1348039303F1B94312491F
:1057900003F55B23114A049003F6EF63059106922B
:1057A00007935CB9294601A8FFF74AFF044601A800
:1057B0005C21FCF7D3F9204618B070BD2246314673
:1057C00001A8FFF7FBFE04460028F0D1EAE700BF7E
:1057D0000123456789ABCDEFFEDCBA9876543210D1
:1057E000FFF7C6BF2DE9F04F0024ADF2744D394DDF
:1057F00007465C2205A82146DFF8F4B005F13C0815
:10580000DFF8F0A0DFF8F0900DF026FA002F3CD181
:10581000314A0023022CCDF81CB00A922F4ACDF851
:1058200020A0CDF824900B92059306933CD02C4BEE
:1058300053F82420E2B905A86946FFF701FF0646A0
:10584000E8B96846142229460DF0EEF950BB0FBBAB
:105850000134143508F13908032CD7D1F7B905A85C
:105860005C21FCF77BF930460DF2744DBDE8F08FFA
:10587000414605A8FFF7A2FE06460028DBD0002F10
:10588000EDD018480DF018FAE9E7611C16480DF044
:10589000EFF9BDE715480DF00FFAD9E70A200DF032
:1058A000FBF9DCE70126EAE74FF47A7361211CA8D3
:1058B0001A461E460DF0D0F902E0731E1E46BAD0FD
:1058C0004FF47A721CA905A8FFF778FE0028F4D0DF
:1058D0000646D4E7F8D8026076543210F0E1D2C31D
:1058E000E0D902604816002000320020F8150020A0
:1058F0000123456789ABCDEFFEDCBA986C2200210D
:105900000DF0AAB910B16C21FCF728B9704700BF9F
:1059100008B56C220DF0D4F908BD00BF0023F0B427
:105920000360436099B1124A124B8260C360124F08
:10593000124E134D134C144A144B07614661856196
:10594000C4610262436281660020F0BC7047104B64
:10595000104AC360A3F1BF438260A3F5DC230E4F5E
:105960000E4E0F4DA3F5B6730E4C0F4AE5E700BF80
:10597000D89E05C107D57C3617DD703039590EF732
:10598000310BC0FF11155868A78FF964A44FFABEF8
:1059900085AE67BB67E6096A72F36E3C3AF54FA5C0
:1059A0007F520E518C68059BABD9831F2DE9F04FB8
:1059B000D7B0031D24300DAA0D9353F8044F834232
:1059C00042F8044FF9D1013115AD25AE0878043104
:1059D00011F8053C000411F8022C11F8034C40EAC0
:1059E0000363134343EA042345F8043FAE42EDD179
:1059F0000022CB4B16A8DFF85CA30092159A8646CE
:105A000006931446139A0A931746C64A149B0992A2
:105A1000C54A1D460F9B0892C44A1946CDF80CA0F2
:105A2000A2460792C24ADDF848800592C14ADDF8D5
:105A300038900492C04ADDF840B00292119BBF4AF0
:105A40000B90019287EA05004FEAF826009A0DF1C3
:105A5000580C86EAB81600EA08005CF822400832C2
:105A600086EA78666840009288EA070C3044019A1A
:105A70004FEA79360EF1200E20445EF81C4C86EA7F
:105A8000B906504449EA010A86EAB9562C44104442
:105A90000AEA0B0209EA010A034442EA0A0A0CEA8A
:105AA000030C4FEAF325B24483EA08068CEA070C9C
:105AB00085EAB31550440CEB040285EA73655EF881
:105AC000184C40EA090A4FEA703C2A442744039CD8
:105AD0000AEA010A00EA090522448CEAB00C5EF8E1
:105AE000144C4AEA050593448CEAB05C08EB040ABE
:105AF000AC4406EA0B044FEAFB265EF8105C9444C3
:105B000084EA080486EABB165D1940EA0C022744C1
:105B100086EA7B6600EA0C084FEA7C3402EA090256
:105B20003744019584EABC06029C83EA0B053C4499
:105B300086EABC5642EA08075EF8082C214437443E
:105B40005EF80C6C5E4427448C18029605EA010648
:105B50004FEAF125039473404CEA070685EAB11534
:105B600003EB0A044FEA773285EA716A06EA00031A
:105B7000049E82EAB70554440CEA070A8BEA010244
:105B800085EAB755344443EA0A085EF8046CA14438
:105B9000A844019D02EA090A4FEAF923A04409EB4F
:105BA00006048AEA0B0B83EAB913049447EA080A4D
:105BB000AB4483EA7963059C4FEA78365B440AEA92
:105BC0000C0AA34607EA080586EAB80681EA090234
:105BD0009B444AEA050586EAB85300EB0B0A2B44BE
:105BE00002EA0A024FEAFA205B4489EA0A045140B9
:105BF00080EABA10029A48EA030680EA7A60114401
:105C00004FEA733508EA03023E40014485EAB305D2
:105C10000798164385EAB35B01445E440CEB01052B
:105C200006EB010B03992C404FEAF52043EA0B0CDD
:105C30008AEA050684EA090980EAB5100CEA080C2C
:105C40004FEA7B3409EB010280EA756003EA0B013D
:105C500084EABB0402444CEA010C089984EABB5470
:105C60000A4404EB0C01049C174411443E404FEAE3
:105C7000F7224FEA71394BEA010086EA0A0682EA06
:105C8000B7120BEA010C1840264482EA776289EACF
:105C9000B10440EA0C001644099A84EAB15416444F
:105CA000009A2044102AB04400EB060940F0B98263
:105CB0002A461495224D00260B980C95A5F1D25535
:105CC000DFF894E0A5F50D25CDF808A0CDF854A097
:105CD000BA46A5F6FE65CDF840B0CDF848800B95E4
:105CE000184DCDF838900A95A5F1E455CDF800800F
:105CF000D846A5F53525CDF80490CDF814E09B469F
:105D0000A5F63B0504961193914609958E460E4DD6
:105D1000139708950D4D0F9107950D4D039531E0A3
:105D2000ECD90260D55E1CABA4823F92F111F1590F
:105D30005BC25639A5DBB5E9CFFBC0B5982F8A42C7
:105D4000DA88F976AA84744ACCA10C24C69DC10FC6
:105D50008647BEEF91443771C1699BE4069A136C84
:105D600005931346526C194603921A469B6C07938F
:105D7000D36C126D08934B6D09920A938B6D0B9344
:105D8000CB6D0C9306990DF1580C009B20302031FF
:105D900050F81C4C42684FEAF32606914FEAB4478C
:105DA000816987EAF4174FEAF145049987EAD40735
:105DB0005CF8213081691344826985EA71458AEA79
:105DC000090150F818CC85EA9225009A2B4411401D
:105DD00086EAB2163B44049F86EA726681EA0902AB
:105DE00003620837C3693244C6694FEAF3458368E2
:105DF000049785EA76412344066AC46932444FEA2F
:105E0000BC4681EA9421029C86EAFC16019F22444A
:105E1000059C86EADC060B441444026A009933446C
:105E200002944FEAF244029A81EA0A05436202EBC5
:105E30000B01026AC36884EA72440D40426A4FEA69
:105E4000F1269C4485EA0A054A4486EAB116019B7C
:105E500047EA0E0986EA716615444FEA733307EA8A
:105E60000E02354450F8146C83EAB703076A4FEA10
:105E7000B64609EA080984EA9724039F49EA020220
:105E80000591BB46A444AB4450F8145C5F4686EAD7
:105E9000F516AB46019D83EAB5593B4686EADB061B
:105EA00043444A4466441D46009B86621C462E4677
:105EB0004FEAF5254C40029903960A442640816A30
:105EC0005E40019B01EB0A04039942EA03094FEA91
:105ED00072383444466A8C4685EAB1114FEAF64B73
:105EE000466A81EA7C6109EA0E098BEA764B50F832
:105EF000146C02EA030588EAB208334606690C44CA
:105F000088EAB25850F8101C49EA050503EB060967
:105F1000466A079B45448BEA962623444FEAB14ADA
:105F200006EB090BEC1903EB0E069C46059F8AEA6B
:105F3000F11A039B4FEAF62E8AEAD10A87EA03098F
:105F40002346019F1443029309EA06094FEA733876
:105F50000BEB0A0304EA070B059C029D8EEAB61EB2
:105F600089EA0409009C02EA050AC3621C19836AD3
:105F70008EEA766EA1444BEA0A044FEAF34ACE4415
:105F800088EAB5088AEA734A089B88EAB5589E44AD
:105F900050F80C3C44444FEAB34943690EEB070503
:105FA00064441944836A029F8AEA932850F80C3C9F
:105FB00089EAF31CB94608EB010A274649EA040BB3
:105FC0008CEAD30C4FEA743903990AEB0C0300975F
:105FD00089EAB409029C036381EA0608036B04EAB8
:105FE0000701059F08EA05082C464FEAF52C1F44D7
:105FF000039B0BEA020B009D88EA0308C36A8CEA44
:10600000B41A4BEA01014FEAF34CC36A89EAB55965
:1060100005948CEA734C50F8083C8AEA746A494447
:1060200050F80C4C47444FEAB349836957447144D4
:1060300003EB040B009C099B4FEA713E059D44EA6B
:1060400001081F4423468EEAB10E019103EA010ABA
:10605000C36A3A448EEAB15E8CEA932C50F8083C4D
:106060001446029A89EAF319DC4408EA020886EA2F
:10607000050289EAD30948EA0A088A460CEB0903B3
:1060800002EA0409039AF04443634FEAF42C1A44E9
:1060900008EB070B8CEAB41C50F8047C134689EA21
:1060A0000602016B8CEA746C1A44036B4FEA7B386E
:1060B0004FEAF34E3B4662444AEA0B078EEA714EC2
:1060C0000393C1694FEAB34C50F8083C0AEA0B0A43
:1060D00088EABB0819440A9B88EABB581A44009B0B
:1060E0001F40036B8EEA932E029B47EA0A07029435
:1060F0009946039B8E4429468CEAF31C91446540E3
:10610000B8448CEAD30C039C05EA09054FEAF92749
:10611000F44490444D40416B664487EAB912019BB8
:106120004BEA080E2E444FEAF14582EA79620BEA07
:10613000080A85EA7145016A16440EEA030E0C440A
:1061400001684FEA78374EEA0A0E4FEAB1420B99DE
:10615000234687EAB8070E44416B87EAB857C0F870
:1061600038C085EA91250099BE4431442B44029DF4
:10617000B6448A46016885EA090748EA0E0682EABB
:10618000F1124FEAFA2407EA0A0782EAD10206EA84
:106190000B066F4084EABA151344059A08EA0E010B
:1061A00085EA7A65D4184FEA7E320E430C993C4456
:1061B00082EABE02049F82EABE522C44302FC3639F
:1061C0000C441644019A2244009206EB0402019208
:1061D0007FF4C4AD5A464D46C346029B0D9C0EA9A2
:1061E00015930023119222461495CDF840B0CDF8B6
:1061F0004CA0CDF83CE09DE80003CDF8488048462F
:10620000CDF8389001E051F8040F52F8045F0133E3
:106210002844082B44F8040FF5D1002057B0BDE8FE
:10622000F08F0A9C226A0192626A0392A26A029229
:10623000E26A0492226B0592626B0792A26B08924B
:10624000E26B099204F120020A92FFF7FBBB00BF48
:106250002DE9F8430368064614460D4603F03F0750
:1062600013449A42C7F14008036002D943680133DE
:106270004360DFB1A04519D806F1280929464246F6
:1062800009EB07000CF01CFD49463046FFF78EFB7A
:1062900080B9C8EB0404454407463F2C08D9294679
:1062A0003046403C4035FFF781FB18B93F2CF6D80B
:1062B00014B92046BDE8F88306F128002246294695
:1062C00038440CF0FDFC0020BDE8F88302B1BFE7C4
:1062D00010467047F8B50446006880220D4600F06D
:1062E0003F0004F1280623180130382883F82820BD
:1062F00075D8C0F13802002130440CF0ADFC2368A1
:106300003146666820465A0FDB0042EAC6021F0E7D
:1063100084F86730160E84F8632084F86470170CD4
:1063200084F86060120A1E0C84F861701B0A84F8FD
:10633000622084F8656084F86630FFF737FB034617
:10634000002858D1E27A2A7062896A70A268120A1B
:10635000AA70A268EA70E27B2A71E2896A71E26837
:10636000120AAA71E268EA71E27C2A72628A6A728F
:106370002269120AAA722269EA72E27D2A73E28A0B
:106380006A736269120AAA736269EA73E27E2A7406
:10639000628B6A74A269120AAA74A269EA74E27F23
:1063A0002A75E28B6A75E269120AAA75E269EA75D2
:1063B00094F823202A76628C6A76226A120AAA76D8
:1063C000226AEA76A06EB0B994F827302B77E38C76
:1063D0006B77636A1B0AAB77636AEB77F8BDC0F132
:1063E0004002002130440CF037FC31462046FFF7D4
:1063F000DDFA10B1F8BD1846F8BD01463822304626
:106400000CF02AFC7BE700BF0023F0B4036043607C
:1064100091B1114A114B8260C360114F114E124D60
:10642000124C134A134B076146618561C4610262D5
:1064300043628166F0BC70470F4B104AC360A3F102
:10644000BF438260A3F5DC230D4F0E4E0E4DA3F526
:10645000B6730E4C0E4AE6E7D89E05C107D57C36CA
:1064600017DD703039590EF7310BC0FF1115586820
:10647000A78FF964A44FFABE85AE67BB67E6096AC9
:1064800072F36E3C3AF54FA57F520E518C68059B16
:10649000ABD9831F02B97047DAE600BFFFF71ABF16
:1064A000FFF784BAF0B59DB01C4607460D46164668
:1064B00001A86C2200210CF0CFFB14BB214B224A17
:1064C0000493224B2249079303F12D63039203F5B2
:1064D0001E33204A0591069203F29A231E491F4A51
:1064E000089109920A931B9415BB314601A8FFF746
:1064F000F1FE044601A86C21FBF730FB20461DB0DD
:10650000F0BD1749174A184B059101F13721039245
:10651000049301F56701154A154BFA31069207936A
:10652000144A154B089109920A931B94002DDCD054
:106530002A46394601A8FFF78BFE04460028D9D128
:10654000D3E700BF85AE67BB67E6096A7F520E518D
:1065500072F36E3C3AF54FA58C68059BABD9831F4F
:1065600017DD7030D89E05C107D57C3639590EF736
:10657000310BC0FFA78FF964A44FFABEFFF792BF9B
:106580002DE9F04F0121A5B081464FF480600CF059
:1065900067FB002800F0B880002407466C2209A899
:1065A0002146DFF8D881DFF8D8A10CF055FB8AFB33
:1065B0000435022CA5EBE475CCBF0026012605EBC3
:1065C0004505651BB9F1000F40F081800023022CC6
:1065D00009930A9344DD5749022D574A574B0C91B2
:1065E000A1F1BF410B92A1F5DC21554A0D93554B0A
:1065F000A1F5B6710E920F93534A544B129110921B
:106600001193239649D0524B03EB8502D2F8C02157
:10661000002A64D109A801A9FFF75CFE834600287F
:106620004ED1C6F1080201A8414692000CF0FCFAD6
:10663000002879D1B9F1000F62D1013408F12008A6
:10664000062CB4D1B9F1000F65D109A86C21FBF774
:1066500085FA38460CF03CFB584625B0BDE8F08F73
:106660003C49022D3C4B0C9101F179413B4A01F52B
:1066700074010B933A4B01F501610E920F930D914A
:1066800001F13721374A01F56701374B119201F1CA
:10669000FA01129323961091B5D14FF47A756121C6
:1066A00038462A460CF0D8FA01E0013DB2D04FF44A
:1066B0007A72394609A8FFF7CBFD0028F5D083464A
:1066C000B9F1000FC1D029480CF0F6FABDE7C6F1C8
:1066D00008016A1C264849010CF0CAFA76E7C5EBA6
:1066E000C50103F5E67309A805EBC1011944FFF7DD
:1066F000AFFD834600288DD0B9F1000FA5D0E2E7A9
:106700001C480CF0D9FA98E7B9F1000F07D1012025
:1067100025B0BDE8F08F0A200CF0BEFA95E71648C8
:106720000CF0CAFA012098E74FF0010BB9F1000F05
:106730008BD0C8E785AE67BB67E6096A72F36E3C2B
:106740003AF54FA57F520E518C68059BABD9831F3C
:10675000ECD9026007D57C36D89E05C139590EF7B1
:10676000310BC0FFA78FF964A44FFABE4816002072
:1067700030320020F815002014320020ECDA0260DC
:106780005655555500000000D82200210CF064BA7F
:1067900010B1D821FBF7E2B9704700BF08B5D82285
:1067A0000CF08EFA08BD00BF00220023F0B4C0E94F
:1067B0000023C0E9022300292CD0C0F8D0102CA55A
:1067C000D5E900452CA3D3E900232DA7D7E900671D
:1067D000C0E90445C0E906232BA5D5E900452CA353
:1067E000D3E90023C0E90867C0E90A452AA7D7E929
:1067F00000672BA5D5E90045C0E90C232AA3D3E9FE
:106800000023C0E90E67C0E91045C0E91223F0BCBF
:106810000020704726A5D5E9004527A3D3E900232A
:1068200027A7D7E90067C0E90445C0E9062326A5E4
:10683000D5E9004526A3D3E90023C0E90867C0E9EC
:106840000A4525A7D7E9006725A5D5E90045C0E990
:106850000C2325A3D3E90023C0E90E67C0E9104546
:10686000C0E91223C0F8D0100020F0BC704700BF70
:10687000D89E05C15D9DBBCB07D57C362A299A627F
:1068800017DD70305A01599139590EF7D8EC2F1590
:10689000310BC0FF6726336711155868874AB48EDD
:1068A000A78FF9640D2E0CDBA44FFABE1D48B54727
:1068B00008C9BCF367E6096A3BA7CA8485AE67BB13
:1068C0002BF894FE72F36E3CF1361D5F3AF54FA53E
:1068D000D182E6AD7F520E511F6C3E2B8C68059B1A
:1068E0006BBD41FBABD9831F79217E1319CDE05BD2
:1068F0002DE9F04FADF2E44D4FF0000A0DF5167B97
:1069000093907491DE46CDF8D8B174994FF0000899
:10691000002301EBCA0711F83A20CDF838800AF1BC
:10692000010A78784FEA0269FC78BAF1100F4FEA51
:106930000041B878FA7943EA09030F914FEA002140
:10694000139442EA080211913C79CDF84080CDF8C9
:106950004880DDE90E0141EA030140EA02000B46EE
:106960004FEA142102464FEA04640B910A94DDE9D0
:106970001001DDE9124540EA020041EA0301024646
:10698000787945EA010544EA02044FEA00412246CB
:106990004FEA10440C910D94BC79DDE90A67DDE9FA
:1069A0000C0146EA020647EA05074FEA146C40EA82
:1069B000060041EA07014FEA042B41EA0C0340EAD2
:1069C0000B02EEE90223A0D10DF5187E0DF5287912
:1069D0000DF53678DDF8D8B10DF5327CCDF848E00C
:1069E000CDF82880CDF830905CF8081F0AF1010A34
:1069F0005EF8084FDCF804208B09CD0C0093D3001F
:106A000045EA42351E46C8000295D50C46EA517645
:106A1000DEF8043040EA5270059645EA4131009EA6
:106A200065084FEAD418049046EA826603919209F9
:106A3000009648EA4368019245EAC3724FEAD319C7
:106A40000692220A42EA0362DDE90467DDE90201F7
:106A500008925A081B0A7040794042EAC47243EA1D
:106A60000463079209930C9BDDE9005645404E40B4
:106A7000FBE9020137462E46F3E90245CDE90E0156
:106A80000C93DDE90801DDE9062342404B40DDE9D6
:106A90000E0182EA080283EA0903001969413546BA
:106AA0002D1847EB0106A81846EB03010A9BBAF123
:106AB000500FE3E902010A9396D1939AD2E9043484
:106AC0009946A24694ABC3E9009A1346D2E906124E
:106AD0008B46944696AAD3E90801C2E900BC86AA6F
:106AE000C2E90001194688A8D3E90A23D1E90C4577
:106AF000C0E900238AAB6246C3E90045D1E90E56DE
:106B00008CAB5446C3E90056D1E910678EABC3E99C
:106B10000067D1E9127890AB5946C3E900784B463B
:106B2000CDE9003486ABCDE90412D3E9000188AB8E
:106B30000022D3E900AB8AAB1092D3E900458CABBD
:106B4000CDE90A45D3E900568EABCDE90801CDE980
:106B500006562CA2D2E90012D3E9006784A890ABB4
:106B6000C0E90012CDE90C6728A2D2E90012D3E9EE
:106B7000007882A8224BCDE90E78C0E9001214A259
:106B8000D2E9001280A8C0E9001213A2D2E90012D3
:106B90007EA8C0E9001212A2D2E900127CA8C0E9C6
:106BA000001211A2D2E900127AA80FF24409D9E921
:106BB0000089C0E9001210A2D2E9001278A8CDE93C
:106BC00002ABC0E900121A46129BCDE9128949E0D6
:106BD00019D005B6F111F15938B548F35BC25639F1
:106BE000BCDB8981A5DBB5E92F3B4DECCFFBC0B504
:106BF00022AE28D7982F8A42CD65EF239144377172
:106C000068DC026018816DDAD55E1CAB9B4F19AF52
:106C1000A4823F92D2E9100178AC4032CDE9120152
:106C2000D2E90201C4E90001D2E904017AACC4E965
:106C30000001D2E906017CACC4E90001D2E90801F7
:106C40007EACC4E90001D2E90A0180ACC4E90001CC
:106C5000D2E90C0182ACC4E90001D2E90E0184AC96
:106C6000C4E90001DDE90AABDDE90C8951460DF507
:106C7000EC7E46464F46880B4033890C40EA8B40F9
:106C8000DDE90645149074407D40109E5F460BEA96
:106C9000050B083641EA87315D46BB4610965646DD
:106CA0000AEA040A16915946B80B5446B2464646BB
:106CB0004F4640EA8A4066408C0CC9056F405546F5
:106CC000159041EA5A2144EA8A301991E905179052
:106CD00041EA5B21DDE91689DDE914451891594641
:106CE00084EA080485EA0905DDE906BCDDE90089D6
:106CF0008AEA0B0081EA0C01DDE918ABCEE900015C
:106D00008AEA040A8BEA050B1AEB060453E9100120
:106D10004BEB07050019444669414D46240FAF0768
:106D200044EA091EDDE90E56DDE904AB2D18CDF865
:106D300068E048EA0A044E4128464D4631462E0F87
:106D400049EA0B05DDE912AB1AEB000A4BEB010B2C
:106D500047EA98014746C8461D91DC46B907D34625
:106D6000BA4646EA071712911B97DDE90801CDE9FB
:106D70000EBC2040294074ACC4E90001DDE90201E9
:106D8000DDE9046710EB0B00C34641EB0C01044640
:106D90000BEA070940460D4676A90AEA06084FEABB
:106DA000943E4006CDE90245D1E90045DDE90267A0
:106DB00034403D402646129C2F4644EA9B011C91DC
:106DC00074A9D1E90045DDE906BC44EA080445EAB6
:106DD00009058CEA070C8BEA060BDDE90289CDE98F
:106DE000124541464F464EEA89454E46890CDA46E1
:106DF000BF0B209541EA89314D46B60C229147EAF6
:106E000088412191E90546EA883541EA58212395D0
:106E100025910299DDE91C78DDE91A56C9057D4006
:106E2000009F86EA0806A84640EAD7150398B146AF
:106E30001F957E0641EA5021019F2491DDE92045FE
:106E4000DDE922014D404440294646EAD7151E950A
:106E5000DDE9245665404E4028463146DDE91E45B1
:106E600053E90E6784EA080485EA0905A046A946A5
:106E7000DDE90C45A4197D4126462F46DDE9124582
:106E800014EB080445EB090516EB0A06A04647EB90
:106E90000C07A946DDE902BCDDE90A4584EA0B04DA
:106EA00085EA0C05DDE90EAB1AEB080A4BEB090B82
:106EB00080194FEA1A7EDC467941D3464EEA0C1E11
:106EC000DDE900784BEA07094CEA080A0DF5F0788D
:106ED0004E46D8E90089CDF898E018EB000849EB58
:106EE00001096146CDE90E89D846E14689074FEA96
:106EF000887E41EA98014EEA990E2991CDF8A0E0EA
:106F0000DDE904BCDDE900010BEA060B0CEA0A0C22
:106F1000DDE90E67CDE912BCDDE908AB4FEA197C6B
:106F200016EB0A064CEA081C47EB0B07B24646462E
:106F3000CDF89CC0BB464F4606400F404946304600
:106F400049060C913946DDE91267CDE908AB0643E5
:106F50000F430AEA040A0BEA050B30463946544649
:106F60005D46CDE91201DDE90A01DDE908AB6040CB
:106F7000694074AC5746C4E90001DDE9020176AC12
:106F8000BE0B80EA0A0081EA0B01BD0CC4E90001D6
:106F90000C9C414645EA8B3544EAD8142E952B9437
:106FA0004C0646EA8B4144EAD9142C912A945C465B
:106FB000DDE92801DDE92656CDE90C894E40454042
:106FC000D84637462E46A50BA40C45EA8A45DDE98E
:106FD0002A012D95794070400F4644EA8A310646D1
:106FE0005C462F91E405DDE912018019794157468D
:106FF000DDE90E9AFE0519EB00094AEB010A44EAA5
:107000005721DDE92C453191D346CA46DDE92E01F1
:107010004D4049464440080F46EA582130915946B0
:10702000DDE93089890788EA040840EA0B145846EC
:1070300089EA0509329441EA9A01040F50463591D4
:1070400044EA0A148507504633945C4645EA9B059A
:1070500064063495554644EADA14CDE90E89DDE933
:107060000C78379448EA0B08074341463846DDE977
:10707000006706400F40304639466E06DDE9067867
:1070800053E90C4546EADB1E3F1974ACCDF8D8E055
:107090000DF5F47E48EB0508DDE93456CDE90678B8
:1070A000DDE932786F4088EA06083E464746D4E973
:1070B0000089DDE90645CDE906AB14EB080445EB94
:1070C0000905DDE9368988EA060889EA070946469E
:1070D0004F46DDE90E8918EB040849EB05094446E3
:1070E000D0464D46D946DDE90CAB0BEA090B0AEA5E
:1070F000080AD946CC46DEE9008918EB040849EBBA
:10710000050944464AEA00084D464CEA0109404652
:107110004946DDE9048918EB040849EB05093618EE
:107120004FEA983E4F4176A94FEA984CD1E90001C9
:1071300000EA080001EA0901824630198B4647EB54
:10714000050105460E464EEA89414FEA993E3891BF
:10715000DDE902018AEA000A8BEA010B5046594632
:10716000CDE90E01CDE904890599DDE906AB4CEACC
:10717000813150464AEA05083A91594628404BEA7F
:1071800006093140CDE906560F460646DDE90C01F9
:10719000DDE9044500EA080001EA0901A046A94624
:1071A00040EA06044EEA884ECDE912AB4FEA954B11
:1071B000CDF8E4E04FEAC55A41EA070576A9C1E9EE
:1071C000004545464BEA8831DDE908783B914AEABB
:1071D00055216F4088EA09083D91E905BB464F46B5
:1071E000C44641EA5721DDE93A9ADDE938453C9148
:1071F00084EA090485EA0A05DDE9069A57464E46FF
:107200004846B907000FDDE93C9A40EA071E89EAC3
:1072100004098AEA050A74AC3D46CDF8F8E0C4E9F1
:10722000009A34463E0F41EA940146EA041E419119
:107230007906A007CDF8FCE041EAD41140EA950EAA
:10724000439140A9CDF800E14FEA446E42AC4EEACA
:10725000D515D1E90078DDE93E9A53E90A0189EABA
:1072600007098AEA080A42954E465746DDE90A9A16
:1072700019EB00094AEB010A48465146D4E9009A45
:1072800076AC89EA06098AEA070A4E46DDE90E89E4
:10729000D4E9004518EB000849EB0109A41945EBB6
:1072A0000A05264674AC2F46D4E9004514EB0804C1
:1072B00020467CAC45EB0905D4E9009A19EB00099E
:1072C0004AEB050A4846DDE9004514EB090445EBA5
:1072D0000A05A0463418A9460BEA080B47EB0A0535
:1072E00041460CEA090C880B890C40EA894E41EAB8
:1072F0008931CDF810E14FEA994E4691CDE900452C
:10730000DDE906675C466546DDE900BCDDE91201A2
:107310004BEA060B4CEA070C5E466746DDE908BC03
:10732000CDE90A678BEA040B8CEA050C4F4676AE72
:10733000DDE90645CDE90EBCDDE900ABCC46BF0B6F
:107340000AEA040A0BEA050B54465D46DDE90AAB7E
:1073500000EA0A0001EA0B01DDE904AB8AEA080A47
:107360008BEA090BC6E900AB41EA050A4E4674A94F
:1073700040EA0409F60544A848ACC1E9009A47EA86
:107380008841E14645914EEA8831479146EA5821C5
:10739000D0E90056499146A84146D0E900ABC9055D
:1073A00085EA0A0586EA0B0641EA5C2137464891E0
:1073B000DDE900ABCDE90A89594650468907000F3F
:1073C00041EA9A0140EA0B1E50464D915946CDF8CC
:1073D00028E180074906D4E900895C4641EADA11D0
:1073E00088EA050889EA0709240F4F914AA9464609
:1073F00044EA0A1E4F465D464EACCDF82CE140EA09
:107400009B0ED1E900894CA9CDF830E14FEA4A6ED4
:10741000D1E900AB53E9080188EA0A0889EA0B09B7
:107420004EEAD51EC246CB46CDF838E1DDE90289E9
:1074300018EB000849EB010940464946D4E90089A8
:1074400089EA0B0988EA0A084D464446DDE90E9AA6
:1074500019EB00094AEB010A19EB06007EAE4AEB74
:107460000701D6E90089DDE90C6718EB000849EB54
:10747000010916EB0806404647EB09074946B146A5
:1074800074AEBA46D6E900784FEA9A3E3F193C46B8
:107490004F4648EB0508BE0B271848EB0108494644
:1074A00046EA8A458C0C76A95095D1E900BCDDE905
:1074B00000560BEA090B0CEA0A0C3D4346EA0806A3
:1074C00058466146CDE902782F46B046DDE90456BC
:1074D00045404E4044EA8A31AB46B4465291DDE91C
:1074E0000256DDE9000128403140DDE90656CDE9CC
:1074F0000C013D40514606EA08068C0C28463146F0
:1075000076AE5546DDE90A78ED0587EA090788EA8F
:107510000A08C6E90078DDE90C67C846D14606438B
:107520000F4374A94EEA884E50A8CDF844E1C1E952
:10753000006744EA88314F464646539145EA582150
:10754000D0E9004552A85591F105D0E9009A41EAE9
:10755000572184EA090485EA0A055491DDE9028984
:10756000CDE90E6740464946000F890740EA091EEB
:1075700054A8CDF858E1D0E90067484666406F400E
:10758000000FCDE90C674746C84641EA970140EA3B
:10759000071E59914946BE07CDF85CE1490646EA07
:1075A000990E58AE41EAD711CDF860E14FEA476E27
:1075B0005B9156A94EEAD81ED6E9009AD1E900019E
:1075C000DDE9084580EA090081EA0A01CDF868E1B1
:1075D00006460F4653E90601DDE90C8924184D41A2
:1075E00020465AAC29461BEB000BD4E9004558460F
:1075F0004CEB010C74407D40264674ACD4E900ABE2
:1076000080AC1AEB060A4BEB050B564618EB00084C
:107610005F4649EB0C09D4E900ABDDE912451AEBF2
:10762000080A4BEB090B504614EB0A045946A246D4
:1076300045EB0B053418AB4647EB01055146274691
:107640005E468C0B76A9A846554644EA8B4ED1E996
:107650000001CDE90878284055463140CDF870E169
:10766000AD0C7495DDE90256CDE90CAB3D4346EA1D
:1076700008062F46B04676ADC5E90078DDE90A89EF
:107680005F4688EA000889EA0109BC0BCDE9128946
:10769000D146DA46DDE908BCDDE9026758466146B5
:1076A0004FEA9A4E06400F4030463946CDE9080170
:1076B000749840EA8A315E91D5E90001DDE900560F
:1076C00005400E40DDE90E012F4676AD80EA090047
:1076D00081EA0A01C5E90001384631465546DDE92F
:1076E0000867ED0506430F433046394674AEC6E9D8
:1076F000000144EA894160465D914EEA8931800784
:107700005F9145EA592161914946CE055CA9D1E9CD
:1077100000455EA946EA5A2E60AECDF880E140EA07
:107720009B0E6046CDF894E14FEA4B6E40064EEA60
:10773000DC1ED1E900785946CDF898E17C406746D7
:10774000090F85EA080541EA0C116291390FD6E963
:10775000006741EA0B1166406F40639166ACCDE96A
:1077600008675F46BE0746EA9C01649140EADB1168
:10777000679162A9D1E9006764A9D1E9009A53E948
:10778000040186EA090687EA0A07DDE9049A19EB8B
:1077900000094AEB010A48465146D4E9009ADDE95E
:1077A000124589EA06098AEA070A24184E4657460E
:1077B000204674AC4D41D4E9009A82AC19EB06091D
:1077C0004E464AEB070ADDE90889574618EB0008E0
:1077D00049EB05094946D4E9009ADDE9064519EB6C
:1077E00008094AEB010A484614EB09045146A14630
:1077F00045EB0A053418AA4647EB010549465646AB
:107800004FEA9A4E880B76A9CDE90445D1E9007874
:107810004D46494608EA0A0840EA8A402F40890C4A
:1078200045463C4641EA8A31CDE908BCCDE9069A95
:10783000DDE9047868904BEA070B4CEA080C6A9182
:1078400058466146DDE90E78DDE902BC674088EA0A
:107850000508B40B0BEA000B0CEA010C76A9CDE984
:107860001278DDE90856DDE904783D4006EA0806AD
:1078700037462E4655464BEA060B4CEA070CED05FB
:10788000C1E900BCDDE904BC59460F0F61468E0713
:1078900044EA894169914EEA89314FEAC95E6B91A8
:1078A00045EA59214EEA5A2E6D9168A9CDF8B0E10A
:1078B000D1E900456AA9D1E90001DDE90A8944401E
:1078C0004D40204647EA0C1429466E946446270F23
:1078D00046EA9B0447EA0B1E71945C46CDF8BCE176
:1078E0004FEA4B6EA507644645EA9C056406709511
:1078F0006CAD44EADB14D5E90056739445404E4024
:1079000074A9C1E900566EA9D1E9004570A9D1E971
:10791000000144404D404EEADC1126462F4672914C
:1079200072A953E9024518EB040849EB05094446DE
:107930004D46D1E90089DDE9120188EA060889EAA5
:1079400007090019694104460D4676A9D1E900BC32
:1079500074A91BEB080BD1E900014CEB090C0019D1
:1079600084AC6941D4E90045109E24184D4120465D
:107970002946DDE9004524184D41CDE90A451BEBB8
:1079800000044CEB0105502ECDE900457FF442A9DF
:1079900094ABDDE90012D3E90034DDE902AB5B18FA
:1079A0005441CDE9003496ABDDE90401D3E900236D
:1079B000DDE9084512184B41CDE9022386ABD3E936
:1079C000001288AB09196A41CDE90412D3E900011C
:1079D0008AAB10EB0A0041EB0B018246D3E9008928
:1079E0008B468CABDDE90A01D3E9006718EB000890
:1079F0008EAB49EB0109DDE90601D3E900453618F4
:107A000090AB4F41DDE90C0124184D41D3E9000151
:107A1000CDE90645DDE90E450019DDE9003469418F
:107A2000939DC5E90434DDE90223CDE90801C5E9E8
:107A30000623DDE904340020C5E90834DDE9062326
:107A4000C5E90AABC5E90C89C5E90E67C5E910238C
:107A5000DDE90834C5E912340DF2E44DBDE8F08FDC
:107A60002DE9F84314460D4600210646D0E90023CF
:107A700002F07F0712194B41C7F180088B4208BF03
:107A8000A242C0E9002306D2D0E90223013243F129
:107A90000003C0E90223DFB1A04519D806F150095F
:107AA0002946424609EB07000BF00AF949463046E1
:107AB000FEF71EFF80B9C8EB0404454407467F2C3F
:107AC00008D929463046803C8035FEF711FF18B9A9
:107AD0007F2CF6D814B92046BDE8F88306F1500093
:107AE0002246294638440BF0EBF80020BDE8F88325
:107AF00002B1B5E7104670472DE9F8430446006827
:107B000080220D4600F07F0004F15006231801305A
:107B1000702883F8502000F21A81C0F17002002111
:107B200030440BF099F8E1680023A0684FEAC109DE
:107B300067684FEAC008314649EA507926687A0FEB
:107B4000204643EA0903FF0042EA08024FEA136EA7
:107B500084F8C33047EA567784F8C7204FEA134CBD
:107B600084F8C0E04FEA132E84F8CB70130E84F82B
:107B7000C1C0F60084F8C2E084F8C4304FEA124E67
:107B80003B0E84F8CF60120A84F8C5E04FEA174C28
:107B900084F8C83084F8C620330C320E84F8C9C08B
:107BA0004FEA172E84F8CD30360A84F8CC2084F8BA
:107BB000CAE084F8CE60FEF79BFE0346002840F042
:107BC000D380E27D2A70E28A6A706269120AAA7022
:107BD0006269EA70E27C2A71628A6A712269120A19
:107BE000AA712269EA71E27F2A72E28B6A72E26903
:107BF000120AAA72E269EA72E27E2A73628B6A73DF
:107C0000A269120AAA73A269EA7394F827202A7457
:107C1000E28C6A74626A120AAA74626AEA7494F85C
:107C200023202A75628C6A75226A120AAA75226A52
:107C3000EA7594F82F202A76E28D6A76E26A120AB3
:107C4000AA76E26AEA7694F82B202A77628D6A7720
:107C5000A26A120AAA77A26AEA7794F8372085F80E
:107C60002020E28E85F82120626B120A85F82220FE
:107C7000626B85F8232094F8332085F82420628EE7
:107C800085F82520226B120A85F82620226B85F8BC
:107C9000272094F83F2085F82820E28F85F82920B6
:107CA000E26B120A85F82A20E26B85F82B2094F803
:107CB0003B2085F82C20628F85F82D20A26B120ABC
:107CC00085F82E20A26B85F82F20D4F8D00000284C
:107CD0004AD194F8473085F83030B4F8463085F80A
:107CE0003130636C1B0A85F83230636C85F83330B1
:107CF00094F8433085F83430B4F8423085F83530A4
:107D0000236C1B0A85F83630236C85F8373094F8DD
:107D10004F3085F83830B4F84E3085F83930E36CA0
:107D20001B0A85F83A30E36C85F83B3094F84B3009
:107D300085F83C30B4F84A3085F83D30A36C1B0A16
:107D400085F83E30A36C85F83F30BDE8F883C0F17C
:107D50008002002130440AF07FFF31462046FEF7C2
:107D6000C7FD20B1BDE8F8831846BDE8F883014699
:107D7000702230460AF070FFD5E600BFFEF714BD52
:107D800002B970476CE600BFFFF7B6BEFEF7B0BDA4
:107D9000F0B5B7B01C4607460D4616460021D8225E
:107DA00068460AF059FF21466846FEF7FDFC044686
:107DB00028B95DB931466846FFF79EFE044668461D
:107DC000D821F9F7CBFE204637B0F0BD2A46394618
:107DD0006846FFF745FE04460028F0D1EAE700BFF9
:107DE000FFF7D6BF2DE9F04F0121C7B081464FF410
:107DF00080600AF035FF00286BD00025DFF8448151
:107E0000DFF844A10746D82210A829460AF024FF2B
:107E10008AFB0534022DA4EBE574CCBF00260126B5
:107E200004EB44042C1BB9F1000F33D1314610A8E8
:107E3000FEF7BAFC8346002840D1022C50D03B4BC1
:107E400003EB8403D3F8002462BB10A86946FFF754
:107E500053FE834690BBC6F10402684641461201B8
:107E60000AF0E2FE00285BD1B9F1000F2DD10135F7
:107E700008F14008062DCBD1B9F1000F47D110A869
:107E8000D821F9F76BFE38460AF022FF584647B072
:107E9000BDE8F08FC6F10401621C2548C9010AF053
:107EA000E7FEC3E7C4EBC403224910A804EB0314A4
:107EB0002144FFF7D5FD83460028C6D0B9F1000F55
:107EC000DDD01D480AF0F8FED9E71C480AF0F4FEA0
:107ED000CDE7B9F1000F1ED1012047B0BDE8F08F0A
:107EE0004FF47A746121384622460AF0B5FE01E06B
:107EF000013CAAD04FF47A72394610A8FFF7B0FDC2
:107F000083460028F4D0B9F1000FB8D0D9E70A2091
:107F10000AF0C2FEB3E70A480AF0CEFE0120B6E737
:107F20004FF0010BB9F1000FA9D0CAE768DC02607D
:107F30003032002074E0026048160020F81500205E
:107F400014320020E8DE026056555555DFF874C043
:107F5000DCF8003073BB4CF6A840F0B5164C4CF67C
:107F6000A945164E4CF2090704F5027EB84216D018
:107F70004CF20A03124903E083420CD0136A114603
:107F800001F12002002BF7D16DB174450BD22846C8
:107F900056F8045FEAE791F828302A2BF4D02060E5
:107FA0000434002DF1D10022012303482260CCF8D3
:107FB0000030F0BD0048704784EA00202CF20260D7
:107FC000C8E1026094EC002078B138B50546074C52
:107FD000074803E054F8200F30B1606829460AF0E2
:107FE00043FE0028F6D1204638BD7047C8E1026044
:107FF000443200204CF2090398420DD04CF20A039F
:10800000064A02E0834205D0136A2032002BF9D1E0
:10801000184670471046704700487047C8E1026034
:10802000837A0A2B0AD8012000FA03F313F08E0F8B
:1080300003D113F4C06F03D00220704700207047B3
:1080400013F0100F0CBF002004207047807A20B17D
:10805000032804D9042800D170470020704701206C
:10806000704700BF837A0A2B08D8012202FA03F373
:1080700013F4E36F14BF10460020704700207047D0
:10808000807A053803288CBF00200120704700BF8C
:108090004CF2090398420FD04CF20A03074903E05F
:1080A000984207D0136A114601F12002002BF7D144
:1080B00003487047486A704702487047C8E1026049
:1080C0006C3200204432002008B5FFF77DFF00B17C
:1080D000006808BDC36B10B5044693F88000F2F742
:1080E00043FE50B1E36B204693F8801006F006F88B
:1080F000003018BF0120404210BD014810BD00BF34
:108100000094FFFF2DE9F047446984B0C56B002C53
:1081100005F254450CBF4FF000084FF002081D4413
:1081200008EB0109B9F5205F56D8044600681746E8
:108130002B4690F8CC200E4690F8C910C2F34002AE
:1081400090F8C80006F04AF823682E22A91CD3F83C
:1081500018A0D869D04750BBA16B3022E36BC86D23
:10816000C3F81024002839D0BC300121F7F7A2FE53
:1081700080B32368C6F52050E26B2946C8EB0005A2
:10818000A06BD2F810E4DA69C06D03927246D3F89E
:1081900018E0BC30D4F8C030CDF808E000974B446C
:1081A0000195F7F76BFF10B9B8F1000F02D104B0D9
:1081B000BDE8F0873B68D4F8C0201B0A9355D4F87B
:1081C000C0103B680E4473703B6802333B6004B0E0
:1081D000BDE8F0870248EAE70248E8E70248E6E738
:1081E0000093FFFF0096FFFF0089FFFF4368102BFD
:1081F0002DE9F04F9DB000F0A684C36B0446002B20
:1082000000F0A18405F05EF9002840F0A680236804
:1082100093F8CC309D0705D5E36B93F8EC31012B37
:1082200000F00C8165680C2D00F09C80112D00F28F
:108230008A84DFE815F00A010D0134035C03610351
:108240008A03DF0352030F04120057030604880455
:108250000B047F0483048804A200E26C0023204600
:1082600015680B9304F0E2FE002876D1AB7A5A1F12
:10827000032A40F265830B2B00F06283D4F8D430DC
:10828000002B00F05D83E26B2168002A01F0FB8186
:10829000D2F8C031002B01F0F6811968002900F0F6
:1082A0004F835B68002B01F032840DF13008D2F867
:1082B00004342046414698476369032B01F06782E6
:1082C000E36B002B01F08782D3F8C031002B01F063
:1082D000828258680421F7F7EDFD002841F0C08143
:1082E0000646C446062124238146E06B2768002801
:1082F00001F0EB81D0F8C001002801F0E681406870
:10830000FA690DF12C0ED4F8C05003926246BF6991
:108310000D44314602978DE82040F7F765FEE0B93D
:10832000D4F8C03016250B9A0F214B442046120A70
:108330001A71D4F8C0300B9A4B445A710B9BD4F885
:10834000C0200633C4F8C4504B44C4F8C830117080
:1083500063680133636005F009F9054628461DB0DE
:10836000BDE8F08FE36BD3F8883623B9204607F0D9
:1083700023FC0546F2E711236360204607F016F957
:108380000028EAD1A36F162B40F05887236F1A7884
:10839000042A40F0B5872068D4F8A01090F8CC00EB
:1083A000800740F14984112940F2AA87587C03F1E3
:1083B0000C051E7C0C2293F80CB040EA062693F8BC
:1083C0000EA0587B93F80F900490B31D134499426C
:1083D00040F09687E26B4FF000080C23C2F88886C5
:1083E0006360002E00F02B83A36B996E586EF9F733
:1083F000B5FBA36B586E0AF06BFCA76B31460120EE
:10840000C7F86480C7F868800AF02AFC0590002845
:1084100001F07583A91D32460AF052FC049B4546C3
:10842000BE661A04059BC7F8088042EA0B627B66A9
:1084300042EA090242EA0A22FA668FE7204605F07C
:10844000CFFF00283FF4EEAE87E70123636085E7A6
:1084500021688B69002B01F06B82A3682BB991F81E
:10846000CA30236191F8CB30636191F8C8000028CD
:1084700000F0698391F8CC20D4F8C09091F8C9102D
:10848000C2F3400209F1040305F0A8FE2368E66B7D
:1084900093F8CC2006F21441900740F19B83D6F864
:1084A000DC21002A00F096830E684D688868CA684F
:1084B000C9F80660C9F80A50C9F80E00C9F81220B8
:1084C00088690E694D69CA69C9F81660C9F81A50F9
:1084D000C9F81E00C9F82220A16B8868A0F110031A
:1084E000102BA36800F28B83002B00F04D86002335
:1084F00009F1270589F82630236893F8CC209207E4
:1085000016D5E36BD3F8DC21002A00F0148793F82A
:10851000E0316E1C2B703046E36B93F8E021D3F80A
:10852000DC110AF0CDFBE26B236892F8E051354490
:108530006269AE1C53F822703868002801F0A080F0
:108540004FF00008FFF756FD236893F8C910C0B13B
:108550000269914215DB93F8CBE03146826996457A
:108560000FDC93F8CC309B0702D5037F5A0708D461
:108570003B6808F101081B1201F8023B3B6873706D
:108580000E4657F8040F0028DCD1A3683BB93246E9
:10859000FF2108F1010802F8023B717016462368BA
:1085A00093F8CE30DB0708D533465621002208F178
:1085B000010803F8021B72701E4601224FEAD8110F
:1085C0004FF0000B08FA02F3B04629706B70331DB0
:1085D00008F8022B86F801B01D46D4F8C070D4F814
:1085E000D800069307F52057002801F045800AF0CF
:1085F00027FBBD4282462B4605D800F10905FB1A30
:10860000AB4280F0F7855D460222A3684244012B0D
:1086100040F02385BA4294BF00230123002B40F091
:108620001C85D4F8EC10B81A0531884219D30127FB
:10863000FF219370501D117004F1F0015770D4F8B0
:10864000EC303B44D370D4F8EC301371D4F8EC2008
:108650000AF036FBD4F8EC30D4F8C070053307F5D7
:108660002057D4F800E01D449EF8C930032B00F0D9
:10867000FA840022DEF878B015449BF80000002848
:1086800000F003844FF0000A04E01BF8010F0028FB
:1086900000F0FC830AF1020AF2F766FB0028F4D12D
:1086A00000232B44D4F8C0709A1C07F5205742448D
:1086B000BA4240F22E842568002095F8CD2002F0C1
:1086C000020103EB000E01F0FF03002900F0F1822C
:1086D0000EF1020095F8C9304044002B00F06C8583
:1086E000B84294BF00230123002B40F06585391A5E
:1086F000032940F2DE821622037083700421C370C6
:1087000042702568D4F8C07095F8CD2007F5205741
:1087100002F004020EEB010302F0FF0AEAB19A1C18
:1087200095F8C9104244002900F04285BA4294BF2E
:1087300000210121002940F03B85B81A032841F2AD
:1087400047801720117091704FF0040AD17050705B
:10875000D4F8C070256807F520575344D5F8A4A075
:1087600003F1020B049308EB0B030593BAF1000F1E
:1087700000F07F87DAF80010002900F0C5874FF07D
:10878000000B08460AF05CFA5AF8041FC0B2013028
:1087900083440029F5D10599B94200F261840BF1B7
:1087A00006027B1A9342C0F02285102300228D1D01
:1087B0000A704B702368D3F8A470386890B10AF03F
:1087C0003FFA2B465FFA80FA03F8010B184652462F
:1087D00039680AF075FA0AF1010A57F8040F55448E
:1087E0000028ECD1059FEB1BDAB2981F191F951FCB
:1087F000000A043A090A38717D71FA70B970D4F828
:10880000C070256807F52057049A1A4495F8CD30B2
:10881000901CDB090492404400F02284B84294BFCB
:1088200000230123002B40F01B84A26B3F1A926EA1
:10883000151DAF42C0F07C8503702321130AC2705E
:1088400041708370A36B596E002A00F0EF860029F7
:1088500000F0EC8604300AF033FA049B5D1905D071
:10886000069BF5702B4498462B0AB370C9EB0800A1
:10887000D4F8C03001221621C4F8C800C4F8C410CE
:108880001A7094E80C000133636092F8CC309807BA
:1088900000F17584204604F069FE05465EE5204639
:1088A000266F06F083FE054600287FF457ADA36FC0
:1088B000162B00F00582A368012B40F0BF842268CC
:1088C000E368D2F8B4200133002AE360C0F2E68105
:1088D000934240F3E381BC4D40E5204605F05EFA4B
:1088E00005463BE5204605F0E5FA054636E5204617
:1088F00006F088FF054631E5E36C00201E680A900B
:10890000B37A012B00F0D081093B012B40F2A68104
:10891000204606F04BFE00287FF41FADA36F162BF8
:1089200040F08C84226F13780C2B00F0EE83B37A26
:1089300003F0FD03052B40F081840123C4F8A83027
:10894000636800250133636008E5E36C1B689B7A6C
:10895000013BDBB2092B00F20B81012540F20F3203
:1089600005FA03F31A40002A00F00281204606F0BF
:108970001DFE00287FF4F1ACA36F162B40F05E843F
:108980006368216F013363600B780D2B0CBF0123EB
:108990000023C4F8D43040F006842368D4F8A00043
:1089A00093F8CC3003F0020303F0FF05002B00F036
:1089B000A0840C2817D90A7B0C2313440333984254
:1089C00011D96369032B00F0C080002D00F0A08452
:1089D00011440C254B7B897B41EA032153182B441E
:1089E000033398422BD0204632220221774D05F0E6
:1089F000C7F8B3E4204606F0D9FD054600287FF409
:108A0000ADACA36F162B7FF466AF2268D4F8A0102C
:108A100092F8CC3013F0020F0CBF04230C239942C0
:108A200040F0D183236F1B780E2B40F0CC8363681A
:108A30000133636092F8CC309E0700F13C81002541
:108A40008CE4204605F00CFC054687E4204607F040
:108A50000BF982E4E36C1E68B37A022B00F0CA8241
:108A6000DA1E012A40F28980093B012B8CBF0025C8
:108A70000125002D40F081803046FFF701FB0028E2
:108A800000F0A5822368D3F89420002A01F03F80EB
:108A9000D3F89C20002A01F03A80D3F8A0309A1D28
:108AA0000C93B2F5205F00F2AA86D4F8C020190A10
:108AB0001171D4F8C02053712368D4F8C000D3F8E2
:108AC000A020D3F89C1006300AF0FAF82068B37A98
:108AD000D0F8A020052B02F1060700F0BD85072B7A
:108AE00000F0E586062B00F02886082B40F0AE83C8
:108AF000C569C7F52053D4F8C0200CA90195856934
:108B00003A44E06B00958030F1F7C4F800287FF418
:108B100024ACB17A204605F0F7F900287FF41DACAB
:108B200016200C9BD4F8C0201021C4F8C4003B448C
:108B300020460AE40F23002563600FE42046002549
:108B400004F01CFA0AE4224D08E4002D00F04E86E1
:108B50008F184FF00C0E7E7BBB7B43EA0626D31C9E
:108B60007344334498427FF63EAF931C9A192CE726
:108B7000062300256360FFF7F1BB25684FF47A7385
:108B8000D4F8C0200CA9EE69E06B04320196AD69FF
:108B900080300095F1F77EF800287FF4DEAB256881
:108BA0004FF40073E06BEE6900F2544200F582610D
:108BB00001968030AD690095F1F7AEF800287FF49A
:108BC000CCAB0427ACE700BF0089FFFF8085FFFF27
:108BD000008FFFFF9D690422D869A84700287FF411
:108BE000BCAB236806F583611C229D69D869A84740
:108BF00000287FF4B2ABE16B01F2144154E4002B86
:108C00007FF475AC4B6E002B00F0408700208B6E1C
:108C1000002B40F00E8589F8260009F12705002871
:108C20003FF46AAC0023A26B1A440133127B8342E7
:108C300005F8012BF7D35FE4092940F26183587AE4
:108C40001D1D1E7A93F804B040EA0626587993F861
:108C500006A0049093F80790FFF7B7BBA36BD86DFD
:108C6000002800F00587BC300221F7F723F900281F
:108C700000F0B985A36B0122E06BDB6D8030D3F887
:108C8000C010F0F7E1FF002800F0A582054620465D
:108C90002822022104F074FFFFF760BB0123D34DAB
:108CA000C4F8A830FFF75ABB052305466360FFF7F9
:108CB00055BB19462CE5204605F06CFBFFF74EBB73
:108CC000236893F8CC2002F0020101F0FF00002994
:108CD00000F075823378032B00F09C85E36BD3F8AA
:108CE000DC0109F0F5FFE36B83F8E051C3F8DC51D8
:108CF0002368D4F8A01093F8CC2002F0020202F00E
:108D0000FF00002A0CBF2A2232228A4200F2CA83C4
:108D10003278022A40F0C683002893F8CC2004F170
:108D2000140104F110000CBF4FF004084FF00C08C0
:108D3000C2F34002B044434605F05AFA2368226960
:108D400093F8CA108A42C0F2E284616993F8CB00BA
:108D50008142C0F2DC8493F8C800824200F3D784D9
:108D600093F8C930994200F3D2844346E76B53F835
:108D7000026F5D689868D968C7F83464C7F83854DA
:108D8000C7F83C04C7F840141E695D699869D96941
:108D9000C7F84464C7F84854C7F84C04C7F85014DF
:108DA00098F82260202E00F27D832368D4F8A0205A
:108DB00093F8CC30990740F1B48206F133039A421C
:108DC00000F2AD840C2306F126010B449A4240F0D8
:108DD0006983002708EB060393F8235093F82420B7
:108DE00093F8253042EA0525002B40F02F862846CF
:108DF000D4F84C90FFF7FEF8E36CC9F80000204669
:108E00001968002900F0488605F066F8D4F83C900F
:108E1000D9F87836002B00F02A82002E00F0278245
:108E2000A368002B40F02382A36B04931B689D4230
:108E300000F0818508F1230A63684FF0000E049A60
:108E40005146013302F10C0032466360049BC9F8BD
:108E500078E69E6083E8204009F032FF236862696B
:108E600053F82230043B04E0A26B1268904200F0F9
:108E7000708253F8040F0028F6D120462F220221D9
:108E80005B4D04F07DFEFFF769BA824605F1020BE7
:108E900008EB0B03BB4204933FF602AC049A0AF1C1
:108EA000060ABF1A5745FFF4FBAB2368D3F878B026
:108EB0009BF8000000283FF4F3AB9246002700E047
:108EC0000F46F1F751FF4388B91C0AF1020A1B0A49
:108ED0008AF8043043888AF805301BF8010F00280F
:108EE000EED100293FF4DCABCAB207F1040E4FEA21
:108EF000112C049907F108034FEA1E2708700A2075
:108F00004A7102328F70CA7081F804C04870FFF74E
:108F1000C8BBB91A05294FF000010DD90B2702254E
:108F2000012011709170517106215770D570107128
:108F3000D4F8C07007F5205725680B44B5F8CC204D
:108F4000991C02F4E0724144002A00F0D585B94230
:108F500094BF00220122002A40F0CE85781A04280E
:108F600010D901200A708A7005224870C8702068E4
:108F7000B0F8CC00C0F382100871D4F8C070256836
:108F800007F52057134495F8CD20991C12F0400F97
:108F9000414400F0BF85B94294BF00200120002861
:108FA00040F0B885C1EB070EBEF1030F7FF687AB2B
:108FB000042208708870C87010464A702568D4F87A
:108FC000C07095F8CD2007F52057FFF778BBB37A2E
:108FD000012B40F03B8103460CAA04212046FFF7F9
:108FE00091F800283FF4EDADFFF7B7B90095FFFF0A
:108FF0008086FFFFE36BD4F8C0205B68190A0C93EE
:109000001171D4F8C0205371E66B06F10800EAF73D
:10901000D5FF2568D4F8C0200146EF69301D0C9BB0
:1090200006320197AD690095F0F716FB00287FF432
:1090300094A925684FF40972E06BEE6900F582632C
:1090400000F2544101960430AD690095F0F76AFBD7
:1090500000287FF482A9062762E50023FFF701BB01
:109060000025FFF7FABBDEF874A0DAF8000000284C
:1090700000F05B845246002352F8041F0433002999
:10908000FAD105F1020B08EB0B02BA420492114629
:1090900000F256810633BA1A9A42C0F00C830028B7
:1090A00000F0DC840F464FF0000B04F0F7FF4FF0A8
:1090B0000303B8710BF1040BFB710437DAF80000FD
:1090C00004F0ECFF4FF0010338717B715AF8040F84
:1090D0000028EAD1049F5FFA8BF30BF10201002014
:1090E0007B710233090A3870FB704FEA1B23B97099
:1090F0000D213B710BF106027970D4F8C070D4F8E1
:1091000000E007F52057FFF7B5BA2368D4F8A05060
:1091100093F8CC10B37A154411F0020FA3F1080EA6
:1091200003F0FD000CBF04210C21BEFA8EFE082BBB
:1091300018BF062B0A444FEA5E1E0A9200F089808F
:10914000052800F0868003F0FB02022A00F0DB8392
:10915000033B012B02D9BEF1000F77D0E06B2A460A
:109160000AA98030F0F75CFD002800F0AB832046B0
:109170002F220221CF4D04F003FDFFF7EFB8204668
:1091800005F050F8FFF786BBE36BD3F87836002B79
:109190003FF438AD4B6E002B7FF439AD89F82600D3
:1091A00009F127053EE5C4F8A8500546FFF7D6B8F3
:1091B0004FF0000AFFF7D1BA0021FFF7A9BAD4F89F
:1091C000A0102A22A1E5204632220221BA4D04F045
:1091D000D7FCFFF7C3B82046FEF77CFF0546002802
:1091E00040F0E283636801336360FFF7B7B80023A0
:1091F000FFF70ABB411DC2B2C31C86F804B0090ABE
:10920000571DD01C1B0AB1714FEA1A213273524606
:10921000F771707206F10D0086F805B086F80AB095
:109220003372F172D4F8D81009F04AFDD4F8C07046
:109230000AF10B0207F52057FFF7E7B920460A228B
:1092400002219E4D04F09CFCFFF788B89C4DFFF76F
:1092500085B8A91E8A428AD85178971C92F800C016
:1092600041EA0C22A91A8F4206D90A977FE7A36B1D
:1092700008F1230A0493DFE53A4405280A927FF4B3
:1092800062AF023B022B3FF65BAB2268636992F848
:10929000CC20D4F870A012F0020FDDF828800CBFAB
:1092A0004FF004094FF00C09032B00F0A883022BA8
:1092B000CCDC3046FEF7B4FE0428064600F09D8361
:1092C00000270A9BAA1E93420BD893F800B09A1C61
:1092D0005B780A9243EA0B2BCBEB0505AA4200F020
:1092E0006683204632220221724D04F049FCFFF7CA
:1092F00035B804287FF677AB0A790423FFF75DBB06
:109300002046322202216F4D04F03AFCFFF726B8C6
:10931000114404254E798B7943EA06231344FFF761
:109320005EBB06F12B039A4200F2D98104234AE581
:109330001D46FFF792BA2A7001352368FFF7F8B887
:10934000DEF878B09BF8000000287FF49BA9FFF7B7
:10935000A7B9FEF74FFE63691946069300283FF44C
:109360008CAD03699942FFF688AD836999423FF756
:1093700084AD236893F8CC309B0703D5037F5D074A
:109380003FF57BADA26B06F1280311460492002243
:1093900008EB03064A60002F00F09C82B578F17854
:1093A00018F8030041EA0521737801F1040943EA42
:1093B00000230D464F4575D3059204F1F002079244
:1093C00004F1FC020892102B00F0C6807EDD172B02
:1093D00000F0B38040F3A080232B00F0F5804FF61F
:1093E0000172934248D1A368002B00F05A81D4F84F
:1093F000ECC04FEA4C035A1CAA4240F085803279F7
:10940000934240F081804FF000038DF83030BCF182
:10941000000F00F03083079B06F1050E184603EBA2
:109420000C081EF8013B10F8012B9DF8301053403A
:10943000804543EA01038DF83030F2D19DF8303099
:10944000002B61D10CF1050E08988DF82C30844466
:10945000B6441EF8013B10F8012B9DF82C10534028
:10946000604543EA01038DF82C30F2D19DF82C3091
:10947000002B49D1012305937F1B4E447B1F043FE2
:10948000022B46D9002F00F02682F378B578327887
:1094900043EA0525737805F10409294643EA0223C6
:1094A000B94590D9204632220221074D04F068FBCD
:1094B000FEF754BF0085FFFF8084FFFF0089FFFF98
:1094C0000094FFFF0092FFFF8086FFFF042B00F057
:1094D0009F800B2B00F08480012BCDD12368B3F843
:1094E000CC3003F4E07232B1012904D1C3F382130A
:1094F00032799A42C0D0204628220221C14D04F080
:109500003FFBFEF72BBF5C4620462822022104F0D9
:1095100037FBBC4DFEF722BF162BADD1236893F865
:10952000CD309A07E7D5069B002BE4D00029E2D185
:10953000049B1A46012393679EE7236893F8CD3076
:109540005B07D8D5069B002BD5D00029D3D1E36B80
:109550000122C3F88C268FE72368D3F8A480B8F1E2
:10956000000FD1D0032940F39C813179AB1E727971
:1095700042EA01229A4240F0948196F806A0EB1E3E
:109580009A4540F08E81D8F800B0BBF1000FBBD0F7
:10959000F31D09955D46A3461C4603E058F8045F99
:1095A000002DB0D0284609F04BFB8245F6D152463B
:1095B0002946204609F038FB0028EFD15C46AB462F
:1095C000099DC4F8DCB057E7236893F8CD30DB0978
:1095D00091D000298FD1E36B0122C3F888264BE795
:1095E000002900F05E8133795A1CAA4240F059816B
:1095F000711D002B88D07279012A6CD91944B31DD2
:1096000003E013F8012B012A65D99942F9D17BE7D0
:10961000236893F8CD3058067FF56DAF00297FF4AD
:109620006AAF049B1A460123536725E70425FFF719
:1096300014B923680C3120229D69D869A8470028F5
:109640007EF48BAE2023A26B09F1270593601846A8
:1096500089F82630FFF7E6BA0C951946FFF75ABA93
:109660000621142304260DF1400C4FF00009FEF7EB
:109670003CBE5346FFF7C8B805460222FEF7C5BFF9
:109680008046FEF782BF896E00293FF459A90B6816
:10969000002B3FF455A9002A40F0E3810B46FEF76A
:1096A00000BE01297FF430AF3379002B7FF42CAF5B
:1096B000C4F8E810DEE6DEF878B09BF80000002879
:1096C0007EF4E0AF8246FFF7E9BBB86E00283EF4B7
:1096D00017AEFEF714BEE36BC3F85C21CCE608EBD3
:1096E000060393F8271093F8267041EA0727791E9E
:1096F00002297FF6D7AE042106F128003844014440
:109700008A423FF469ABCDE68B46FFF744B820466A
:10971000462202213C4D04F033FAFEF71FBE08EB4F
:10972000060393F8271093F8267041EA0727791E5D
:1097300002297FF6B7AE0C21DEE7E36B5B68991C6C
:109740000C933944B1F5205F59D8D4F8C0101B0AE6
:10975000CB5502F10807D4F8C0100C9B0A44D37112
:10976000E56B05F10800EAF729FC23680146281D8E
:10977000DD69D4F8C02001959D693A440C9B0095A1
:10978000EFF76AFF00283FF4C4A9FEF7E6BDE36CDB
:109790001B685E7AD4F8C030072E00F0F9800422EE
:1097A00006261A71E36BD4F8C050002B00F0E98054
:1097B000D3F8C031002B00F0E480586804F03CFC82
:1097C0004FF00209C446687108210023FEF78DBDE1
:1097D0008A46FEF7C2BF23689B6E002B7EF479ADEC
:1097E0001846FEF777BD094DFFF751BA8F184FF0B5
:1097F000040E7E79BB7943EA0626FFF7B0B9044D23
:10980000FEF7ACBD8086FFFF8091FFFF0093FFFF56
:109810000096FFFF256F0CA9C2F340020BA805F1CB
:109820000C0304F0E5FC0B9902297FF770AF0C9B49
:10983000012B7FF76CAF226892F8C80081423FF796
:1098400066AF92F8C92093423FF761AF226F05F1EE
:109850000F08E36FAE7B1344C8EB0303B342FFF67C
:1098600021AEE36BD3F8DC0109F032FAE76B314645
:10987000012009F0F5F9C7F8DC01002800F00381A8
:109880004146324609F01CFA012387F8E061204680
:109890006360002503F0B0FB204604F07BFDFEF77B
:1098A0005DBD20463222022104F06AF931E602232E
:1098B0000CAA39462046FEF725FC00283FF429A9CA
:1098C000FEF74BBD2046FEF705FC00287FF44FACA9
:1098D000B37AD6E40597D4F8E830002B5BD123683F
:1098E00093F8CC3003F03003202B3FF404AEA26891
:1098F000012A7FF4A4A8002B3FF4FDAD059B012BAA
:109900007FF49DA8F7E5E06B2A460AA90430EFF73B
:10991000A1FD00287FF42BACE26B23685268D3F8DA
:10992000C430B3EBC20FD3D921E40346FFF7A9BB80
:109930007A4DFEF713BD049B5B68002B7FF47AAA77
:10994000049B08F1230A9B689E427FF475AA049B3E
:109950003246514603F10C0009F066F900287FF405
:109960006BAA0C232046636003F060FB05460028C9
:109970003FF474AA20465022022104F001F9FEF7B8
:10998000EDBC23689B6E002B7FF417AF184615E7DC
:1099900005221A7106E7A268012A7FF450A8059AE9
:1099A000002AACD0FFF74BB85D4DFFF770B90AEB5A
:1099B0000902C2EB08030DF13008002F00F091807E
:1099C000414620468DE8880013460BAA06F038FA77
:1099D00000287EF4C2ACA36BD86D002879D0314644
:1099E000BC30F6F767FA00285DD120462822022114
:1099F0004C4D04F0C5F8FEF7B1BC074661E408F130
:109A000002039D42FFF4B3AB98F8000004F03AFB68
:109A1000074600283FF4ABAB0A9B587804F02AFBBA
:109A2000834600283FF4A3AB3946204604F07AFB76
:109A300000287FF49CAB0A9B304602330A93FEF762
:109A4000EFFA58457FF493AB06463AE420462F22BE
:109A50000221354D04F094F8FEF780BC8346FFF7F1
:109A600039BBD2F8C031002B08BF0B46FEF719BC3A
:109A70002E4DFFF70CB99DF83030002B7FF444AD2C
:109A80008DF82C30F2E42A4DFEF768BC89F82630B8
:109A900009F12705FEF730BD50220221254D04F0C3
:109AA0006FF8FEF75BBCA36B42460A9D3946D86D42
:109AB0000B9BBC308DE82008F6F704FA0546002819
:109AC0003EF43EAF20463322022104F059F8FEF75F
:109AD00045BC204628220221144D04F051F8FEF71F
:109AE0003DBC2425414620460B9506F047F9002849
:109AF0003FF471AFFEF731BC0022FFF743BA2046B6
:109B0000502202210A4D04F03BF8FEF727BC0A4D13
:109B1000FEF724BC0020FEF7D2BD00BF008CFFFF83
:109B20000086FFFF0093FFFF808FFFFF0089FFFF8C
:109B30000081FFFF008FFFFF008AFFFF03682DE910
:109B4000F041DC6B82B0002C4DD00B68D41A012C94
:109B500058DD1D789E1C5C784FF6FE730E6044EA5B
:109B60000524651E9D424DD8931B9C424AD803682C
:109B70000F460546D3F83C80B8F1000F15D0186C9D
:109B8000324623462946C04740B128467322022167
:109B900003F0F6FF1C4802B0BDE8F0813E68344493
:109BA00000203C6002B0BDE8F081D3F8A0209442D0
:109BB000EBD1D3F89C1030468DF8078001EB040CF4
:109BC00011F8013B10F8012B9DF807E0614583EA8D
:109BD00002034EEA03038DF80730F1D19DF80730F8
:109BE000002BD2D1DBE7D3F894404CB1D3F89C40A2
:109BF00034B1D3F8A0401CB1D3F89830002BA4D1D5
:109C00000248C8E70248C6E78093FFFF008AFFFFCB
:109C10000084FFFF70B50D68AB1C934213D82E78FB
:109C20006C780B6044EA06241D19AA420BD3006825
:109C30000D46224619460430EFF7FAFC28B92B6886
:109C40001C442C6070BD024870BD024870BD00BF4E
:109C50000084FFFF8083FFFF2DE9F04704469EB09C
:109C6000FF209146E76B0D46984622688DF8490023
:109C70008DF84800002F00F09280D7F8C00100282E
:109C800000F08D8046680346002800F09480186834
:109C9000BC30F6F707F9636907304FEAD00A6BB1B9
:109CA000AB1C994579D3C0F3C7202A78824274D17E
:109CB00069785FFA8AF291426FD11D4605EB0A037B
:109CC00099456AD101213046F6F7F4F8002877D09B
:109CD0002368304629463025DE695246039605AE94
:109CE0009B690096029312AB0195F6F7B1F906460F
:109CF000226804ABE06B92F8CC20D0F88016C2F357
:109D00004002D0F87C0604F069FA20689DF84850BB
:109D100030229DF8103006A99DF849C09DF811E049
:109D200085EA03098369C0698CEA0E05DDF814A091
:109D3000984778BBB8F5097F44D8C8F509732F2B2D
:109D400040D949EA05058AF0300308F25341E26B35
:109D50002B43302539443343C2F810540DF1170614
:109D60000DF147055F421F43FF176FEA070E4FFAD9
:109D70008EFE16F8012F013015F8013F3A400EEA29
:109D80000303134301F8013FE36BD3F8103483421C
:109D9000EFD800201EB0BDE8F087104EA8E7916E06
:109DA00029B98FB1D7F8C0318BB10E466FE74E6835
:109DB00087B90B466BE7936E002B3FF469AF66E7FC
:109DC000074E95E70748E5E73E46384660E71E46FA
:109DD00018465DE7D7F8C00155E700BF0084FFFFD4
:109DE000008AFFFF0094FFFF41648264C3647047F0
:109DF000036893F8CC30DB0716D570B515460446DA
:109E0000D0F8E0000E4608F063FF2946012008F074
:109E100027FFC4F8E00048B131462A4608F050FF59
:109E2000C4F8E450002070BD01487047014870BD7F
:109E3000008FFFFF0081FFFF4368102B00F0E084DC
:109E4000C36B2DE9F04F0446AFB0002B00F06584E2
:109E500003F038FB002840F07C81226892F8CC3077
:109E6000980740F17981E16B91F8EC31012B00F01A
:109E700056846368122B00F25084DFE813F0DF0190
:109E8000D9010C04E301E70134033B025202E3026F
:109E90006702DF025602BD035A025E0262024E04EE
:109EA0004E04DD019369002B01F03084D4F8C050DA
:109EB00092F8CC2061692B1DC2F34002206904F0A6
:109EC0008DF9AF1D2368042239469E69D869B047D1
:109ED000002840F03E8123681C2205F10A019E699A
:109EE000D869B047002840F03481D5F80660D5F82D
:109EF0000A00D5F80E10D5F81220D4F83CE0CEF8C0
:109F00003464CEF83804CEF83C14CEF84024D5F8AA
:109F10002220D5F81660D5F81A00D5F81E10CEF814
:109F20004464CEF84804CEF84C14CEF85024E36BC9
:109F3000D3F87826002A41F0E480A268A66B8AB99B
:109F4000B2687AB12068026A62B13146806A90478D
:109F5000E36B002801F0D280D3F87826002A41F084
:109F6000D080A66B6268D3F8883601326260002B1D
:109F700001F07982002106F10C002022B16008F086
:109F80006BFEA36B05F127069B68304685F82630EB
:109F9000A16B8A680C3108F093FEA26B136892687B
:109FA0001B1206EB0209B354A36B09F1030709F175
:109FB00005081B6889F80130A36B5B6889F80230DB
:109FC000D4F8E820012A01F0868202200023A16B48
:109FD00091F87020002A01F04382391801220026EE
:109FE0004FF0050A3E548E704A70CA70A26B92F808
:109FF00070200A71A16B4A6F53444AB19A1C002029
:10A000000426B918B85432468870C8704E70A16BD7
:10A01000666903EB020A8A6FB6FA86F67609002AA9
:10A0200001F0DD81002E41F0DA810868FDF7E2FFE2
:10A0300038B1007AEDF784FC18B14378022B01F0B7
:10A04000DF8366690023B6FA86F67609E16B53442E
:10A05000D1F88C26002A01F00082002E41F0FD810B
:10A060009A1C1720B918BE548E70CE700426487002
:10A07000E16BD1F888261E445AB1B31C00204FF082
:10A08000230E0422F918F8548870C87081F801E092
:10A09000E16BD1F88436164413F0010310D0B31CE1
:10A0A00000214FF00B0C4FF0020EFA18F95401206A
:10A0B00006239170517182F801C082F803E010719B
:10A0C0001E44D4F8DC20B31C07EB030A002A01F07D
:10A0D000F88200211022F9548AF80120D4F8DC001B
:10A0E00008F0AEFD02460AF1070002F1070B02F18B
:10A0F000030E511C5FFA8BF34FEA1E2EA3F1040CE2
:10A10000090A8AF802E0A3F1060E073B8AF803C0A9
:10A110008AF805E08AF806308AF80410D4F8DC10D2
:10A1200008F0CEFD16EB0B0606D0330A08EB060747
:10A1300089F8046089F803307D1B1621D4F8C030FB
:10A140000222C4F8C8502046C4F8C4101A7003F0A4
:10A150000DFA2FB0BDE8F08F6368122B00F2DD829C
:10A1600001A151F823F000BF3DA2016031A20160BE
:10A17000A59E016045A201604DA20160E5A40160B9
:10A18000F5A2016023A3016045A401604DA3016015
:10A190003DA401602BA30160F7A5016033A301601A
:10A1A0003BA3016043A301601BA701601BA70160E3
:10A1B00039A201600521204604F02CFB0028C8D1FB
:10A1C000636E1A78162A40F0EA82226801330EA9DB
:10A1D0000DA892F8CC20C2F3400204F009F80D9BC0
:10A1E000022B40F3DC82236893F8CC30990740F1CE
:10A1F0001C83A368002B40F01A85236E1A78002A6E
:10A2000040F0CD825D78002D40F0C98253F8021FE6
:10A210002046D4F8B020C2F802109B88D38004F006
:10A22000D9FB002800F0FE82C4F88850C4F88050A2
:10A23000A368002BC4D1BDE7A8488AE7012300200A
:10A24000636086E7204603F0A9FD82E7E16C002207
:10A250000D680D92AE7A721ED2B2092A08D801207A
:10A2600040F2513100FA02F21140002940F09D8283
:10A270000423062EC4F8C83000F00185082E00F033
:10A28000FE84022E00F0DE84062E00F0DB84002720
:10A29000082E00F23E850123B34013F48C7F00F0BA
:10A2A000388522680023906F0F930178E9B1D4F8C4
:10A2B0003CE0DEF8B4713E68002E01F098823378FD
:10A2C000994201F066803A4603E01B788B4201F028
:10A2D000608052F8043F002BF7D110F8011F0029CD
:10A2E000EAD11368002B41F053807D480023C4F865
:10A2F000C8302EE7D4F8C0300E2204201621C4F84E
:10A30000C800C4F8C4101A7094E80C0001336360EC
:10A3100092F8CC309B0700F17782204603F026F9B3
:10A3200017E7204605F06EFA13E7204605F09CFC7F
:10A330000FE7204603F094FF0BE70F230020636034
:10A3400007E7204602F01AFE002002E7E36C1B68D4
:10A350009B7A5A1F032A40F224820B2B00F02182A1
:10A36000A36BDB6D002B00F01C82204604F02EFC5A
:10A3700010F5CB4FF9D000287FF4EBAE204604F067
:10A3800007FA10F5CD4FF0D010F5CB4FEDD00028E7
:10A390007FF4DFAE6368A26F0133162A636041F079
:10A3A000B080236F1A780F2A41F0AB802268616970
:10A3B00092F8CC2002F00202002A15BF0E250625D5
:10A3C0000C270427032901F0F580A36B0421D86D25
:10A3D000BC30F5F76FFD002841F08A8106464FF04A
:10A3E00024090DF13C08BD1CD4F8A0309D4201F2B7
:10A3F0008880226FD119D75D4A7842EA0727EA1987
:10A40000934241F07E80E36B0FA92046D3F80434D9
:10A410009847A26B216F4B46D06D42460D443146A2
:10A42000BC308DE8A000F5F74DFD054600287FF40F
:10A4300090AE204603F02CF828468AE6204605F028
:10A44000BBFB86E6E36C20461D6805F0AFF80028EC
:10A450007FF47FAE2268236F92F8CC20D4F8A060FE
:10A4600012F0020FA26F1E440CBF04210C21162A09
:10A4700019440F9140F04A841B78102B40F0468419
:10A48000AB7A022B00F05C87A3F10902012A40F2AB
:10A49000B183DA1E012A40F2AD83052B01F07580ED
:10A4A000072B01F0B280062B01F0E980082B01F0A8
:10A4B0000B81012B41F06680324600232046FFF7D6
:10A4C000CBFB00287FF445AE204602F0AFFD00280C
:10A4D0007FF43FAE6368013363603AE68095FFFF27
:10A4E000808CFFFFE16BD1F8C4310621E26C032BB5
:10A4F000D4F8C0701268616000F08A81927A511FAE
:10A500000B2A18BF032940F27D81B3FA83F35B095C
:10A51000002B40F0778102224FF0010A4021FE1DFE
:10A5200087F805A0B9713A716269032A00F066875D
:10A530004FF008084FF007092068B11C90F8CE30A2
:10A5400003F0020303F0FF02002B00F0B385E36B7E
:10A55000D3F8CC51002D01F0DF80AB69002B01F066
:10A560008A8107F5205B6E6C8B45C1F03B81C1EBA6
:10A570000B03B342C1F0368106F1020E4FF0000A20
:10A580009E450ED901F099B9AB69D3B18B456E6C7C
:10A5900017D3C1EB0B039E4213D806F1020E73458D
:10A5A0000FD30B46300A3246F24403F8020B18462A
:10A5B0004E70A96C08F084FBD5F830518119002D3C
:10A5C000E2D1CAF307225FFA8AFAD4F8C030C91B75
:10A5D00016200D26C4F8C810C4F8C40020461E700A
:10A5E000D4F8C03003F80920D4F8C03003F808A02C
:10A5F00002F0BCFFADE5E16BD1F88836002B00F02E
:10A60000FB80D4F8C030162104220FAFC4F8C41068
:10A610000EAE1A702568D4F8C020A86DA16B02F5A3
:10A6200020530A328DE8C0002D6DA847002840F065
:10A63000DB820E9AC2F30726D1B20A320F9B0025A5
:10A64000D4F8C07020464FEA136E87F804E04FEA52
:10A65000134ED4F8C07087F805E04FEA132ED4F8F3
:10A66000C07087F806E0D4F8C070FB71D4F8C03031
:10A670001E72D4F8C0305972E36BC4F8C820C3F816
:10A68000885602F073FF64E5226892F8CC3099078F
:10A690007FF508ACE16B91F8E031002B3FF402ACA0
:10A6A000D4F8C0302069043361690F9392F8CC204C
:10A6B000C2F3400203F092FD0F9D2068AB1C0F9384
:10A6C000466C002E00F05E87D4F8AC7042F64D1256
:10A6D00005F103092EA93A44D4F8E47041F87C9DB1
:10A6E000D4F8E030C06C0097B04700287FF431AD5B
:10A6F0000F9B162703261221C9EB03032046AB70DC
:10A700000F9BD4F8C020C4F8C4709B1AC4F8C8309A
:10A710001670616002F02AFF1BE5404819E52046EB
:10A7200003F05EFE00287FF414AD6368122BF4D8AA
:10A7300001A252F823F000BF3DA2016031A20160E6
:10A7400089A6016045A201604DA20160E5A40160F7
:10A75000F5A2016023A3016045A401604DA301603F
:10A760003DA401602BA30160F7A5016033A3016044
:10A770003BA3016043A301601BA701601BA701600D
:10A7800039A20160099B53F8044F0993002C40F053
:10A79000D7863C4620467822022103F0F1F9204872
:10A7A000D7E40A2300206360D3E4A6F10902012A5A
:10A7B0001ED8E36B002B00F09284D3F8C031002B3D
:10A7C00000F08D8458680221F5F774FB78B1E36BD3
:10A7D00003F18000002B00F08A84D3F8C031002BF5
:10A7E00000F085845B6800225968EFF72DFA6368F2
:10A7F000013300206360ACE4204603F05BFBA8E477
:10A80000064870470020A4E4204603F00BFD84E5D1
:10A81000236893F8CC30C3F381036FE6008FFFFF0A
:10A820000087FFFF204604F043F9A26EA16810786C
:10A83000537843EA0023002940F0F981B3F5205F03
:10A84000ADDC22681F46204692F8CC3013F0020F90
:10A850000CBF05210D21394403F0DCFF00287FF4F3
:10A8600078AC236893F8CC3003F0020303F0FF02C6
:10A87000002B00F0858507F10D03C4F88830266FA2
:10A880003A46E36B20463146D3F8003498472568B2
:10A8900095F8CC3003F00203002B0CBF04220C22ED
:10A8A00003F0FF039742FFF47AAF3278012A7FF476
:10A8B00076AF7278002A7FF472AFB278002B40F046
:10A8C000F081F37843EA022304339F427FF467AFB9
:10A8D000331D05930423FF1A252F7FF660AF95F8EB
:10A8E000CC2004F11401059B04F11000C2F34002D6
:10A8F00003F07EFC22692368E16B6069C1F87C2665
:10A90000C1F8800693F8CA50AA42C0F2188793F89B
:10A91000CB50A842C0F2138793F8C850AA4240F324
:10A92000CC83256193F8C9306361DDF814C06346B8
:10A9300053F802EF5E689D68D868C1F814E4C1F866
:10A940001864C1F81C54C1F820049D69D3F810E0C4
:10A950005E69D869C1F824E4C1F82864C1F82C54B0
:10A96000C1F830049CF82250202D00F2638105F1DB
:10A9700024084745C0F05E81A06B2022002185603D
:10A980000C3008F069F9A06B059E82680C3006F166
:10A99000230108F095F9206890F8CC309B0740F12E
:10A9A00092832335725D1544EB1C9F42C0F0C08733
:10A9B000D0F848C0BCF1000F03D0A368002B00F012
:10A9C000A680002A7FF4EBAE6B1C08930598089DC7
:10A9D00003460646425D2B445B7843EA0223012B83
:10A9E00019460A9340F32681EB18DA1C9742C0F00F
:10A9F000218111F0010140F01D819A1C835C581ED9
:10AA00000F2800F2178113445A1C9742C0F012819C
:10AA1000A06B416040F27F83DD1CAF42C0F00A8131
:10AA200033443046B65C9B7843EA0626731E022BFD
:10AA300040F20081AB199F4240F0FC800544002E9B
:10AA400000F06983032E40F2F580EB7895F80290D0
:10AA50002A7843EA09296B7809F10407CB4643EACF
:10AA60000223BE42C0F0E68000220692079231E047
:10AA7000042B00F0048200F39180002B00F0708220
:10AA8000012B42D1B9F1010F40F021832B79042B26
:10AA900000F21D83A26B3D4482F87030CBEB0606BA
:10AAA000731F043E022B40F2C580002E00F0368357
:10AAB000032E40F2BF80EB7895F802B02A7843EA83
:10AAC0000B2B6B780BF10407D94643EA0223B742FC
:10AAD00000F2B0800D2B00F00F82C9DD172B00F0C3
:10AAE000D18226DC102B00F0D981162B0DD1B9F1C3
:10AAF000000F40F09F80206890F8CD309A0704D571
:10AB0000636913B1A36B01229A673D44C6E7059BB5
:10AB1000D4F8E46003EB0801D4F8E0300096C06C90
:10AB2000E047E36B002800F04A86012283F8E02129
:10AB30004AE7232B00F061814FF601729342E4D182
:10AB4000A368002B00F04E84D4F8EC305A1C5A4510
:10AB500040F0D5852A79934240F0D185002204F156
:10AB6000FC008DF8332083B105F1050E00EB030CDA
:10AB70001EF8013B10F8012B9DF83310534084451B
:10AB800043EA01038DF83330F2D19DF83330002BC6
:10AB900040F0B58501233D4406937FE70A2B00F082
:10ABA00021820B2BB1D1E06BD0F8843643F0010346
:10ABB000C0F88436B9F1000F3CD02B795A1C5A45A5
:10ABC00038D1691D002BA0D06A79012A40F258843F
:10ABD0001944AB1D04E013F8012B012A40F2508404
:10ABE0008B42F8D13D4459E700230A2219460E93BF
:10ABF0001E4623E5E06B721A8030EFF775F80028E7
:10AC000040F0738525684FF40073E06BEE6900F245
:10AC1000544200F5826101968030AD690095EFF7EE
:10AC20007BF800283FF450ACBC48FFF792BAD4F848
:10AC3000A07024E620463222022102F0A1FFB8488B
:10AC4000FFF787BA21680022D1F884300F92002BD9
:10AC500000F01B84D1F89030002B00F01684E06BDC
:10AC600001F188027C310430EEF7BEFC002800F0D0
:10AC70000F8410F5CA4F7FF439ABFFF76ABAD4F8E6
:10AC8000C03005210022C4F8C8101A71D4F8C830A9
:10AC9000D4F8C010581CC4F8C800CA54AE7AFFF7E4
:10ACA000F0BAF37843EA02230C339F427FF477AD86
:10ACB000A368206F012B00F0278401794379E26BB0
:10ACC00043EA0123591CC2F8D431C2F8D811837960
:10ACD000002B40F01E85C379002B40F01A85037AC3
:10ACE000002B40F0168500F109010322013007F026
:10ACF0009BFF002840F00D8595F8CC309A077FF532
:10AD0000E7AD06F10C0305930C23E4E58548FFF756
:10AD100020BAD4F8C030B21E022A47D8D4F8C820CE
:10AD20000021284613440E91C7EB0309FDF778F97B
:10AD300063698046032B00F0FB84A87A042800F0A6
:10AD40006E850FAE24254B463A46314620460E9579
:10AD500005F014F800288CD105466369032B00F038
:10AD6000B685E16B2768002900F09585D1F8C031E0
:10AD7000002B00F090855A68002A00F08085D4F8F6
:10AD8000C80032462946D4F8C060851C586873193B
:10AD9000FD6903950DADBE698DE868000E9BF5F762
:10ADA00023F900287FF465AFD4F8C0300D9ABAB10A
:10ADB000D4F8C810120A481CC4F8C8005A54D4F871
:10ADC000C830D4F8C020581C0D99C4F8C800D1541C
:10ADD0000D9AD4F8C810D4F8C0300A44C4F8C8207A
:10ADE00016210C222046C4F8C4101A70636801337F
:10ADF000636002F0BBFBFFF7ACB90FA801F0A2FD46
:10AE00002068D0F85480B8F1000F3FF47EAE036D97
:10AE1000002B3FF47AAEE36B0122C3F88826B9F128
:10AE2000000F3FF472AEA368002B7FF46EAE806D0E
:10AE30005B462A1D0FA9C047002840F0DB84D4F8E8
:10AE4000388012A83D44D8F8083008F10C011A46A1
:10AE5000119307F035FF404601F078FD7C220FA9E1
:10AE6000A06B07F02DFF7C210FA8F6F777FEE36BB0
:10AE700000220121C3F88826C3F878160EE6B9F13E
:10AE8000000F7FF4D7AE206890F8CD3059067FF5DB
:10AE90003CAEA36B01223D445A67FFE52068D0F821
:10AEA000A4300993002B00F03F84B9F1030F1DDD9E
:10AEB0002979ABF102036A7942EA01229A4215D15B
:10AEC000AB1D2F44BB42184600F02E83EA1DAB7920
:10AED000B91A8B420AD8002B7DD013449F4200F050
:10AEE00023835A1C1B78B91A8B42F4D9204632228C
:10AEF000022102F045FE52E4B9F1010F2F44F5DDC5
:10AF00002A796B7943EA02239A1C5A45EED1D80775
:10AF1000ECD40635AF420BD8C8E000BF0083FFFF7A
:10AF20000087FFFF0084FFFF0235AF4240F2BE8082
:10AF3000687803F09FF880460028F5D0287803F061
:10AF4000A1F881460028EFD00146204603F0EAF838
:10AF50000028E9D14A464146E06B01F077FDE3E77E
:10AF60002068D0F82C80B8F1000F3FF4CEADB9F1D5
:10AF7000010FBBDD6B7995F804E043EA0E2E0EF16C
:10AF800002035B45B2D1BEF1020F05F106021EDDE0
:10AF9000E9792B7A43EA012303F1030CE645A5D3B3
:10AFA000A97961B943E35178937843EA012303F126
:10AFB000030CF4459AD81178002900F038836FF01B
:10AFC00002016244C91A8E44BEF1020FEBD8BEF1F1
:10AFD000000F3FF49AAD20462F22022102F0D0FD4F
:10AFE000FFF7DDBBB9F1010F7FF724AE6B7995F860
:10AFF000049043EA092909F102035B457FF41AAE84
:10B0000019F0010F7FF416AED4F83C80D8F8B431B3
:10B01000002B7FF40FAE4FEA590A04210AF1010A0E
:10B02000BAF10C0F28BF4FF00C0A504607F018FE7B
:10B03000002800F07584BAF1010FC8F8B4017FF65A
:10B0400064ADB9F1000F3FF460AD099405F1080853
:10B05000044602E0BAF1010F11D918F8020C18F8F1
:10B06000012C42EA0020EFF793FE18B120600AF1AC
:10B07000FF3A0434B9F1020908F10208EAD1099C47
:10B080003D440BE5B9F1000F7FF4D4AD206890F892
:10B09000CD305B077FF539AD6369002B3FF435ADEB
:10B0A000E36B01223D44C3F88C26F7E401233D46BF
:10B0B0000793F3E49246FFF788BA93F8C9309842B1
:10B0C000C8BF636131E405F1230308937EE42046A1
:10B0D0002F22022102F054FDAB48FFF73AB8236853
:10B0E0009B6E002B7FF46EAB1846FFF76CBB23689A
:10B0F0009B6E002B7FF476AB5B68FFDE0122C3F80A
:10B1000078260C232046636001F090FF00283EF46F
:10B1100038AFFFF71EB8002306930793089D002160
:10B12000059B02350A982B449E1C1D46334603E0BE
:10B130000231023388420ED913F8022C562AF7D175
:10B1400013F8017C002FF3D12068636990F8C910CF
:10B150008B42C0F2DE83079B002B00F0708300233C
:10B160000A9916F8022C22B916F8012CFF2A00F0D1
:10B17000EE82023302369942F3D8D4F8E820012A4D
:10B1800000F0BF83206890F8CC3003F03003202B10
:10B1900000F06983A168012900F05D83636950F8BC
:10B1A00023603068002800F080830A9B0021A046BD
:10B1B0005F1E6B1C47F0010705932F44059D03E0BC
:10B1C000BD427BD00235306815F8012CC0F307234F
:10B1D0009A42F5D12A78C3B29A42F1D1FCF70AFF1C
:10B1E0008146002800F0CE81D8F8143002699A42D6
:10B1F00000F38280826993427EDCD8F8003093F8B5
:10B20000CC309C0702D5037F580775D44846FCF71D
:10B2100029FF40B1D8F83C30D3F8B431002B6BD0C3
:10B220001B68002B68D04846FCF72AFF20B1D8F8ED
:10B230000030DA6B002A52D0D8F81430032B00F01B
:10B2400031824846FCF7ECFED8F83C308346D3F810
:10B25000C841002C00F0A982002800F00E824FF0B7
:10B26000000A20685946BC30F4F724FE002845D176
:10B27000A46853460CB19A46F3E7BAF1000F3BD0ED
:10B280004446D046E36BC3F8C08163683568A06B61
:10B2900001332268E16C0560C1F80090636092F8A8
:10B2A000CC3003F0020303F0FF00002B3EF451AF5B
:10B2B000204603F06FF80020FEF74BBF56F8040F4E
:10B2C00000287FF47BAF4446002900F0EE82404620
:10B2D0002822022102F054FC2C48FEF73ABFD3F892
:10B2E00094204AB1D3F89C2032B1D3F8A0201AB1EF
:10B2F000D3F89830002B9FD1012161E70FAB0122D9
:10B300004946206802F022FF0028B1D1BBF1040FAA
:10B3100000F09F81D8F81430022B00F39681236847
:10B3200093F82831042B00F09081BAF1000F14BF7C
:10B3300053462346A468002C9DD144469A46A0E774
:10B3400032460FA904F13C00FEF764FC00287EF4AD
:10B3500000AF0F9B9E427FF4D9AC25684FF4097271
:10B36000E06BEE6900F5826300F25441019604300F
:10B37000AD690095EEF7D6F900283FF4A5A853E48F
:10B38000C4F88020FFF77BBA0087FFFF8096FFFF9D
:10B3900019780EF18000F1F723FE00287FF469ACE4
:10B3A00020680FA9D4F8C820C669D4F8C070C2F5C7
:10B3B0002053019686693A44E06B00968030EEF7A0
:10B3C000EDFB00287FF455ACD4F8C8700F9AD4F880
:10B3D000C0303A44AE7A1F44C4F8C8209BE400232E
:10B3E000FEF734BEB9F1010F40F089812B79002BB3
:10B3F00040F08581C4F8E890FFF7CCBB2168D1F814
:10B400007480D8F80000E0B11D46914602E058F87B
:10B41000040FB8B102F042FE83460028F7D001467F
:10B42000204602F045FE0028F1D173192A1D83F849
:10B4300002B0154683F803A006F802B083F8059021
:10B44000E5E705462A0AAB1C3D7205F10909FA71C8
:10B450001E4405F10A08FFF76FB80026FEF709BE83
:10B460009246FEF7C8BD2368202206F10C01B260A7
:10B47000D8699E69B04700283EF483ADFEF769BEE7
:10B48000C0F85C213D44FFF709BBCF48FEF72EBF53
:10B49000E76B07F10800E8F791FD2668D4F8C0E0F3
:10B4A0000146F369381DD4F8C82001930FABB66983
:10B4B00072440096EDF7FCFF00287FF4DAABD4F875
:10B4C000C8700F9AD4F8C0303A44AE7A1F44C4F81A
:10B4D000C820FEF7DDBEFF2389F8062089F8053075
:10B4E000A168002940F03C8109F10A0389F807109E
:10B4F00089F8082089F80910C8EB0303981CFEF7A7
:10B5000066BDB248FEF725BEE16B90F804E04379D2
:10B51000D1F8D82143EA0E2393427FF440A90133A6
:10B52000C1F8D831FFF7D3BB099BD3F80090B9F12C
:10B53000000F3FF42FA90B963E4627464C46814606
:10B54000204607F07DFBB14582463FF41BA94D46DE
:10B5500003E04544AE423FF415A995F8008001355B
:10B56000C245F6D152462146284607F05DFB002829
:10B57000EFD1A1463C4637460B9EC4F8DC903D46D1
:10B58000FFF78CBA9248FEF7E4BD32460FA9204679
:10B59000FEF7D4FA00287EF4DCAD0F9B9E427FF4C8
:10B5A000B5ABA97A204602F0AFFC00283EF48CAF80
:10B5B000FEF7CFBDD4F8A020AA42A2D3D85D02F0F6
:10B5C00061FD064600289CD0236F2046D95D02F01D
:10B5D0006FFD002895D1236F042E3B4414BF0DF15D
:10B5E0003C080DF14C08587802F044FD0146002853
:10B5F00087D0A36BD86DBC30F4F75CFC002880D0FA
:10B600002F464FF00009FEF7EEBE32460FA9204646
:10B61000FEF794FA00287EF49CAD324602230F997F
:10B620002046FEF719FB00287EF493ADB9E70332FC
:10B63000006B2146C04700283FF467AA20467022CD
:10B64000022102F09DFAFFF7AAB84346A0461C4625
:10B6500018E6D8F83C202368D2F8B421D3F8C010FB
:10B66000136809782BB903E652F8043F002B3FF426
:10B67000FFAD1B788B42F7D14CE6444605E63246D7
:10B6800020460FA9FEF75AFA00287EF462AD0FA9F2
:10B69000324604F13C00FEF7BDFA00283FF47DAFCE
:10B6A000FEF757BD4846FCF7D1FC014600283FF4A1
:10B6B000C8ADD8F83C0001F0BFF900287FF4C1AD57
:10B6C0001AE69346FEF72EBD32460FA92046FEF736
:10B6D00035FA00287EF43DAD0F99E06B721A803088
:10B6E000EEF702FB00283FF45CAF3A48FEF731BDAD
:10B6F00004264FF014090DF14C08FEF774BE2046E5
:10B700002822022102F03CFAFFF749B83248FEF73E
:10B7100020BD3248FEF71DBDC56E002D7EF41DAF65
:10B72000AA462A46FEF751BF2F443D46FFF7B6B959
:10B73000B8F1000F40F0A6802548FEF7D7BD20469F
:10B740004622022102F01CFA2548FEF702BDA3683A
:10B75000012B00F0888001232068C4F8E8301DE543
:10B76000002209F10A0304F1FC0189F807201846B8
:10B77000D4F8EC205200013289F80820D4F8EC20EB
:10B78000520089F80920D4F8EC2007F099FAD4F88F
:10B79000EC20034604F1F0011344184607F090FA38
:10B7A000D4F8EC2003461344A6E600283FF465AF26
:10B7B000D8F800309C6E002C7FF451AD9CE583F8E6
:10B7C000E001FFF701B900BF008FFFFF8082FFFF9C
:10B7D0000094FFFF8083FFFF008CFFFF808FFFFF3F
:10B7E0008091FFFF4FF0000A5246FEF7EEBE3A4648
:10B7F000FEF773BD0FA83D4401F0A8F8FFF74EB95E
:10B800000AF102031621FA18FE5404239670D6702A
:10B8100051706669B6FA86F67609FEF717BC0546DA
:10B820000FAE0195CDF800903B4631460EAA20465A
:10B8300004F006FB00283FF490AAFFF71ABA04218F
:10B84000204602F06FFC0028E06B0CBF04210021B1
:10B8500001F00AF983E4002A7FF4A0AC1BB1069B37
:10B86000002B3FF49BAC20462822022102F088F9ED
:10B870003348FEF76EBC9A461A46FEF7A6BE31481C
:10B88000FEF734BD4146E06B01F0D6F805460028CE
:10B890003FF452AFC4E7BA6E002AF0D05368002BD1
:10B8A000EDD069B91346FFF76ABA20462822022173
:10B8B00002F066F92448FEF74CBC5246FEF785BEFE
:10B8C000D1F8C031002B08BF1346FFF758BAD4F89F
:10B8D000C8702846D4F8C0907B1CC4F8C83002F069
:10B8E000DDFB09F80700D4F8C8704046D4F8C080E2
:10B8F0007B1CC4F8C83002F0B1FB08F80700FFF762
:10B9000030BAA368012B02D1069B002BABD0206874
:10B9100044E42046022102F033F90948FEF719BC3D
:10B9200020465022022102F02BF90848FEF711BCF4
:10B9300020464622022102F023F90148FEF709BC05
:10B940000087FFFF008AFFFF808CFFFF0081FFFF61
:10B9500070B50446C06B0D46164600F50270F3F74D
:10B96000BBFAE06B3246294600F51870F9F764FE21
:10B97000E06B3246294600F52F70FAF7A7FCE06B22
:10B980003246294600F54A70BDE87040FCF7B0B871
:10B9900070B50446C06B0D46164600F50270F3F70D
:10B9A0009BFAE06B3246294600F51870BDE87040FE
:10B9B000F9F742BE30B5AFB005460C4601A8F2F724
:10B9C00037FE17A8F8F774FCE96B01A801F50271BE
:10B9D000F2F738FEE96B17A801F51871F8F772FC59
:10B9E000214601A8F3F77CFA04F1100117A8F9F732
:10B9F00027FE01A8F2F720FE17A8F8F75DFC2FB08C
:10BA000030BD00BF2DE9F043866BBBB004468846CD
:10BA10009146002E3BD00DA81E4DF2F709FE23A83B
:10BA2000F8F746FCE16B0DA8242701F50271F2F747
:10BA300009FEE16B23A801F51871F8F743FC164BDA
:10BA400004A90DA8B9F1000F08BF1D46F3F748FA85
:10BA500008A923A8F9F7F4FDE46B0C232A4630214A
:10BA6000CDF80480029306F12C0004AB0097D4F8C3
:10BA70000C44A0470DA8F2F7DFFD23A8F8F71CFC43
:10BA8000394604A8F6F76AF83BB0BDE8F083466B88
:10BA9000C1E700BF8C4500207C450020C06B00F54D
:10BAA0002F70FAF713BC00BF30B59DB005460C46A9
:10BAB00001A8F9F723FFE96B01A801F52F71F9F748
:10BAC00027FF214601A8FAF705FC01A8F9F71AFF9C
:10BAD0001DB030BD2DE9F043866BA9B00446884601
:10BAE00091465EB30DA8164DF9F708FFE16B0DA85E
:10BAF000202701F52F71F9F70BFF124B05A90DA8AF
:10BB0000B9F1000F08BF1D46FAF7E4FBE16B0C2307
:10BB10002A46CDF80480029306F12C0005AB00976D
:10BB2000D1F80C443021A0470DA8F9F7EBFE3946B7
:10BB300005A8F6F713F829B0BDE8F083466BD1E706
:10BB40008C4500207C450020C06B00F54A70FBF757
:10BB5000CFBF00BF30B5B7B005460C466846FAF710
:10BB600013FEE96B684601F54A71FAF717FE2146A4
:10BB70006846FBF7C1FF6846FAF70AFE37B030BDEA
:10BB80002DE9F043876BC7B00446884691465FB302
:10BB900010A8164EFAF7F8FDE16B10A8302501F554
:10BBA0004A71FAF7FBFD124B04A910A8B9F1000F76
:10BBB00008BF1E46FBF7A0FFE16B0C233246CDF811
:10BBC0000480029307F12C0004AB0095D1F80C44DB
:10BBD0002946A04710A8FAF7DBFD294604A8F5F787
:10BBE000BDFF47B0BDE8F083476BD1E78C4500202F
:10BBF0007C45002000487047808FFFFF0048704759
:10BC0000808FFFFF70B504460E4601200C211546BB
:10BC100007F026F880B10023216806604560836044
:10BC200009B906E019468B68002BFBD188601846DD
:10BC300070BD2060084670BD004870BD0081FFFFE8
:10BC400060B138B504462068E56807F041F8204641
:10BC500007F03EF82C46002DF5D138BD704700BFE7
:10BC6000C26B0346416CD2F8FC01814226D0F0B48D
:10BC7000D3F8B05002F5007682B05864C2F8FC11D7
:10BC80006C46376828686A46696876682F606E6017
:10BC9000DD6B03C403CAC5F80002C5F804125A6C70
:10BCA0006AB1596901290ADDD1681269D3F8BC006B
:10BCB0008A1A0244C3F8C02002B0F0BC7047D3F81F
:10BCC000BC20C3F8C020F7E72DE9F04FB7B0044619
:10BCD0009346994603A80191429E439DF2F7F2FADA
:10BCE0002046F2F7E3FA002800F089808246F2F756
:10BCF00049FB0446484606F0A3FF419B04EB0008BD
:10BD000007464344802B73D816AB4946024603EBE3
:10BD10000409484606F0D4FF16AB419A03EB08002D
:10BD2000409906F0CDFF5146012203A8F2F7EAFA46
:10BD3000804610B137B0BDE8F08F419B5A4601995B
:10BD400003A81F44F2F756FB494603A83A46F2F708
:10BD5000C7FB16A903A8F2F7D7FB002D4CD0274448
:10BD60000DF118096FEA040A03A8F2F703FC3A463A
:10BD700016A903A8F2F7B4FB494603A8F2F7C4FBDF
:10BD800003A8F2F7F7FB224616A903A8F2F7A8FBCF
:10BD900016A903A8F2F7B8FB04EB080E754525D2E7
:10BDA000B5FBF4F104FB115171B108F1FF300AEB5E
:10BDB0000E030DF1170201443344701812F8011FED
:10BDC00003F8011F8342F9D17545F046CCD803A88A
:10BDD000F2F77EFA16A88021F5F7C0FE484640210A
:10BDE000F5F7BCFE002037B0BDE8F08F2146DBE759
:10BDF000044837B0BDE8F08F0DF11809E7E70248B5
:10BE000098E700BF008FFFFF0094FFFF70B584B07C
:10BE1000089E099D0A9C009313460A460146019616
:10BE2000062002950394FFF74FFF04B070BD00BFDA
:10BE300070B584B0089E099D0A9C009313460A467B
:10BE400001460196072002950394FFF73DFF04B0D9
:10BE500070BD00BF2DE9F04FADB090469A468B46BD
:10BE6000019004A8379D389CF2F72CFA404606F062
:10BE7000E7FE369B00EB030909F11406802E00F261
:10BE8000D88007460246414611A806F019FF0CABC0
:10BE900007F114005146369A184406F011FF0320AA
:10BEA000F2F704FA0146002800F0CC80012204A831
:10BEB000F2F728FA074618B138462DB0BDE8F08FE2
:10BEC0000BF1010A019904A84FEA5A031A4602939A
:10BED000F2F790FA11A94A4604A8F2F701FB0DA95E
:10BEE00004A8F2F711FBACB3BA4604F00F0309F152
:10BEF000100807AF039304A8F2F73CFB42460DA9D4
:10BF000004A8F2F7EDFA394604A8F2F7FDFA04A8FE
:10BF1000F2F730FB10220DA90DEB0200F2F7E0FA68
:10BF20000DA904A8F2F7F0FA0AF1100E7445C0F05A
:10BF3000848010200AF1FF320DF11B0100232A44F6
:10BF4000013311F801CF984202F801CFF8D87445B7
:10BF5000F246D0D804A8F2F7BBF90420F2F7A6F90C
:10BF6000014600286ED0012204A8F2F7CBF907465B
:10BF70000028A1D1029A04A8019BC2EB0B010B443B
:10BF80001946F2F737FA11A94A4604A8F2F7A8FAB7
:10BF90000CA904A8F2F7B8FA002C5AD02E4BB946D7
:10BFA00007AFA3FB04384FEA181808EB8808A4EB86
:10BFB000880804A8F2F7DEFA32460CA904A8F2F7C2
:10BFC0008FFA394604A8F2F79FFA04A8F2F7D2FADA
:10BFD00014220CA904A8F2F783FA0CA904A8F2F71A
:10BFE00093FA09F1140C64452ED34FF0140E09F1A5
:10BFF000FF320DF11B0000212A4412F8019F01318C
:10C0000010F8013F8E4589EA03031370F5D86445A3
:10C01000E146CED804A8F2F75BF90CA88021F5F729
:10C020009DFD38461421F5F799FD00202DB0BDE89F
:10C03000F08F0A482DB0BDE8F08F039B1846002B07
:10C0400085D077E7064838E7B8F1000FDFD0C6465D
:10C05000CDE707AFDEE700BFCDCCCCCC008FFFFF34
:10C060000094FFFF022906D049420238C9B2C043FA
:10C070005170107070470238FF21C043517010702A
:10C08000704700BF4FF48472002106F0E5BD00BF89
:10C0900090F8CC3061F3000380F8CC30704700BFDB
:10C0A00090F8CC3061F3410380F8CC30704700BF8A
:10C0B00090F8CC3061F3830380F8CC30704700BF38
:10C0C00041638263704700BF8161C261704700BFF6
:10C0D00001614261704700BF10B4019C81624462FB
:10C0E000C26103625DF8044B704700BFC0F8A8103E
:10C0F000704700BF83650165426542B1084610B4D0
:10C1000014460022234611465DF8044B1847704739
:10C110000165426583657047C1650266704700BF6F
:10C1200090F8CD3061F3C30380F8CD30704700BF85
:10C13000C0F8C010704700BFC0F8AC10C0F8B02005
:10C14000704700BF816202624362704701604160D4
:10C150008160C160704700BF032A03D1032B98BFE1
:10C1600040F82310704700BF41667047C166026700
:10C17000704700BF683045E5002B18BF00292DE946
:10C18000F047089E4BD0202A49D8340C47D1B6F549
:10C19000205F94BF4FF000084FF00108B8F1000F86
:10C1A0003DD10446D0F894001F468A46154658B142
:10C1B000D4F89810F5F7D2FCD4F8940006F088FD76
:10C1C000C4F89480C4F89880D4F89C0030B106F08C
:10C1D0007FFD0023C4F89C30C4F8A030294601201C
:10C1E00006F03EFD8146C4F8940050B3314601206C
:10C1F00006F036FD8046C4F89C0098B12A465146A8
:10C20000C4F898504846C4F8A06006F059FD32467C
:10C210003946404606F054FD0020BDE8F0870A4844
:10C22000BDE8F0870546484606F052FD284606F070
:10C230004FFD00230548C4F89430C4F89C30BDE895
:10C24000F087D4F89C50EEE7008FFFFF0081FFFFDE
:10C25000A1B32DE9F041C46B54B3202A94BF4FF031
:10C2600000084FF00108B8F1000F21D10646D4F8BC
:10C27000B8010F46154658B1D4F8BC11F5F76EFC5D
:10C28000F36BD3F8B80106F023FDF46BC4F8BC815E
:10C290002946012006F0E4FCC4F8B80158B1C4F8FE
:10C2A000BC512A46394606F00BFD0020BDE8F0815E
:10C2B0000348BDE8F0810348BDE8F08100487047BD
:10C2C000008FFFFF0081FFFFC1630264704700BF62
:10C2D000F8B500F17C06044617460A4630461021A0
:10C2E000E8F780FA48B1054688343046E7F768FC3D
:10C2F0002046E7F765FC2846F8BD88343A46102109
:10C300002046E8F76FFA05460028EED12846F8BD2A
:10C31000F8B500F17C0604461F463046E7F754FEA8
:10C3200048B1054688343046E7F74AFC2046E7F72F
:10C3300047FC2846F8BD88343946069A2046E7F778
:10C3400043FE05460028EED12846F8BDF8B500F1B9
:10C350007C0604460F4604313046E7F7B3FC48B18B
:10C36000054688343046E7F72BFC2046E7F728FCE3
:10C370002846F8BD883407F110012046E7F7A2FCF3
:10C3800005460028EED12846F8BD00BFC0F8C4100D
:10C39000704700BF8167704741677047F8B5054631
:10C3A00019B308460E4606F04BFCFF2804462ED86B
:10C3B000D5F8D87057B1384606F042FC01463846E9
:10C3C000F5F7CCFBD5F8D80006F082FC611C012003
:10C3D00006F046FC0746C5F8D800D0B131462246E3
:10C3E00006F06EFC00203855F8BDD0F8D84054B1A6
:10C3F000204606F025FC01462046F5F7AFFBD5F8B0
:10C40000D80006F065FC0020C5F8D800F8BD024849
:10C41000F8BD0248F8BD00BF008FFFFF0081FFFF9D
:10C42000C06B00F5E470FFF7EDBB00BFC36BC3F852
:10C43000CC11C3F8D0217047C36BC3F8C411704747
:10C44000C1620263704700BF2DE9F0418046086871
:10C450000F4678B10D4600244FF6FF7606F0F0FB4C
:10C46000431E0444FE2B0AD8B44208D855F8040FE2
:10C470000028F3D1C8F8A4700020BDE8F08101487D
:10C48000BDE8F081008FFFFFD0F8DC00704700BFEF
:10C4900080F8C81080F8C920704700BF80F8CA1023
:10C4A00080F8CB20704700BF90F8CE3061F30003D6
:10C4B00080F8CE30704700BF90F8CD3061F3410373
:10C4C00080F8CD30704700BF90F8CD3061F3820323
:10C4D00080F8CD30704700BF90F8CE3061F3410353
:10C4E00080F8CE30704700BF0429034610D84A1E9A
:10C4F000032A07D9B3F8CC20002061F38812A3F8EF
:10C50000CC207047034850F82220B2F5205FF1D9C3
:10C510000148704714060020008FFFFF90F8CD30CF
:10C5200061F3861380F8CD30704700BF90F8CD30AE
:10C5300061F3041380F8CD30704700BF90F8CD3020
:10C5400061F3C71380F8CD30704700BF90F8CD304D
:10C5500061F3451380F8CD30704700BF90F8CC30C0
:10C5600061F3051380F8CC30704700BFC0F8B410F9
:10C57000704700BF0A684B68C0F8B820C0F8BC30EC
:10C58000704700BF0346D0F8A800012816D01A68EB
:10C5900092F8CC20920705D5D3F88010D3F88820E4
:10C5A00091420AD8D3F8A02012B1D96F8A4204D39D
:10C5B000586F003018BF012070470120704700BF3E
:10C5C000436F0BB1C06F704718467047436B0BB198
:10C5D000186E7047836B002BFAD14FF0FF30704715
:10C5E00020B1436B13B11868FBF752BD00207047B0
:10C5F000036893F8CC309B0708D54269022A0ED015
:10C60000084B0948032A08BF184670474369032BA3
:10C6100003D8064A52F8230070470548704705487A
:10C62000704700BFA8450020B4450020CC0500207D
:10C630006C3200209C450020436CCBB11A6DAAB12E
:10C64000517802290ED011D3063902290ED89A68E2
:10C65000036893F8CC3013F0020F0CBF05230D23B1
:10C66000D018704752695B691A44F1E70548704772
:10C67000036893F8CC3013F0020F0CBF05200D2097
:10C68000704700BF0094FFFF0368B3F8CC30C3F3DA
:10C690008213013B032B10D80D4A52F82320036B61
:10C6A0004BB193F87030013B032B09D9B2F5205FF1
:10C6B00028BF4FF42052104670474FF42052EEE747
:10C6C000034951F823309A4228BF1A461046704752
:10C6D0001406002010B1406B00B1C06D704700BF60
:10C6E000A0B1026892B110B592F8CC300446DA07D6
:10C6F00004D52046BDE81040FDF79EBBFBF776FD54
:10C70000236893F8CC30DB07F3D410BD00487047A2
:10C71000008FFFFF78B1036810B504461BB908E02D
:10C72000FFF7DEFF30B963682046102BF8D10020F8
:10C7300010BD024810BD0148704700BF008FFFFFC9
:10C74000D022002106F088BAF0B51F4690F8CC3010
:10C75000C5B0044661F300030D46164662F341037B
:10C7600080F8CC3000294BD1D9B2022390F8CD20EB
:10C770004FF47A7E63F3830190F8CE30A0F8B8507E
:10C7800042F09E0243F00203494884F8CC104EF672
:10C79000602184F8CD20102284F8CE304FF0FF3392
:10C7A00060644448C4F8ACE0A064C4F8B010C4F8B5
:10C7B000B420C4F8BA30A4F8BE30022F5CD00122F5
:10C7C0000323964284F8CA3084F8C83084F8C9300C
:10C7D00084F8CB2068D0FBF7B9FB374A374B626649
:10C7E0006367E060A06060602060EEF79FFA4FF43E
:10C7F00080620023A067C4F8C420184645B0F0BD8D
:10C8000090F8CD204FF47A7190F8CE304EF6602E2D
:10C81000C0F8AC1042F01E0243F00203244884F832
:10C82000CD20102184F8CE3000224FF0FF33606419
:10C83000012D2048C4F8B0E0A064C4F8B410A4F8F6
:10C84000B820C4F8BA30A4F8BE30B6D14FF4807224
:10C850001B4904A806F034FA4FF0020E04A9009513
:10C8600003AB4FF4807220468DF80CE0FFF750FDCB
:10C870000028A2D00346C0E7002312480321124A31
:10C88000124E134DA067184684F8CA1084F8CB10D6
:10C8900084F8C81084F8C910E260A2606260226067
:10C8A0006666656745B0F0BD022384F8CB3092E739
:10C8B000F5BB0160FDBB016010F602606462002000
:10C8C000A4040020886200207C62002020F6026020
:10C8D0008C62002038B505467C30E7F771F905F128
:10C8E0008800E7F76DF9D5F8940060B1D5F8981095
:10C8F000F5F734F9D5F8940006F0EAF90023C5F805
:10C900009430C5F89830D5F89C0060B1D5F8A010E7
:10C91000F5F724F9D5F89C0006F0DAF90023C5F8FC
:10C920009C30C5F8A030A86E28B1846806F0D0F914
:10C930002046002CF9D12846D021BDE83840F5F733
:10C940000DB900BF7C22002106F086B988B110B570
:10C950000446C06D20B105F005F8E06D06F0B8F9A9
:10C96000606E06F0B5F920467C21BDE81040F5F771
:10C97000F5B8704770B50C460646FFF7E7FF7C2216
:10C980002146304606F09CF9E36D83B14FF49A716D
:10C99000012006F065F9F065F8B104F0DDFFE36D04
:10C9A000F06D5A68996805F049F8054670B9606EEF
:10C9B00058B1A56E0120294606F052F9706660B1A3
:10C9C0002A46616E06F07CF9002070BDF06D06F01D
:10C9D0007FF900232846F36570BD014870BD00BF94
:10C9E0000081FFFF98B191B1836B83B1026892F827
:10C9F000CC20D2070BD410B504461846FFF7BAFF77
:10CA000020B9E36B0122C3F8782610BD10BD0148A0
:10CA1000704700BF008FFFFF0B4648B141B1416B2B
:10CA200031B1026892F8CC20D20701D41846A1E7B0
:10CA300000487047008FFFFF012905D0042901D16C
:10CA4000407870470020704700787047012906D071
:10CA5000042903D1437803B94270704770470378C3
:10CA6000002BFAD10270704701704170704700BF0F
:10CA7000B0B110B504465030EAF78CFF04F19000D5
:10CA8000EAF788FF04F13800F1F722FC04F14400D2
:10CA9000F1F71EFC2046D021BDE81040F5F75EB846
:10CAA000704700BF38B5C56B002D41D005F5027049
:10CAB000F1F7C2FD05F51870F7F7FEFB05F52F70CD
:10CAC000F8F720FF05F54A70F9F762FE281DECF72C
:10CAD00027FF05F18000EDF73DF8D5F8B40106F029
:10CAE000F7F8D5F8B80138B1D5F8BC11F5F736F834
:10CAF000D5F8B80106F0ECF8D5F8C80128B184687B
:10CB000006F0E6F82046002CF9D1D5F8DC0106F055
:10CB1000DFF8D5F8E40106F0DBF8D5F8F001FFF70F
:10CB20008FF828464FF4D261BDE83840F5F716B8C3
:10CB300038BD00BF2DE9F0410446C06C08B1FFF7D5
:10CB400097FFA06B08B1FFF701FFE56B1DB1204611
:10CB5000FFF7A8FFE56BE36C002B00F08980A36B67
:10CB6000002B76D0002D7AD0E36C002B00F086806D
:10CB7000A06B002800F082807C22002106F06CF877
:10CB8000E56CD0220021284606F066F805F1500039
:10CB9000EAF7FCFE05F19000EAF7F8FE05F138002F
:10CBA000F1F790FB05F14400F1F78CFBE56B4FF4D6
:10CBB000D262002105F5027805F51876284605F5BC
:10CBC0002F7706F049F84046F1F732FD3046F7F787
:10CBD0006FFB4046F1F73CFD3046F7F779FB05F572
:10CBE0004A763846F8F78AFE00213846F8F796FE6E
:10CBF0003046F9F7C9FD01213046F9F7D5FD00238C
:10CC0000264A281D2B70C5F800246B70ECF71EFC1B
:10CC100005F18000ECF798FF03222368C5F8C421D2
:10CC200093F8CC20920711D5E26B616CC2F8FC112D
:10CC300093F8CC3013F0010318BF022382F8EC31D3
:10CC4000636D1BB10022206D114698470020BDE89E
:10CC5000F0817C21012006F003F8A06382E74FF405
:10CC6000D261012005F0FCFFE06338B105467BE7A7
:10CC7000D021012005F0F4FFE06470E7284606F0BB
:10CC800027F8E06C06F024F8A06B06F021F80023EA
:10CC90000348E363E364A363BDE8F08151B9016035
:10CCA0000081FFFFF8B504460F46012042F64D1102
:10CCB000276005F0D5FFE06500284FD0054642F615
:10CCC0004D11012005F0CCFF0646C4F8AC00002849
:10CCD00040D097F8CC309B071ED400F1080E00F12D
:10CCE0000B0700F10D0205F10D0305F1080005F138
:10CCF0000B01C4F8B060606620462566C4F8B4E055
:10CD0000C4F8B870C4F8BC20C4F8C020A166E366BB
:10CD10002367BDE8F8400DE700F1030E00F10B07B3
:10CD200000F10D0205F10D03E81C05F10B01C4F83B
:10CD3000B460206620466566C4F8B0E0C4F8B870F8
:10CD4000C4F8BC20C4F8C020A166E3662367BDE830
:10CD5000F840EFE6284605F0BBFFE6650048F8BD61
:10CD60000081FFFFF8B50022436D04460D46426086
:10CD700013B11146006D9847E26D00230D32A36098
:10CD8000E360C4F8EC30C4F8F030C4F8F430C4F810
:10CD9000F830C4F8FC30C4F80031C4F80431C4F8E9
:10CDA000E8306367A367E36722670DB9C4F8805072
:10CDB000D4F8AC0000230026002700F10D0194F9FF
:10CDC000D020C4F88830A4F88430C4F8C010C4F867
:10CDD000A030C4F8A430C4F8A830C4F8C430C4F8F3
:10CDE000C830C4F8CC30C4E92467C4E926670AB166
:10CDF00084F8D030002342F64D1223641946636450
:10CE000005F02AFFCDB1A06C30B1FFF731FEA06C68
:10CE100005F05EFF0023A364606B30B1FFF796FD61
:10CE2000606B05F055FF002363630023C4F8DC301A
:10CE300055B12046BDE8F8407CE642F64D12294641
:10CE4000E06D05F009FFDEE7D4F8E00005F040FFF3
:10CE5000C4F8E050C4F8E4502046BDE8F84069E664
:10CE600000217FE710B50446FFF764FE80B9236810
:10CE700093F8CC309A0702D5A268032A09D0002281
:10CE8000012320466260A360BDE81040FFF742BC6A
:10CE900010BD13F0010F4FF00102E36B14BFC3F894
:10CEA000D421C3F8D821EAE7002850D038B5044689
:10CEB000D0F8AC0038B142F64D11F4F74FFED4F87B
:10CEC000AC0005F005FFE06D30B142F64D11F4F70E
:10CED00045FEE06D05F0FCFEA06C20B1FFF7C8FD3B
:10CEE000A06C05F0F5FEE36B8BB12046FFF7DAFD91
:10CEF000E06CFFF7BDFDA06BFFF728FDE06B05F0D0
:10CF0000E7FEE06C05F0E4FEA06B05F0E1FE606B6F
:10CF100020B1FFF71BFD606B05F0DAFED4F8D850A6
:10CF200055B1284605F08CFE01462846F4F716FE5A
:10CF3000D4F8D80005F0CCFED4F8E00005F0C8FE27
:10CF400020464FF48471BDE83840F4F707BE7047BF
:10CF500010B50446FFF7A6FDE06B05F0B9FE00230F
:10CF6000A06CE36320B1FFF783FDA06C05F0B0FE79
:10CF7000E26C0023A264E36410BD00BF38B583688F
:10CF80000446C26B012BD2F878562CD0606B38B1B6
:10CF9000826FA36B9A67FFF7D9FC606B05F098FE70
:10CFA00023680020A16B5A6A6163A06312B188688C
:10CFB00000B1EDB193F8CC309B070DD5E36BD3F8FE
:10CFC000F0314BB1636D1BB10022206D11469847C3
:10CFD00063680133636038BD2046FFF7B9FF6368BB
:10CFE0000133636038BD022200238260C360CDE755
:10CFF000986A90472368DDE710B50446C06B00F5DA
:10D000000270F1F725FBE06B00F51870F7F760F997
:10D01000E06B002100F52F70F8F780FCE06B012138
:10D0200000F54A70BDE81040F9F7BEBB2DE9F04F9E
:10D03000836BD9B0C66C054604933368C46B187A09
:10D04000EAF77EFC002800F0F08133688046587AC9
:10D05000F1F72CF98246002800F0E7816B69022B7A
:10D060002FDC934B934AC4F80C34934BC4F804243C
:10D07000C4F80834D4F8783653BBEB6BD3F88C265D
:10D08000012A00F0F080049B302204F2544904F29B
:10D09000144B2C33D4F810140292184606934023F4
:10D0A000864A0190484600935B46D4F80C74B84712
:10D0B00058B918AB05934FF409714846F4F74EFD83
:10D0C0000FE0032B00F07A817D4859B0BDE8F08F66
:10D0D000049B04F2144B04F254492C33069318AB0E
:10D0E00005935F460DF1200C3868103757F80C1C7B
:10D0F000E64657F8082C0CF1100C57F8043C4F4545
:10D10000AEE80F00F0D110AF0DF1200E0FCFCBF82D
:10D110000000CBF80410CBF80820CBF80C300FCF70
:10D12000CBF810004027CBF81410CBF81820CBF820
:10D130001C30BEE80F00C4F83404C4F83814C4F836
:10D140003C24C4F84034BEE80F00C4F8440408A8E6
:10D15000C4F848143946C4F84C24C4F85034F4F7E1
:10D16000FDFC4FF48072059B3021029201935B46D7
:10D1700000970698D4F80C44524AA0470028A4D13E
:10D1800039465846F4F7EAFC98F80120D8F80440EC
:10D1900002F0FD03E408082B746000F09780062A73
:10D1A00000F094800122514606F13800F1F7AAF808
:10D1B00000288AD10122514606F14400F1F7A2F875
:10D1C000002882D15046F1F7DDF8049B81465B6F61
:10D1D0007061012B00F03581024698F80130D8F8D3
:10D1E0000C10072BF16000F02281049B9B6F012B38
:10D1F000D8F8143000F03881B2FBF3F203FB0232AE
:10D20000B2606B69012B40F22D81023B012B3FF68E
:10D210005BAF03B2B268059C0A445B0005992044E9
:10D220003769746801EB030BB2602A6892F8CC206E
:10D23000D20700F11C8104EB030A059B07909A4476
:10D2400007B9F768059B3A460AEB040106F1180096
:10D25000049305F035FD39193A4606F1280051448A
:10D2600005F02EFD68E018AAD3F8043428461146CC
:10D27000059298476B69032B00F0AE802422049B33
:10D2800004F25449D4F810142C3300920E4A184674
:10D2900006933023019048460293059BD4F80C7402
:10D2A000B84700287FF411AF04F2144B03E700BF26
:10D2B00055BE0160B5B9016005BA0160DC450020CA
:10D2C0000094FFFFEC450020C445002000230C27FC
:10D2D0000A2A7361F76000F096800422082317463B
:10D2E000326131682A68097F11F0020F0CBF1021EA
:10D2F00008210B44B36092F8CC9019F0010900F0BA
:10D300008E80059A002392469946049204EB030B03
:10D31000059B9B44002F67D0059B3A460BEB04010D
:10D3200006F12800079305F0CBFC39193A4606F1BF
:10D330001800594405F0C4FC6B69002B7FF7C4AE9C
:10D34000B9F1000F52D12B68DC6D3CB1186E4B4621
:10D35000019775680699059A0095A04706F1500453
:10D3600041462046EAF726FB00287FF4AEAE903611
:10D3700041463046EAF71EFB00287FF4A6AE594628
:10D380000123D8F804202046EAF740FB00287FF468
:10D390009CAE03465146D8F804203046EAF736FBE7
:10D3A00000287FF492AE98F80130022B4CD00598FB
:10D3B0004FF48071F4F7D2FB002086E633685B7A85
:10D3C000072B22D02B4B2C4AC4F80C342B4BC4F81F
:10D3D0000424C4F808344DE6EB6C1B685B7A072B19
:10D3E00014BF202230224AE7F76895E704994A469D
:10D3F00006F13800F0F7FEFF4A46079906F14400AF
:10D40000F0F7F8FF9FE737616BE71D4B1D4AC4F843
:10D410000C341D4BC4F80424C4F808342AE6059AD9
:10D4200002EB040A079293460CE718484DE603B254
:10D43000B26005995B0074680844376901EB030B1F
:10D44000F3E60A227261C8E620460421EAF702FBED
:10D4500000287FF43AAE30460421EAF7FBFA0028B0
:10D46000A5D032E603B2E4E71344B360C9E6049002
:10D47000DA464BE70DBE0160A9BA0160D5BA01607A
:10D4800031BE016055BB016081BB0160008FFFFFB1
:10D490004368102B10B5044607D0C36B8BB1D3F88B
:10D4A0000034D0F8A020016F9847236893F8CC305F
:10D4B0009B0706D5E36B23B1D3F8D8210132C3F81B
:10D4C000D82110BD70B5C569002D47D00446D0F8ED
:10D4D000CC0050B936E0D4F8CC108142A1EB00006A
:10D4E00032D3C4F8CC00A8B1E56923680246D4F869
:10D4F000C81093F8CC30091AD4F8B46013F0020FB6
:10D50000A06A0CBF05230D2319443144A847002805
:10D51000E1DC70BD082107E0D4F8B050AB5C01330A
:10D52000DBB2AB5493B9D1B223684A1E93F8CC3026
:10D5300003F00203994203F0FF05EDD805B1022084
:10D54000814209D0002070BD054870BD236893F862
:10D55000CC309B07F6D5F2E7024870BD024870BD9B
:10D560000094FFFF8094FFFF008FFFFF03682DE909
:10D57000F04F93F8CC309DB00446D0F8C8609A07BD
:10D5800043D5C76B002F00F0FA8197F8EC31D0F843
:10D59000C450012B2ED0162D2CD1D4F8C0301D78BC
:10D5A0001DB1E26B002A00F09E80321F100C110AA0
:10D5B0005870D4F8C0309970D4F8C030DA7023684D
:10D5C00093F8CC309B0700F19F81002D00F0A582DD
:10D5D000E36B3246D4F8C0102046D3F800349847A5
:10D5E000236893F8CC309F0740F19782E76BD4F81B
:10D5F000C45047B197F8EC31012B04D025F0020359
:10D60000142B00F0D281EBB204E0D0F8C430162B1A
:10D61000C3D0DBB2D4F8B42013702368206993F828
:10D62000CC3061699D07D4F8B42000F1AE81507010
:10D630009170D4F8B830320A1A70D4F8B8305E70ED
:10D64000656C002D00F0AC80216B00294BD02A6D59
:10D65000D4F8C830002A00F0A281B3F5205F92F818
:10D6600001801E4600F29F81B8F1070F00F0AB80E9
:10D67000B8F1020F00F08D8108F0FD03082B40F097
:10D680007981002310AF0A932A68BE46D4F8B030DF
:10D69000127F1868596812F0020FEB68226808BF01
:10D6A0004FF01008099318BF4FF0080894F8C430E1
:10D6B000D5F81090AEE803008DF8483092F8CC20F1
:10D6C00020699307616900F1BD81DDF824E08DF8E0
:10D6D00049008DF84A10320ABEF10C0F8DF84C60EB
:10D6E0008DF84B2003D0C9481DB0BDE8F08FD5F8A8
:10D6F00010A0BAF1040F00F0B681BAF10C0FF2D10C
:10D700002A46D4F8B0100DAB0DF1370E52F8180FB1
:10D7100001F1FF3C0B930DF13F0B5168926807C379
:10D72000099B1EF8011F1CF8012FF34582EA010234
:10D730008EF80020F5D10993099B0DF1300CD4F837
:10D74000C0E005F15000C9EB0303CDF818800EEBE3
:10D75000060B02969A193B460D270B99C4F8C82070
:10D760005246CDF80CE0CDF804E0CDF814B0CDF879
:10D7700010C00097EAF7F6FB0028B5D10C9BB34226
:10D78000B1D1D4F8C8300A9A4344C4F8C830002A4A
:10D79000A9D1D4F8B820190A1170D4F8B820537060
:10D7A00023682046D4F8C82093F8CC3013F0020F39
:10D7B0000CBF05230D231344C4F8CC30FFF782FEC1
:10D7C0001DB0BDE8F08F6369002B8CDD05F13800DA
:10D7D0000822D4F8B01010AFF0F782FE606C03227C
:10D7E000D4F8B4103830F0F77BFE606C0222D4F825
:10D7F000B8103830F0F774FE606CD4F8C820D4F854
:10D80000C0103830F0F76CFE606C39463830F0F7F5
:10D810007BFE606C3830F0F7ADFED4F8C820636C46
:10D820003946D4F8C00010445A6905F049FA656CCD
:10D83000D4F8C86008F0FD026B69082A3344C4F8C4
:10D84000C8301E4600F06681B8F1060F00F0628114
:10D85000B8F1020F7FF447AF01260022581C0D9249
:10D86000ED68B0FBF5F105FB1100281A854200F0C8
:10D87000C780C5B201E0D4F8C830D4F8C0100B445A
:10D880009D5401329042F6D2D4F8C85063690135F4
:10D89000012B0544C4F8C85040F3D0802268636C63
:10D8A0009569D06903F11801DA68A84700287FF468
:10D8B0001BAF616CD4F8BC00CA68183105F000FADF
:10D8C000606CD4F8C850C268D4F8C0302A44C4F898
:10D8D000C8200DA9C2680193029100F118010095BA
:10D8E0005030EAF713FB00287FF4FEAE0D9B9D42FB
:10D8F0007FF4F9AE6369012B40F3AD80002E00F098
:10D90000CA80D4F8C83044E7D4F8C830C3F52053EF
:10D91000072B48D9D4F8C0000836011D0C3005F09B
:10D92000ABF9D4F8C8300833C4F8C830002D71D032
:10D93000E36B0022D4F8C010D3F8D4311B0A0B716A
:10D94000E16BD4F8C030D1F8D4115971E06BD4F840
:10D95000C010D0F8D4310133C0F8D431CA800A7273
:10D96000D4F8C0301A4632F8011F9278A3F8091093
:10D97000DA722DE6B8F1060F3FF483AEB3E6D0F8C5
:10D98000C450162D3FF409AE3DE60132FEF76AFBA6
:10D990004FE68A6F002A3FF416AF00265DE7B3F525
:10D9A000205F7FF6A0AE1A489EE61021012005F008
:10D9B00057F98046002800F0AB80D4F8C8900120C9
:10D9C000494605F04DF9C8F80000002800F09D8098
:10D9D0004A46D4F8C01005F073F90022EBB2C8F83B
:10D9E0000490C8F80C2088F80830D7F8F01109B96D
:10D9F0004EE01146CA68002AFBD1C1F80C8009E646
:10DA0000D4F8C0101046CA543EE700BF0094FFFF90
:10DA1000008FFFFFD4F8C0301D71D4F8C0305D71A5
:10DA2000D4F8C030DD801D72D4F8C0301A4632F808
:10DA3000011F9278A3F80910DA72D1E5D4F8C0304A
:10DA4000606C46E70DF14902FEF70CFBD5F80CE0DF
:10DA5000D4F8C8603FE6606CC26800F17801183005
:10DA600005F02EF94AE7D4F8B0200EAEA8690DAB48
:10DA70000D90106851680B9303C6D4F8BC10106861
:10DA8000526808604A60D4F8C860D5F80CA053E624
:10DA9000C7F8F081BEE5D4F8B01010ABD4F8B4608C
:10DAA0000D220868D4F8C8504968676C03C32B0A74
:10DAB000B6F800E0B67810A907F13800ADF848E0F4
:10DAC0008DF84B308DF84A608DF84C50F0F708FD1A
:10DAD000606CD4F8C820D4F8BC103830F0F700FDE2
:10DAE000D4F8C830D4F8BC10606C19443830F0F762
:10DAF0000BFD606C3830F0F73DFD626CD4F8C83037
:10DB000052691344C4F8C83043E6404605F0E0F8D3
:10DB10000348E9E501230A93B6E594F8C43079E5B2
:10DB20000081FFFF02680146D2F8B430002B10B428
:10DB30000EDB04201624D1F8C0300022C1F8C80042
:10DB40000846C1F8C4401A705DF8044BFFF70EBDDB
:10DB5000D2F8B030D2F8AC20B3FBF2F201324FF081
:10DB6000010303D001335208DBB2FBD1CA68013292
:10DB70009A42CA60DDDD00205DF8044B704700BFAB
:10DB8000A0B170B4046874B1D0F8C0401526022565
:10DB9000C0F8C460C0F8C8502170D0F8C0305A70C6
:10DBA00070BCFFF7E3BC024870BC70470048704788
:10DBB000008FFFFF28220221FFF7E2BF20B3026897
:10DBC00012B392F8CC20D20714D54268102A1BD188
:10DBD0000321D0F8CC208160A2B9D0F8C01030B4B5
:10DBE00004251624C0F8C850C0F8C4400A7030BCE0
:10DBF000FFF7BCBC8268012A08D04368102B03D110
:10DC0000FFF730B9FFF75EBC01487047FEF782BDF1
:10DC1000008FFFFF90E80A00102B91F8CC2001D074
:10DC2000002070478368032BFAD091F8CD309B0613
:10DC3000F6D5B8312DE9F04102F002060446006E37
:10DC4000C6F108078D1930443A46294604F0ECFF26
:10DC50008046D4F8B00029463A46304404F0E4FF48
:10DC6000B8F1000F04DC002802DC0020BDE8F081E0
:10DC70002046BDE8F041FFF7A1BF00BF70B51446D4
:10DC80000E460546FEF700FDA04205D22B6893F82C
:10DC9000CC309B071BD40446D5F8CC3083B917236E
:10DCA000C5F8C84031462246C5F8C430D5F8C00092
:10DCB00005F006F82846FFF759FC38B9204670BD34
:10DCC0002846FFF7FFFB0028F8D070BD70BD014863
:10DCD000FBE700BF008FFFFF002846D0036870B548
:10DCE0000446E3B116460D46FFF794FFC0B96368DA
:10DCF000102B04D02046FEF70DFD002834D12368F8
:10DD000093F8CD30DB0604D5012E02D96369012BCF
:10DD100007DD324629462046BDE87040AEE714488C
:10DD200070BD636C13F1500FF3D01B6D002BF0D05E
:10DD30005B78022BEDD194F9D0304BB90122294602
:10DD40002046FFF79BFF0028EADD012384F8D0304E
:10DD5000721E691C2046FFF791FF0028E0DD0023BA
:10DD6000013084F8D03070BD70BD0148704700BFED
:10DD7000008FFFFF70B1026862B1D0F8CC2022B9E9
:10DD80004368102B03D010467047FFF79BBB01215F
:10DD9000FFF7F6BE00487047008FFFFFF8B5C36C71
:10DDA0001B689A7A0B2A3BD90268064692F8CC3057
:10DDB000DB0740D5C36B002B6ED0D3F8C051002DCC
:10DDC0006AD02B68002B69D02D68002D40D06C687C
:10DDD00042F2F6739C4220D80723D6F8C020210CCB
:10DDE000200ADF1CD1542246D6F8C01019444870CE
:10DDF000D6F8C0100B449C70D6F8C000A96838440F
:10DE000004F05EFF42F2FD723B19D5F83051D21A90
:10DE1000002D3AD06C689442DFD9244A1046F8BDF0
:10DE20004FF41663D340DA07BED5436800220133AE
:10DE300043601046F8BDD0F8D430002BF5D0C36B4A
:10DE40001BB1D3F8C051002DBED1956E002DBBD1B2
:10DE500007232F462846D6F8C02016240B21107120
:10DE60003046D6F8C0205771D6F8C0209571D6F844
:10DE7000C020C6F8C830C6F8C440117073680133BA
:10DE80007360BDE8F840FFF771BBDD1FC5F30740C5
:10DE9000C5F30727EDB2DEE7956E0DB9044AC8E772
:10DEA00029680029FAD0002BCBD18DE7008BFFFF2A
:10DEB000808AFFFF10B401221424D0F8C010C0F8EB
:10DEC000C440C0F8C8200A7042685DF8044B0132B3
:10DED0004260FFF74BBB00BF4369022B08DD4B7A62
:10DEE000072BC36B0CBF054A054AC3F800247047D3
:10DEF000C36B044AC3F80024704700BF49BB0160EC
:10DF00009DBA016091B901602DE9F047C56B84B0FD
:10DF100007688046D5F8B89105F2544305F5CF66F9
:10DF2000D7F89420D7F89840B9F1000F7BD0D5F8F6
:10DF3000BC4105293AD007294ED0062958D00829D6
:10DF400073D1FB6905F2564A03A905F180000193DC
:10DF50005246BF69CAEB06030097EBF7DDFE10BB24
:10DF6000039B190A0AEB030285F8553485F854140B
:10DF7000B31A012B53DD1346210A03F8021B9E42FC
:10DF800054704CD3F61AB44249D822461846494632
:10DF900004F096FED8F83C200444002002F25443DA
:10DFA000E41AC2F8104404B0BDE8F087F31A012B5C
:10DFB00035DD05F25647230A85F85544BE4285F8FB
:10DFC00054342CD3F31B9C4229D8224600213846D6
:10DFD00004F042FE3A19CBE7F31A012B1FDD0021B2
:10DFE000302305F2864285F8541485F85534BFE78E
:10DFF000FA6905F2564A03AB281D01925146BF69E2
:10E00000CAEB06020097EBF78DFB0028CBD1039AF1
:10E01000130A85F85524524485F85434A8E7044877
:10E0200004B0BDE8F087914683E70248BBE700BF34
:10E03000008FFFFF0094FFFF10B501210446F1F7A8
:10E0400039FF08B1012010BD20460421F1F732FF4D
:10E05000002814BF0320002010BD00BF022807D0F5
:10E06000042805D0A0F10100B0FA80F04009704703
:10E0700003207047012803D003280CBF0420002090
:10E08000704700BF0138C0B2052802D8024B185CA7
:10E0900070470020704700BFF405002003380528B2
:10E0A00002D8024B185C704700207047FC05002026
:10E0B0004369032B05D104290BD0052903D002297C
:10E0C0000DD00A487047C36B0020094AC3F80424E6
:10E0D0007047C36B0020074AC3F804247047C36B22
:10E0E0000020054AC3F80424704700BF009AFFFFD0
:10E0F00055BB0160A9BA0160B5B9016003689A6FA8
:10E1000052B1137843B1994202D108E08B4206D054
:10E1100012F8013F002BF9D14FF0FF30704700207B
:10E12000704700BF03685A6F52B1136843B19942F8
:10E1300002D108E08B4206D052F8043F002BF9D1FF
:10E140004FF0FF3070470020704700BF012A70B5C4
:10E150001D46064611D0802103F090F9C0B12B680E
:10E160004FF0FF341B4943F400632B603046082214
:10E1700003F08EF9F8B9204670BD897A0A290AD9C8
:10E180000021304603F07AF9E0B904461249EDE780
:10E1900004461049EAE78A4012F0820F07D112F4D0
:10E1A000C06F06D112F01C0118BF8021E9E72021C1
:10E1B000E7E70821E5E72B684FF0FF3443F480538D
:10E1C0002B60D8E72B684FF0FF34034943F400631A
:10E1D0002B60CBE74C2600203C210020012A04D0F4
:10E1E0001870597030B430BC70471A46FDF73ABF0A
:10E1F000012A04D01A7802605B780B60704710B473
:10E2000040F201121C78121B02605A78C2F580732A
:10E21000012B03D00B605DF8044B704740F20113F3
:10E220009B1AF7E7026838B5D2F8AC200446C36BF6
:10E23000456DC3F8E8211DB19108006DA847E36B57
:10E24000A26F162A03D0022283F8EC2138BD226F78
:10E250001278142AF7D1032283F8EC2138BD00BFCD
:10E260004369012B70B5044640F38D80C26CD0F831
:10E27000BC001169D3685B1AC118C4F8C0102268C9
:10E280000431E36B204692F8CC20D3F8083402F036
:10E29000010298476369D4F8C05004F1F000002BE4
:10E2A00005F1040115BF0C22242210262826C4F8EB
:10E2B000EC2004F005FD16221423C4F8C860C4F84D
:10E2C000C4202B70E26BD2F878362BB3216891F81A
:10E2D000CC30DD0705D40F23636091F8CC30D8072C
:10E2E00020D50A23636091F8CC3003F0020303F0D9
:10E2F000FF01EBB9D4F8B03019605960E16CA26B42
:10E3000023686164226393F8CC309B0733D42046A2
:10E31000BDE87040FFF72AB994E80A000133636052
:10E3200091F8CC3003F0020303F0FF01002BE1D0A1
:10E33000D4F8B0100023606CC2F8FC01086849688A
:10E34000C2F80002C2F80412D4F8B020C2F80230B9
:10E35000D380D4F8B02053780133DBB25370002B54
:10E36000CCD1D4F8B02013780133DBB21370002B7A
:10E37000C4D1074870BD2046FFF754FF2046BDE8D2
:10E380007040FFF7F3B8D0F8BC10C0F8C01076E7C3
:10E390008094FFFF38B5C36B0446D3F8F001FDF756
:10E3A0004FFCE36B0022D3F8D811C3F8F021C3F877
:10E3B000F421656DC3F8F8111DB11146206DA84711
:10E3C000E36BA26F162A03D0002283F8EC2138BD3C
:10E3D000226F1278142AF7D1032283F8EC2138BD7A
:10E3E00038B5C36B054693F8EC21012A1FD0D3F84A
:10E3F000F021C3F8F421FDF733FCEB6B012283F825
:10E40000EC21EB6B13E06268D5F8C00004F058FC17
:10E410006368E2682846C5F8C830EB6B217AC5F816
:10E42000C410C3F8F421FFF7A1F880B9EB6BD3F85F
:10E43000F4416CB1237A2168162BE4D10B78142BAC
:10E44000E1D12846FDF70CFC2168DCE7184638BD11
:10E450006A68102A0DD0022283F8EC216B6D002B24
:10E46000F4D0EA6B286DD2F8E8219108984720464D
:10E4700038BD0322204683F8EC2138BD01682DE920
:10E48000F04791F8CC30C76F9C0703D50B2F3AD9D2
:10E490000C2402E0032F36D90424056FAA786B7888
:10E4A0001202EE7842EA034333431E19C0F8A0601B
:10E4B00091F8CC3099071FD52A7904466B79D0F8AA
:10E4C0003C8043EA0223B8F1000F00F0F480426878
:10E4D000102A1ED0D8F8D82193421DD0D8F8F821A0
:10E4E000013A934212D12B78032B0FD02046FFF72D
:10E4F00077FF58B1BDE8F0879F4BB74234BF18464D
:10E500000020BDE8F0879D48BDE8F0879C48BDE845
:10E51000F0872A78012AE1D1B74280F01B81A6F169
:10E520000C07D8F8E491B9F1000F00F0E88004225C
:10E530002946484604F078FB0028E4D1EA7909F13D
:10E540000C00AB7A95F806A012026E7A1B0242EA22
:10E550000A4295F808A043EA0643EE7A42EA0A0A1C
:10E5600000EB07091E430AEB0603BB42CBD806F1BA
:10E570000C08E36F9845C6D8324605F10C015044AB
:10E5800004F09EFB0AF00702C2F10803002A76D0CD
:10E590009E424FEADA0064D866B19E1B19F800204B
:10E5A000012505FA06F101360A439E42D2B2F8D19E
:10E5B00009F80020F8080ED099F80030FF2BA5D1FB
:10E5C00009F1010309EB000103E013F8012BFF2A15
:10E5D0009CD18B42F9D117F007070FD019F8001022
:10E5E000CB0993D0C7F10707062301E0D2078DD5E9
:10E5F000BB4241FA03F203F1FF33F7D1E36F9845D1
:10E600007AD3D4F88020D4F888108A4216D9266F9D
:10E61000521AD4F8A00042F64D15636E3044E66DF0
:10E620001944C71A9B1BED1AD319C4F88870AB4262
:10E63000C4F8803000F2978004F01EFBE36BD4F83E
:10E64000A020D3F8E411206F04F03AFBE36BD3F879
:10E65000E40104F03DFBE36B0020C3F8E401BDE8F6
:10E66000F0879A44F61A19F800200125013B05FAB3
:10E6700003F10A43D2B2002BF8D109F8002016F0BA
:10E68000070311D006EB0A05C3F10802F61A0120B0
:10E69000ED0819F8053000FA02F101320B43082A9F
:10E6A000DBB2F8D109F80530F208FF2109EBDA00F6
:10E6B00004F0D2FA7EE7B7421ED303223149A81DE7
:10E6C00004F0B2FAC0B90322691C05F1090004F094
:10E6D000ABFA58B9B8F1000F3FF40CAFD8F8E49199
:10E6E000B9F1000F42D0A6F10C0720E7A6F10C0704
:10E6F000B8F1000F7FF415AF1F48BDE8F087B6F5FD
:10E70000205FF9D817F007034FF0010006EBD7019F
:10E7100018BF0346194404F0A3FA0346C8F8E401FD
:10E7200030B328681860AA889A80D8F8E431A3F832
:10E73000069083F80890E36BD3F8E4311A4632F878
:10E74000011F9278A3F80910DA72E36B256FD3F8F2
:10E75000E491F3E603220B49A81D04F065FA0028B2
:10E760007FF4DDAEAFE70848BDE8F087BDE8F0878D
:10E770000648BDE8F08700BF808FFFFF008EFFFFD7
:10E78000809AFFFFA40500200096FFFF0081FFFF95
:10E79000836F162B10B5044622D0152B0ED023689C
:10E7A00093F8CC3003F0020303F0FF002BB1E06BD1
:10E7B00018B16368102B19D0002010BDE36F022B35
:10E7C00019D1226F1378022B17D0012B01D00D48DD
:10E7D00010BD53789BB1642B0A4808BF002010BDC0
:10E7E000FFF74CFE0028E8D1A36FD6E72046FEF7DE
:10E7F000AFFB002010BD044810BD044810BD044804
:10E8000010BD00BF8099FFFF008EFFFF8088FFFFD3
:10E810008087FFFF036A2DE9F041002B00F0BC80E8
:10E82000456E42F64D13C26DAA1A9B1A8B42C0F078
:10E83000B78003680F46044693F8CC309A072FD46C
:10E84000D0F88060B14230461FD880E0D4F88060B4
:10E85000D4F82480B8F1000F00F08B8023682A469A
:10E86000616ED3F8A8303144A06AC047002800F098
:10E8700089807CDB8542C0F09680D4F8806030448B
:10E880008742C4F88000064661D9A36D3D1A002B6B
:10E89000DED0206D98470228D8D14948BDE8F081E4
:10E8A000436D002B7CD0836D002B79D0D0F888107D
:10E8B000D0F8802049B1914275D8521AC0F8802012
:10E8C000002A62D10023C4F8883097423FD9002A39
:10E8D00069D1A36D13B3206D984702281ED1636DD3
:10E8E0001BB10022206D114698476368102B31D070
:10E8F000E36B2168D3F8E821D1F8B0108A42CCD27A
:10E90000500081425AD3824258D8C3F8E8012046C9
:10E91000FFF766FD58BB2B48BDE8F0816368102BFC
:10E9200044D0E36BD3F8E831616E42F64D12E06DEE
:10E93000656A081A121A002D3CD0A06AA84708B3CD
:10E9400010F5D04FCBD0002811DBC4F88000002098
:10E95000BDE8F081236893F8CC30DB079DD5A36830
:10E96000032B9AD12046FFF7DDF80028D3D0BDE86D
:10E97000F081616E2A46236A3144A06A98470028D4
:10E980007FF477AF1048BDE8F0812944284604F0B1
:10E9900073F9D4F8802095E7436A002B7FF440AFE9
:10E9A0000A48BDE8F0810A48BDE8F0812368D3F841
:10E9B000A830B9E7236AA06A9847C0E70846A4E7E9
:10E9C0000098FFFF0097FFFF808DFFFF008FFFFF84
:10E9D0000094FFFF036893F8CD3003F00803002B89
:10E9E0005FD0016E00222DE9F00F8C7884B00025F5
:10E9F00016462302CC7991F804A01643CF784FEA4B
:10EA00000A684FEA1A2991F805A01F43CDE902458B
:10EA1000DDE9024534433D4344EA080445EA09057B
:10EA2000A0464FEA1A44A94601944FEA0A4491F8D5
:10EA300006A000944FEA1A674FEA0A26DDE900456E
:10EA4000D0E924AB45EA090544EA080445EA070988
:10EA500044EA0608CB4508BFC2451DD3BAEB0806F9
:10EA60006BEB0907002F08BF402E1ED2D0F89C4048
:10EA7000C6F12001D0F89830A6F1200204FA01F185
:10EA800023FA06F024FA02F20843104340F3000090
:10EA900004B0BDE8F00F7047104604B0BDE8F00FB9
:10EAA000704703F0FF02104670474FF0FF30EFE76A
:10EAB000036893F8CD301B0761D5016E00232DE963
:10EAC000F00F8A7884B0CF7800241502CA7991F8C3
:10EAD00004A026462F434FEA1A2926434FEA0A6824
:10EAE00091F805A0CDE90223DDE902233B4332433F
:10EAF00043EA090342EA080299464FEA1A4390465C
:10EB000001934FEA0A4391F806A000934FEA1A676F
:10EB10004FEA0A26DDE90023D0E924AB43EA0903E2
:10EB200042EA080243EA070942EA0608CB4508BF61
:10EB3000C24525D2B8EB0A0A69EB0B0BBBF1000FFB
:10EB400008BFBAF1400F3BD2D0F89830AAF12006A6
:10EB5000D0F89C20CAF1200103FA06F603FA0AF461
:10EB600002FA0AF523FA01F144F0010435430D439A
:10EB7000C0E92645C0E9248904B0BDE8F00F70471C
:10EB8000BAEB080A6BEB090BBBF1000F08BFBAF137
:10EB9000400FF1D20121AAF12005CAF1200401FAA7
:10EBA00005F301FA0AF221FA04F42343D0E92645D9
:10EBB00022432B43C0E9262304B0BDE8F00FDEE773
:10EBC00001220023C0E92623D4E700BFD0F8A0101B
:10EBD0002DE9F04F04469DB0C9B1456F002D40D1DD
:10EBE000C26F91423FD3C567C0F8A050236820464A
:10EBF00093F8CC3013F0020F0CBF05210D21FFF765
:10EC000009FE58B1054628461DB0BDE8F08F436F98
:10EC10002BB3002528461DB0BDE8F08F636EA26EB1
:10EC20001E782068A6671578527842EA0525E567C0
:10EC300090F8CCE01EF0020F40F0CF8159789F7819
:10EC4000A6F11402032A1AD91EF0020F00F0A981BE
:10EC50000023724DC4F88830C4F88030DAE7C36707
:10EC6000C4E76F4DD6E7521A006FE267014404F023
:10EC700003F8E36FC4F8A050002BCAD1B6E72369AC
:10EC80008B4240F0D58190F8C930BB42C0F2D081B0
:10EC9000E76D42F64D12216FC91B521A954200F2E0
:10ECA000C7810EF0020202F0FF03002A40F0BC8090
:10ECB000226C002A00F0428292689542C0F04382A2
:10ECC0006169002904DD02F52452954200F23B827D
:10ECD000002B20460CBF05210D212944FFF79AFD8A
:10ECE00000288FD1226892F8CC3003F0020303F0A1
:10ECF000FF01002B00F06E81E36F0D33C4F8883004
:10ED0000256C002D00F05D81E06A002800F025826E
:10ED1000D5F89030002B00F01B82E76FAE68597871
:10ED2000B742C0F0798101F0FD03082B00F0638148
:10ED3000A1F10603B3FA83F35B09002B40F05B817A
:10ED4000022940F00A8261690B93012940F30E8287
:10ED5000EB68194619448F42C0F05E8169694E1C08
:10ED600033449F42C0F05881836FD4F87080012BE8
:10ED700000F07C8338464FF00009EA68B0FBF2F6F9
:10ED800002FB1606002E40F017826369012B11DD8D
:10ED9000801ABF1AE0676AB130463146E36E0D440F
:10EDA00001311B5CC9B285F82830256C0846EA6839
:10EDB0009142F3D30BA9434605F19000029105F16E
:10EDC00028018DE88001E9F7A1F8002840F0B3811F
:10EDD0000B9B9F4200F006822268114D92F8CC30C6
:10EDE0009E0740F11B8125F0800313F5E44F7FF46B
:10EDF00011AF63680B2B00F011810D2B00F00E8119
:10EE0000D2F8C020002A3FF423AFA36901339A420D
:10EE1000A3613FF61DAF034DFCE600BF809AFFFFE4
:10EE20000094FFFF808EFFFF216EB4F884C091F83C
:10EE300000804A7842EA0822624500F099811EF07B
:10EE4000010F00F014816368102B08BF162E40F0EC
:10EE50000E81002A40F00B81D4F880300D2B40F257
:10EE600006817A7B012A40F00281D0F84480856CCB
:10EE7000B8F1000F00F0F882002D00F0F5823C2B75
:10EE800040F26D813A78162A40F06981FA78002ABA
:10EE900040F065813A79002A40F06181FA7C002ACD
:10EEA00040F05D813A7D002A40F059817A7D002A48
:10EEB00040F0558197F83B10A3F13D02914200F2DA
:10EEC0004E817A183C3B92F83C209A4200F24781EE
:10EED000D0F84CA03D31D4F8E0B0D4F8E4903944F7
:10EEE00050465B46CDF80090D4F8AC60A8470028A7
:10EEF00000F0A68039685B467A685046FD684FF09E
:10EF0000030AD7F808B04FF0FE0CF5604FF0FF0E83
:10EF1000316006F11C057260C6F808B039697A697B
:10EF200031611CA9726106F520523F7E86F80DA062
:10EF3000377686F819C086F81AE0CDF8009041F8C7
:10EF4000305DC047002840F03481109A9F4D921BDD
:10EF5000D1B2A2F11903A2F10D07A1F11C0EA1F18A
:10EF600019000D393F0AC0B286F81BE03173C3F3B4
:10EF70000741C3F3072330763074B175B173F3756D
:10EF8000F373F772E369D4F8AC10A06A984723686A
:10EF900093F8CC3003F00203DBB2002B3FF43AAE1F
:10EFA00056E60A2202212046894DFEF7E9FD236834
:10EFB00093F8CC3003F00203DBB2002B3FF42AAE0F
:10EFC00046E692F8CC309B077FF523AE2046FFF74C
:10EFD0006FFD1EE6C4F8801092E69A7840F20111A7
:10EFE0005B78C2F58077C91A012F7FF429AE40F211
:10EFF0000117BF1A24E62968EB68087F296910F019
:10F00000020FA3EB01030CBF4FF010084FF00808EC
:10F0100003EB08018F4230D26E4DDFE615F5E34F6A
:10F020007FF4F8AD204614220221FEF7A9FDF1E598
:10F030000EF00203664DDBB2002B3FF4EBAD07E6AA
:10F0400001212046FDF78EFE002800F06382236830
:10F0500093F8CC309F077FF5D5AD10F5CF4F05461F
:10F060003FF4D8AD15F5CE4F7FF4F2ADE56F05F165
:10F070000D03594DC4F88830CCE5FE1A216E0DF110
:10F080004009A76FC8EB06064B46E6670868496863
:10F0900003C38DF8487092F8CC30276F9B07206926
:10F0A000616900F18C8033468DF849008DF84A1073
:10F0B0001A0A8DF84C308DF84B20EB680C2B7FF43E
:10F0C0008BAE2B69042B00F028820C2B7FF484AECE
:10F0D00055F8280F0DF1300C236E6968E246AA68D6
:10F0E00003F1FF3E0DF13B050DF13303AAE80700E4
:10F0F00013F8011F1EF8012F9D4282EA01021A70C7
:10F10000F6D1206C0BAA07EB060E0D2504924B4698
:10F11000CDF8188061460397903002960C22019733
:10F12000CDF814E00095E8F75DFF002800F0EA81D3
:10F1300010F5C64F40D0054622684FE66A1EB2F56C
:10F14000205FFFF4C5AD224D002B3FF463AD7FE59A
:10F15000AB68E76F9F42FFF45FAF204D3EE6204D66
:10F1600090F8CC3098077FF555AD7BE7E968F1E57D
:10F1700020460993FFF72EFC00287FF478AF142E69
:10F18000099B0ED0172E7FF493AD6268102A3FF4CE
:10F190008FADA16801297FF46AAF022A3FF488ADE0
:10F1A00065E762680C2A3FF483AD0A2A3FF480AD1C
:10F1B0005DE70A4D2068D3E72268064D0EE60DF1A3
:10F1C0004902FCF74FFFE36F72E700BF8095FFFF36
:10F1D000008EFFFF808EFFFF809AFFFF0094FFFFED
:10F1E0000087FFFF6269012A40F3A181D4F87CE027
:10F1F00089F00109206F216C00EB0E03D1F814A0F7
:10F2000013F8017C013707EB0A039E4580F08081EB
:10F21000B9F1000F00F07C8100231F46002A7FF720
:10F22000DBADBE4534BF4FF0000803F00108C7EB6B
:10F230000E020AF52053002507F1FF3C01219A42F6
:10F240008CBF4FF0000808F001082B4608FB0202B3
:10F25000501E10F8012FBB422CBF002101F001010C
:10F260000133CCEB0202B3F5807FB2FA82F24FEAAF
:10F27000521201FB0255ECD1AF4214BF002508F039
:10F2800001056B025B1B1F40C7EB0E03E367B9F17F
:10F29000000F00F0A280CAEB0303A26E190AE36715
:10F2A0001170A36EE26F5A706369002B40F3708196
:10F2B000206CE36F026807EB0308527AB8F5807F91
:10F2C000A2F1030288BFA8F58076042A00F26081CB
:10F2D000DFE812F0C300C3005E01C30005001D3368
:10F2E00008F11D02DB09C3EBD2134FEA052A0822FD
:10F2F000216E4430C5EB0A0A0AEA030AEFF7F0F878
:10F30000206C0322616E4430EFF7EAF8206C022291
:10F31000A16E4430EFF7E4F8206CE26F4430216FC7
:10F32000EFF7DEF8226FE36F1344002F00F018812F
:10F330001F44002213F8011BBB4282EA0102F9D1EB
:10F340000DF14009206C8DF830200AF1010A494680
:10F3500044309DF83030EFF7D7F80027206C0137A4
:10F36000216F4430EFF75AF95745F7D1206C4430FC
:10F37000EFF700F9236C206F5A69811908EB02033B
:10F380009B1B07D0CE18002311F8017B7B40B142B4
:10F39000DBB2F9D100218DF82C30E36F9DF82C60A1
:10F3A0008DF82B1082B11A44C618024416F8011BBE
:10F3B00019F8010B9DF82B70964281EA000141EA91
:10F3C00007018DF82B10F1D19DF82B20D2B2002D22
:10F3D00000F0C380002A40F0C080002B40F0B080D5
:10F3E0006269032A00F0CA80D4F8A4200132032AFB
:10F3F000C4F8A4203FF7E0AE206890F8CC20920734
:10F4000019D4082208E0216E4B5D0133DBB24B5565
:10F41000002B40F09980EAB22068551E90F8CC107D
:10F4200001F002018A4201F0FF03ECD89A4200F099
:10F43000AC80E36F2068B3F5205F02467FF6C1AD74
:10F4400090F8CC30990705D563680D2B02D00B2BB3
:10F450007FF4D6AC4F4DFFF7DDBB153308F1150235
:10F460009B09C3EB921340E74B4D79E67F1A216E5F
:10F47000626E0CABE7673E0A0868496803C393787D
:10F480000CA9B2F800E005F144000D228DF83A30E5
:10F49000ADF838E08DF83C708DF83B60EFF720F860
:10F4A000206CE26FE16E4430EFF71AF8206C10A97F
:10F4B0004430EFF729F8206C4430EFF75BF8256C07
:10F4C0000021E26E6B698DF82A10E06F93B103445E
:10F4D00010AE111802EB030E11F8013B16F8012BC8
:10F4E0009DF82AC0714583EA02034CEA03038DF8B4
:10F4F0002A30F1D19DF82A30002B7FF45DAE4FF019
:10F5000001093AE40B9B9E427FF466ACE36F64E72B
:10F51000012383E6214DFFF77DBBA86A0DABE26EA8
:10F520000DF1300C0C901068516803C3E9E5206CB4
:10F53000C26800F1B801283003F0C2FB626955E6E9
:10F540000022C4F8A42057E7206890F8CC309B072D
:10F5500001D4E36F6FE7022368E7114D22683DE4B1
:10F560000DF14009206C8DF830700AF1010A49460E
:10F5700044309DF83030EEF7C7FFEEE6A26F172A51
:10F580003FF432AF2268034D28E40246054D25E4DE
:10F59000054DE3E7008EFFFF008FFFFF8098FFFF20
:10F5A000808EFFFF8094FFFF0094FFFF38B5D0F8F6
:10F5B000A850044675B10025C0F8A850284638BDAB
:10F5C0002046F3B9FFF7E4F810F5CD4F02D010F55F
:10F5D000CB4F0ED12046FFF7F9FA10F5CB4F03467B
:10F5E000EED12046FFF7F2FA10F5CB4F0346F1D0EB
:10F5F000E6E748B9A36F162BE0D12046FDF748FF98
:10F60000DCE71D46284638BD0546284638BD00BF04
:10F61000002800F0E880036870B50446002B00F075
:10F62000E48093F8CC3015460E469B0709D5FDF7CC
:10F6300049FF68B9E36B23B193F8EC31012B00F07B
:10F64000BE802046FEF7E6FA10F5D64F01D000B195
:10F6500070BD6368102B07D02046FDF75BF810F5EE
:10F66000D64F01D00028F3D1616F002940F090807F
:10F67000A36D1BB1206D984701305ED02046FFF787
:10F6800095FF002840F09580E36F23BBA36F172BF5
:10F690001CD0162B22D0A268032A43D0152B00F0D1
:10F6A0009D80172B25D16368226F102B62674ED087
:10F6B000236893F8CC30DB07D6D5A368032BD3D1CE
:10F6C0002046FEF72FFA0028CED0C1E72046FFF7EC
:10F6D0006DFF00287ED1A36F162BDCD12268216F2D
:10F6E00092F8CC300978D80705D501290BD09907B5
:10F6F000BAD4404870BD0029F9D19807D4F8A010B9
:10F7000042D40429F5D192F8CD20920627D463691A
:10F71000002B6CDD642201212046FEF731FA00281F
:10F72000A2D070BD2268D2F8B4100029B6DBE2681E
:10F7300001329142E260B1DADBE7636D002B9DD0CC
:10F740002268206DD2F8A8209108984796E7636D4B
:10F75000002BADD00022206D11469847A8E7D4F8C1
:10F76000E82012B913F0300FD1D003F00303022BBD
:10F7700036D02046FDF776FB10F5D64F3FF474AF38
:10F7800000287FF465AF6FE70C297FF46DAFBAE70F
:10F79000E26F3046954228BF15462A4603F090FA9C
:10F7A000E36F5B1BE3678BB1636F2B446367284692
:10F7B00070BD10F5E54F7FF44BAF002070BD2046C3
:10F7C000FEF70EFE00283FF43CAF70BD6367C4F83F
:10F7D000A830ECE710F5E54FEFD070BD064870BDDE
:10F7E0000323A360C5E705487047044870BD04487B
:10F7F00070BD00BF0089FFFF0097FFFF008FFFFF74
:10F800000094FFFFC26C03462DE9F047166884B0F0
:10F81000B17A0B291BD91A68072992F8CC2002F07B
:10F82000010000D1C0B9D96BC2F38102D1F8C47113
:10F83000032F08BF1746B7B9A8B15A688024996B3F
:10F84000002001320C665A6004B0BDE8F0874FF426
:10F850001662CA40D007DED55A68002001325A60CD
:10F8600004B0BDE8F08718461C46FFF79FFE05462A
:10F8700008BB94E80C000133636092F8CC30DA07DF
:10F880001DD56269DAB103F0020AD4F8A090BAF18A
:10F89000000F0CBF07220F220AF0FF0191450ED185
:10F8A000A36F162B00F0228120460A220221FEF7C8
:10F8B00067F9B748D4E7284604B0BDE8F087A26FDF
:10F8C000162AF1D1D4F8708098F800200B2A7DD147
:10F8D00003F0020AD4F8A090BAF1000F5ED0B9F19B
:10F8E000110F73D998F80D1098F80E3098F80C2075
:10F8F00043EA0123002A69D14FF00C084344033343
:10F90000994563D1D4F83890D9F85C0038B102F049
:10F9100029F8A36BD86D03F0DBF9D4F838904FF4D5
:10F920009A71012003F09CF9C9F85C00002800F0EE
:10F93000168108F10308DFF86C9202F00DF8D4F894
:10F94000A00008F1030E804547D270453ED3236FD7
:10F9500003EB080203EB0E0113F80830B3BB557834
:10F96000937843EA05237F2B1A460EEB03082DD923
:10F9700040452BD3A36BD86D02F060F8484505468F
:10F98000DDD01ADD10F5165F1CD12B222046022196
:10F99000FEF7F6F8284604B0BDE8F087B9F1090F84
:10F9A00014D998F8051098F8063098F8042043EA1E
:10F9B00001235AB94FF00408A0E710F5225F03D1E4
:10F9C0005022E3E70028BAD02A22DFE7204632227D
:10F9D0000221FEF7D5F86F4842E7D4F8009099F875
:10F9E000CC30DB0702D4A368012B69D0002F3FF491
:10F9F00062AFE36BD3F8CC81B8F1000F00F0C180A7
:10FA0000D3F8D021A36B4146D9F83850D86D03F113
:10FA1000600ED9F864300395D9F834C0D4F8D850C2
:10FA2000CDF808C08DE8204001F07EFDA36B0546AF
:10FA30000221D3F85C9009F1BC00F0F73BFAD4F84E
:10FA400000E078B1D9F8C030DEF878201978002AC3
:10FA500067D0137823B964E012F8013F002B60D01F
:10FA60009942F9D19EF8CC203146A06B02F00102F8
:10FA700000F16003C06D82F00102FEF767FB002811
:10FA800063D0002D61D1012F49D0B8F1000F7DD195
:10FA9000022F7BD1404DA36B1B6EDF0566D45E0742
:10FAA00092D413F4DC3F7FF470AFD80700F180806C
:10FAB00099077BD413F0080F0CBF2E22302265E784
:10FAC000636BDB6D5BB1A16B5A68C96D486882429C
:10FAD00005D18968986803F0A7F8002886D02046E9
:10FAE00031220221FEF74CF82A48B9E6D4F870809A
:10FAF00098F800300B2B7FF469AF00294FF0030218
:10FB000026490CBF04200C20404403F08DF8002847
:10FB10007FF4E2AEA36B4022012F1A6644D100208D
:10FB20009EE6A36B31461B4E1A6ED86D002D08BFA2
:10FB3000354642F4803243F8602F9EF8CC2002F024
:10FB4000010282F00102FEF701FB012F10D0B8F193
:10FB5000000F01D1022F9DD0002DE0D09BE7204661
:10FB600050220221FEF70CF80D4879E631220DE70C
:10FB700015F51C5FD3D015F5F44FD0D0002DCED0A5
:10FB800089E7D9F86C80D9F870203BE7014D82E70E
:10FB90000089FFFF0086FFFF8089FFFFA40500208A
:10FBA0000081FFFFD2D9FFFF024859E62C22EDE683
:10FBB0002D22EBE6808BFFFF10B50446FFF7F6FC25
:10FBC000002832D1A36F142B40D1E36F012B36D123
:10FBD000236F1B78012B32D1A26BE16C2368E262A8
:10FBE000216493F8CC3003F0020303F0FF02EBB181
:10FBF000B4F884300020002101339BB2C4E9240111
:10FC0000A4F88430C4E9260173B16369012B13DDC4
:10FC1000E16CE06ECA680B69D31A0344236763681A
:10FC200000200133636010BD0C4810BD236E1A60C4
:10FC30005A606369012BEBDCE36E2367EFE7204634
:10FC400032220221FDF79CFF054810BD20460A2202
:10FC50000221FDF795FF034810BD00BF8094FFFF10
:10FC60000082FFFF0089FFFF0268C36BF0B592F8C6
:10FC7000CC2085B00546D3F80834D24301A902F060
:10FC8000010298472846FFF791FC00284CD1AB6F42
:10FC9000162B67D12E6F3378142B5CD12F68D5F8D3
:10FCA000A02097F8CC30980740D4102A53D10421D3
:10FCB00001F10C030022314401A81E448DF80320F9
:10FCC00011F8013B10F8012B9DF80340B14283EA83
:10FCD000020343EA04038DF80330F1D19DF80330A9
:10FCE000002B38D10C2201AB05F1FC04C5F8EC2047
:10FCF00007CBC5F8FC006160A260EB6BD3F87836E7
:10FD0000C3B197F8CC30D90705D40A236B6097F8B4
:10FD1000CC30DA0713D50F236B6097F8CC3003F0A3
:10FD2000020303F0FF0083B905B0F0BD182A12D119
:10FD30000C21BDE76B6801336B6097F8CC3003F0A2
:10FD4000020303F0FF00002BEED02846FEF722FB53
:10FD5000002005B0F0BD284632220221FDF710FF39
:10FD60000448E1E728460A220221FDF709FF02487C
:10FD7000DAE700BF8081FFFF0089FFFF2DE9F04136
:10FD8000AEB005468846164601A81F46EEF750FC61
:10FD900017A8F4F78DFA01A8EEF75AFC044670B1E3
:10FDA00001A8EEF749FC17A8F4F786FA2846502276
:10FDB0000221FDF7E5FE20462EB0BDE8F081E96B9B
:10FDC000402201A801F21441EFF786F8044600280A
:10FDD000E6D13A46314601A8EFF77EF804460028FE
:10FDE000DED1414601A8EFF77BF804460028D7D1C1
:10FDF00017A8F4F76DFA04460028D1D1E96B402228
:10FE000017A801F21441F5F717FC04460028C7D1E2
:10FE10003A46314617A8F5F70FFC04460028BFD133
:10FE200008F1100117A8F5F70BFC044601A8EEF73E
:10FE300003FC17A8F4F740FA002CBCD0B6E700BFCB
:10FE40002DE9F04184B01546064688469DF82C0001
:10FE50001F46EEF72BFA0446EEF794FA286001A845
:10FE6000EEF730FA214601A80022EEF74BFA0446DD
:10FE700058B101A8EEF72CFA304650220221FDF7C6
:10FE80007FFE204604B0BDE8F08101A8EEF786FAB7
:10FE900004460028EDD1F16B402201A801F2144183
:10FEA000EEF786FA04460028E3D139460A9A01A8FB
:10FEB000EEF77EFA04460028DBD1414601A8EEF7B2
:10FEC00081FA044601A8EEF703FA002CD9D0D3E753
:10FED0002DE9F04FC3B00024924680460DF1080989
:10FEE0008B464FF4807221464846019402F0B4FEDE
:10FEF000BAF1000F70D055465F463F26AB68002B25
:10FF000055D0AA450ED0354B3946354A4046002CCF
:10FF100018BF1A4602F0D8FE002857DBB84255D267
:10FF20003F1A804401A92846EFF72CFA002846D151
:10FF3000019B39462B4A404602F0C6FE002845DBAD
:10FF400087428CBF00240124002C3FD12B693F1A2B
:10FF50008044002B3ED049460BE07F2B10D01E2A58
:10FF60000ED90B7001342B690131A3420ED9FE2C3E
:10FF70000CD86B691B5D03F17F021F2BD2B2ECD84A
:10FF80000E7001342B690131A342F0D84FF0000EFE
:10FF90004B46154A3946404609F804E002F094FE03
:10FFA000002813DB874211D93F1A80442C7FAD69AA
:10FFB000002DA3D1C7EB0B0043B0BDE8F08F0B4A77
:10FFC0003946404602F080FE0028B9DA084843B0BE
:10FFD000BDE8F08F1C46D9E75046F8E71C460020E4
:10FFE00020460020244600203046002028460020DD
:10FFF00080D6FFFF2DE9F04F576885B09046064642
:02000004600298
:10000000202F03913BD94FF001091C27039D0024A9
:10001000DFF894B0DFF894A0D8F8083024B9B9F12B
:10002000000F01D01A78A2B107F1FF3E1B5D3046E8
:100030001A4AA64594BFDE46D6462946CDF800E0CA
:1000400002F042FE0028064421DBA842A5EB000591
:100050001DD20134BC42DFD3D8F80430BB4209D0F2
:1000600030460F4A294602F02FFE00280FDB85425A
:100070000DD92D1A039B581B05B0BDE8F08F57B161
:10008000012F94BF4FF000094FF00109BEE705486A
:1000900005B0BDE8F08F3846EEE700BF2C460020E3
:1000A0003446002080D6FFFF20210020741300205A
:1000B000002070470020704770B5ADF5207D53AD2E
:1000C00068B9284601F048FC314A324B284612688C
:1000D000196802F025F8C0B10DF5207D70BD2E48DD
:1000E00002F0C6FD284601F037FC2A4B284A284674
:1000F0001968126802F014F8044638B3274802F071
:10010000DBFD20460DF5207D70BD06AE304601F0CA
:1001100023FC234A234B30461268196802F000F88A
:100120000028D9D105AA02900190034600923146D9
:100130000246284601F000FC0028CDD1304601F0EF
:1001400011FC284601F00EFC0020C5E706AE304643
:1001500001F002FC134B124A30461968126801F094
:10016000DFFF04460028C9D10F4802F081FD05A930
:10017000029423460194224600912846314601F01C
:10018000DBFB04460028B9D1084802F095FDD5E70D
:10019000CC0C00204C6200203C4600204816002079
:1001A000C80C002048620020584600208C16002011
:1001B0002DE9F041044682B0884615463B4F312375
:1001C0006A4641462046E2F785FC002868D1266849
:1001D000009B1E44302301AA31462046E2F77AFCF8
:1001E00008BB2368F21A002A56DD18782A4606232F
:1001F000314642F8040B2046E2F76CFC98B92368BC
:10020000D5F804E0AB60D4F800C00CEB0E03F21A92
:100210002360002A40DD1CF80E201E2A13D9244832
:1002200002B0BDE8F081A0F50E500028F8D1236897
:100230009E4223D001202021287702F011FDA861E1
:1002400030B30546C6E727FA02F2D207E7D50133F5
:1002500005F110023146204623601CF80E30EB6099
:10026000E2F7E8FB0028DED122682B696A61226888
:1002700013442360A86123689E42DBD1B04512D0AD
:100280002021012002F0ECFCA86108B1054696E7A8
:10029000084802B0BDE8F081074802B0BDE8F0812F
:1002A000A0F50E50BCE70020BAE700BF0810585078
:1002B0001EDCFFFF80D7FFFF20DCFFFF08B5E2F761
:1002C000C1FD08B1A0F50C5008BD00BF08B5E2F7AC
:1002D0004BFD08B1A0F50C5008BD00BF2DE9F0435F
:1002E000042414258FB00C7014701D600468302C29
:1002F00061D18768446801973C44A74240D01D46BD
:1003000016468846A023214602AA01A8E2F7E2FB8E
:10031000002839D010F1620F04D0A0F50C500FB0B6
:10032000BDE8F083019B9C422AD0A12302AA21466A
:1003300001A8E2F7CFFB00283FD010F1620FECD10B
:10034000019B9C421CD0A22302AA214601A8E2F7ED
:10035000C1FB002844D010F1620FDED1019B9C420A
:100360000ED002AAA323214601A8E2F7B3FB00287E
:1003700000F0888010F1620FCFD1019B9C4218D110
:1003800000200FB0BDE8F083019F01A8029B05AAE1
:100390001F443946E2F756FD10B1B0F50C50BED1FE
:1003A000414605A8EFF7D0F80028B6D1019B9F423F
:1003B000B9D03F48B3E73F48B1E7029908AB019F86
:1003C00005AA01A80F443946E2F7CEFC20B9069AE7
:1003D000092A13D03848A2E7B0F50C509FD1F6E7B0
:1003E00001992A46029B01A8CD182946E2F7B0FBE5
:1003F000002892D1019B9D42B1D0DAE707992F489E
:1004000002F012FC0028E5D1089B302BD3D10A9BC7
:10041000099A039303EB0208434547D293F800E09F
:100420000DF13809062303A80CAA414649F80CED42
:10043000E2F750FB48B1A0F50C5000287FF46FAFF5
:10044000019B9F423FF47DAFB3E7039A31460C9B7B
:1004500048460D9213440393EFF776F80028EAD14B
:10046000039B9845ECD003A8052304AA4146E2F774
:1004700031FB0028DFD1049B002BDCD1039B984586
:10048000DED096E7019D01A8029B0BAA1D442946D8
:10049000E2F75EFB00287FF440AF019B9D4288D1CC
:1004A0000B9A012A3FF46AAF054838E7054836E75A
:1004B0009ADCFFFF9EDCFFFF52DFFFFF7C4600203F
:1004C00000DDFFFFA0DCFFFF036870B5CE1A82B02D
:1004D000002E14DD154601AA04461E78E2F7A0FBA3
:1004E00048B92368019AAB6023682E6013446A60A0
:1004F000236002B070BDA0F5125002B070BD01487B
:10050000F7E700BF20DBFFFF2DE9F041069E3468CE
:10051000CCB917460D461A461C463946EEF7DCFFA5
:1005200068B92378062B11D02B68052B00D033BB7C
:100530006B681648002B08BF0020BDE8F081A0F5CD
:100540001850BDE8F0811248BDE8F0810821012073
:1005500002F086FB8046A8B13946284608F104031C
:100560004246FFF7BBFE044618B9C6F80080BDE856
:10057000F081404602F0ACFB2046BDE8F081034824
:10058000BDE8F0810348BDE8F08100BF00DDFFFF5A
:1005900000D8FFFF80D7FFFF03682DE9F043CD1A95
:1005A00083B0002D40F31F811D78172D00F0D280FD
:1005B000182D40F0D18004260133144601AA0546C7
:1005C0000360E2F737FA20B1A0F5105003B0BDE8A0
:1005D000F083019F06F108039F42C0F0B0802968B4
:1005E000206088190B780131303B092B00F2A7807D
:1005F0002368814203EB83034FEA430323602960AE
:1006000011F8012CA2F1300213442360EAD1022E2A
:1006100000F099800023811C024663601378013248
:10062000303B092B00F28B806368914203EB83031C
:100630004FEA430363602A6012F801ECAEF1300E1A
:1006400073446360EAD1002200F1040EA2600A78CC
:100650000131303A092A72D8A2688E4502EB820233
:100660004FEA4202A260296011F801CCACF1300CD3
:100670006244A260EBD1002100F1060CE1609EF81B
:1006800000100EF1010E3039092958D8E168E6450D
:1006900001EB81014FEA4101E160C5F800E01EF87D
:1006A000018CA8F130084144E160E8D14FF0000E20
:1006B00000F10808C4F810E09CF800E00CF1010C0F
:1006C000AEF1300EBEF1090F39D8D4F810E0C445B0
:1006D0000EEB8E0E4FEA4E0EC4F810E0C5F800C0C7
:1006E0001CF8019CA9F13009CE44C4F810E0E3D114
:1006F000BF1BA7F10806012E21D9002600F10A0C24
:10070000666108F1010698F800003038092816D80B
:100710006069B44500EB80004FEA400060612E60E4
:1007200016F8019CA9F130094844606116D0B04622
:1007300098F8000008F1010630380928E8D9334854
:1007400003B0BDE8F083312BD8BF643303F26C7380
:1007500023605FE702262FE72D4837E7A7F10A0657
:10076000012E35D0002EEAD1246842F20F75AC423A
:10077000E5D81729E3D8BEF13B0FE0D83B28DED8F7
:100780000C2BDCD8012141F2AA5001FA03F31840E6
:1007900058BB13F4256F2AD15907D0D5A30728D009
:1007A000E3171C494FF4C87081FB0451C3EBE113FC
:1007B00000FB1344002C14BF1C231D23002ABEDDA4
:1007C0009A42D4BF0020012000283FF4FFAEB6E7D4
:1007D00098F801605A2EB2D108F10208A7F10B0671
:1007E000C5F80080BEE70C48F0E61F23E6E71E23AD
:1007F000E4E70849E317642081FB0451C3EB61116E
:1008000000FB11410029CCD01D23D7E700DCFFFFFE
:100810009EDBFFFF1F85EB51A0DBFFFF036870B578
:10082000CE1A002E1ADD1D7805F07F05022D13D19A
:100830005E1C1546044606601B7842F8043BE2F74E
:10084000F9F830B922686B68AA6022681344236003
:1008500070BDA0F50A5070BD014870BD014870BD63
:100860001EDDFFFF20DDFFFF70B5056882B08D4201
:100870001CD02D78144643F0A003064642F8045BD2
:10088000E2F728F908B102B070BD30683023616822
:1008900001AAA060304634680C442146E2F71AF9F8
:1008A00038B93268019B13449C4206D1002002B043
:1008B00070BDA0F5145002B070BD0148E3E700BF61
:1008C0009ADAFFFF2DE9F04385B0002607460C4673
:1008D00004AD104698469DF8309045F8046D2946C1
:1008E000EEF70AFE90B1244A2146384602F0ECF9B0
:1008F0000546002D38DBAC4236D9B8F1060FA4EB23
:1009000005060BD0A01B05B0BDE8F083039B214674
:100910001A4A384602F0D8F90546EAE74846EDF7A4
:10092000C5FC0D9B81461878EDF7C0FC8046B9F1F7
:10093000000F1DD04846EDF72DFD8146B8F1000FA0
:1009400014D04046EDF726FD0D9B31465A684B46C4
:100950000090781901920A4A02F0B6F9002803DBE8
:10096000864201D9361ACDE70648CCE70248EBE7C4
:10097000DFF80490E2E700BF884600203046002000
:100980008C46002080D6FFFF10B51346064A0C4661
:1009900002F09AF9002805DB84428CBF0020012078
:1009A00000B910BD0148FCE7A446002080D6FFFF37
:1009B0002DE9F043044695B090F828010D46EDF777
:1009C00075FC226904AB61690646EDF705FDF8B9CF
:1009D000304694F82971D4F82C9194F82881EDF7D9
:1009E000D1FCD4F8206105F1BC02D4F8244104AD57
:1009F0000190494643463846009503960294EFF726
:100A00008FFA003018BF0120404215B0BDE8F083D6
:100A10004FF0FF30F9E700BFF0B5044683B00D4654
:100A200021B9061C18BF0126002E35D095B38CB312
:100A30002A6823689A422DD162686B68934229D153
:100A4000A968A06802F0F0F8064618BBE768EB68F2
:100A50009F423CD00C2F01D0132F1BD10C2B01D067
:100A6000132B17D123692A69934213D162696F69E5
:100A7000BBB1013F02EB030E12F8013B17F8010F67
:100A800023F020014340A1F1410108D0202B01D1E6
:100A9000192904D94FF0FF36304603B0F0BD964512
:100AA000EAD1227F2B7F9A42F4D1A469AD690CB9B7
:100AB000002DF1D0002CEDD0002DEBD022682B685A
:100AC0009A42E7D162686B689A42B9D0E2E722693C
:100AD00029698A42BED169696069019302F0A4F86C
:100AE000019B0028B6D1DCE770B5054610461446D8
:100AF0000E46EFF719FB012812D0062810D0023855
:100B0000C0B2022816D86368012229681B78013B0D
:100B100002FA03F30B420CBF4FF0FF30002070BD10
:100B20002046EFF7BFF9336898424FF0FF3028BFF7
:100B3000002070BD4FF0FF3070BD00BF70B506687B
:100B40008E420CD03678154643F0A003044642F896
:100B5000046BE1F7BFFF20B110F1620F07D1002055
:100B600070BD22686B68AA6022681344236070BD60
:100B7000F8B5466896423AD0044608460F4602F059
:100B80005FF8022E14D9A5682B782A2B10D16B7828
:100B90002E2B0DD160B13B782E2B09D03A46002385
:100BA00003E012F8014F2E2C05D001339842F8D102
:100BB0004FF0FF30F8BD002BFAD0C01A013EB04212
:100BC000F6D12C463B44002514F8012F013513F8CB
:100BD000016B22F020017240A1F1410103D0202AD3
:100BE000E6D11929E4D8A842EED80020F8BD8268E1
:100BF000AEB102F1FF3C0D468B1915F8012B1CF824
:100C000001EF22F0200492EA0E02A4F1410403D085
:100C1000202AB1D1192CAFD89D42EED1E5E730465C
:100C2000F8BD00BFD0F804210B4B18461340084014
:100C30000B4098420ED148F201000A43074B10B412
:100C4000044610400C40844214BF184600205DF852
:100C5000044B704701487047FE7FFFFF00D8FFFF3D
:100C60002DE9F8430C46002947D01546089A8146DD
:100C700000F14C069B1A002703F1010818E0A36954
:100C8000022B1EDCD4F80031002B01DD43450CD3D0
:100C900021464846FFF78CFE38B904F1A400FFF75F
:100CA00007FA20B3002F08BF2746D4F830412CB3F1
:100CB00004F16C013046FFF7AFFE0028F5D1002D9E
:100CC000DDD1D4F8FC30002BEFD0D4F8F8305B073E
:100CD00017D4D4F80031002B01DD4345E5D3002DB6
:100CE000D6D104F1A400FFF7E3F90028DAD104F12A
:100CF0008C00FFF7DFF90028D4D127463846BDE83D
:100D0000F88304212046FFF78DFF0028E1D0CCE7CF
:100D10002DE9F04F89468DB0002B00F052819C697F
:100D200016461D46134600940746B24A01F0CCFF12
:100D30000028C0F24D81814540F24A81C0EB090490
:100D400007443346AC4A2146384601F0BDFF00282F
:100D5000C0F23E81844240F23B81241A074405F1EF
:100D60001C0221463846FFF745F90028C0F23081C1
:100D7000844240F22D81241A074433469F4A21467B
:100D8000384601F0A1FF0028C0F22281844240F2DF
:100D90001F81241A074405F14C0221463846FFF70B
:100DA00097F80028C0F21481844240F21181241A7D
:100DB00007443346924A2146384601F085FF002811
:100DC000C0F20681844240F20381241A074405F1EF
:100DD0006C0221463846FFF77BF80028C0F2F88005
:100DE000844240F2F580D5F8A02007EB0008241AD1
:100DF000334605924046D5F89C702146814A0497B7
:100E0000D5F898700397D5F894700297D5F890703C
:100E10000197D5F88C70009701F056FF0028C0F2BA
:100E2000D780844240F2D480D5F8B820241A804478
:100E3000334605922146D5F8B4704046724A04976D
:100E4000D5F8B0700397D5F8AC700297D5F8A870B4
:100E50000197D5F8A470009701F036FF0028C0F282
:100E6000B780844240F2B480241A80443346674AF3
:100E70002146404601F028FF0028C0F2A9808442A4
:100E800040F2A680D5F82C21241A95F82931804407
:100E90000192214695F82871404605F128020097F5
:100EA000FFF710FDB0F1000AC0F29280544540F205
:100EB0008F8005F1BC0B5846EFF72CF91221024642
:100EC00007A8FFF761FD002840F083805846CAEB71
:100ED0000404EEF7E7FFD04407AB019021464046FB
:100EE000009333464A4A01F0EFFE002870DB84424B
:100EF0006ED9D5F8F830271A08EB0004DA0528D5A2
:100F0000D5F8FC203346DFF834C13946DFF830E14C
:100F10002046002A18BFE6463E4ACDF800E001F020
:100F2000D3FE002854DB874252D9D5F800313F1A4E
:100F30000444002B0BDD013B374A3946204601F0C3
:100F4000C3FE002844DB874242D93F1A0444D5F847
:100F5000F830980676D4D90300F1AD805A0700F135
:100F6000D9801B0538D533462C4A3946204601F036
:100F7000ABFE00282CDBB8422AD23F1A044405F508
:100F80008475274EDFF8A48011E0069B0093394654
:100F90003346244A2046244E01F096FE002817DBF3
:100FA00087420444A7EB000712D9ED68A5B106A952
:100FB0002846EEF70DFB1D4B0028E6D0CDF8188033
:100FC000E4E71B4A01F080FE002801DB814500D8E0
:100FD00018480DB0BDE8F08F2046174A394601F099
:100FE00073FE0028F4DB8742F2D9381AC0EB0900FF
:100FF000EFE700BFE0460020FC4600201447002039
:101000002C470020444700207C470020B4470020A4
:10101000CC470020E0470020004800206C49002019
:1010200020210020844900202046002088460020FE
:10103000C046002080D6FFFF08260020B0460020D2
:10104000B84600203346C84A3946204601F03CFEE7
:101050000028BDDBB84234BF00230123002BB7D1E9
:101060003F1A044405F1E802DFF804E35168C818A8
:10107000874240F287803F1A4BB19EF80010022B46
:10108000217002D19EF8011061701C44516841B179
:1010900000239168C95C013304F8011B51688B423D
:1010A000F7D3D2680223DFF8D8E2002ADED122701B
:1010B000D5F8F8304FE73346AC4A3946204601F0C0
:1010C00003FE002884DBB84282D295F818813F1ACB
:1010D0000444A74B18F0800F40F0728118F0400FC5
:1010E00040F0818018F0200F6ED118F0100F5CD105
:1010F00018F0080F4AD118F0040F40F0838018F060
:10110000020F40F09C8018F0010F40F08A80D5F863
:10111000F83023E73346974A3946204601F0D4FD9C
:101120000028FFF655AFB842BFF452AFD5F804819E
:101130003F1A04448E4B18F0800F40F09E8018F048
:10114000400F40F08B8018F0200F40F0B48018F072
:10115000100F40F0A18018F0080F40F0CA8018F07E
:10116000040F40F0B78018F0020F40F0EE8018F046
:10117000010F40F0DB8018F4004F40F0C980D5F833
:10118000F830EEE600237C48237022E77B4A39469C
:10119000204601F099FD0028FFF61AAF87427FF63E
:1011A00017AF3F1A0444764BA5E7764A39462046E6
:1011B00001F08AFD0028FFF60BAF87427FF608AFEB
:1011C0003F1A04446E4B93E76F4A3946204601F0BC
:1011D0007BFD0028FFF6FCAE87427FF6F9AE3F1A92
:1011E0000444674B81E7694A3946204601F06CFDAB
:1011F0000028FFF6EDAE87427FF6EAAE3F1A0444C0
:101200005F4B6FE7624A3946204601F05DFD0028DA
:10121000FFF6DEAE87427FF6DBAE3F1A0444584B42
:101220006DE75C4A3946204601F04EFD0028FFF686
:10123000CFAE87427FF6CCAE3F1A044467E7564AEA
:101240003946204601F040FD0028FFF6C1AE874236
:101250007FF6BEAE3F1A0444494B54E74F4A394625
:10126000204601F031FD0028FFF6B2AE87427FF63E
:10127000AFAE3F1A0444424B65E73946484A204620
:1012800001F022FD0028FFF6A3AE87427FF6A0AE54
:101290003F1A04443A4B52E7424A3946204601F08D
:1012A00013FD0028FFF694AE87427FF691AE3F1AF9
:1012B0000444334B4FE73C4A3946204601F004FDD5
:1012C0000028FFF685AE87427FF682AE3F1A0444BF
:1012D0002B4B3CE7354A3946204601F0F5FC002807
:1012E000FFF676AE87427FF673AE3F1A0444244B76
:1012F00039E72F4A3946204601F0E6FC0028FFF680
:1013000067AE87427FF664AE3F1A04441C4B26E763
:10131000284A3946204601F0D7FC0028FFF658AE8F
:1013200087427FF655AE3F1A044428E7224A3946E1
:10133000204601F0C9FC0028FFF64AAE87427FF63E
:1013400047AE3F1A04440E4B15E71C4A3946204667
:1013500001F0BAFC0028FFF63BAE87427FF638AEBC
:101360003F1A0444064B02E7144800202C48002092
:1013700020210020B848002080D6FFFF80480020B0
:10138000204600206C48002064480020544800207B
:101390008C480020A448002098480020E448002001
:1013A000D04800200C490020F84800203049002097
:1013B000204900205C4900204C4900204049002081
:1013C0003946074A204601F07FFC0028FFF600AEB0
:1013D00087427FF6FDAD3F1A0444024B7EE600BF14
:1013E00044480020204600202DE9F04390461D4649
:1013F00083B0894607460E461B4C01221B4B05E075
:10140000083454F8043CCBB154F8082C2A42F7D0E5
:10141000009338464346164A314601F055FC0028F1
:1014200007441DDBB042A6EB000619D254F8083C75
:1014300008345D4054F8043C002BE5D125B9C6EBD7
:10144000090003B0BDE8F08343463846094A3146F7
:1014500001F03AFC002803DB864201D9361AEEE798
:10146000054803B0BDE8F08370F502608C490020A8
:10147000B4490020BC49002080D6FFFFD0F8F830E6
:1014800013F0040301D0FFF7CDBB1846704700BF2F
:10149000F8B50446D0F8F80010F4006012D01646F3
:1014A0000F4604F5847403E0042D0CD0E468A4B165
:1014B0006568B542F8D132463946A06801F0B4FB00
:1014C0000028F1D1F8BD2A46A168054801F0ACFB1F
:1014D0000028F7D0E468002CEAD10248F8BD00BF2C
:1014E000A805002000D8FFFF38B511F1840419D0F9
:1014F000D1F89420054622B914E0E46B94B1226936
:1015000082B12B6A9342F8D16169686A01F08CFB61
:101510000028F2D104F11800FEF7CAFD0028ECD033
:10152000012038BD002038BD2DE9F04FB5B00024B2
:10153000984681463F9B20A80E9121460F9250224B
:101540001C603E9C01F088FBB8F1000F00F0EA81BE
:10155000B4B1204601F074FBD9F8F83005469A067C
:1015600040F1AE8109F1E80603E0F668002E00F0D4
:10157000C1812A4621463046FFF7FAFA0028F4D105
:1015800009F1BC042046EEF7CFFD01230138D8F85D
:1015900004208340134200F08E8108F10C0208F110
:1015A000080311460892184622460793FFF79CFA53
:1015B000002840F07B81002420AF4FF0010A0B94FB
:1015C0000D9420AB09F1A40043F83490631C0693FA
:1015D000FEF76EFD18B17B6843F001037B6009F1F3
:1015E0008C00FEF767FD18B17B6843F400737B60E5
:1015F0000D9B002B40F0118199F82831D8F800207C
:10160000013B0AFA03F3134203D17B6843F480439E
:101610007B6099F82931D8F80420013B0AFA03F3DA
:10162000134203D17B6843F400437B60069B012B8C
:1016300000F0D5800B9B01220E994846009323466B
:10164000FFF70EFB0546002800F00C8109F16C0144
:1016500009F14C00FFF7E0F9002840F0BB800123BE
:101660000B9A01320B92002B40F0B480069B082BA2
:1016700000F2568129464846FFF79AF97B68002810
:1016800040F00B810A9305F1BC03089907981A46AC
:101690009B46FFF729FA20B10A9B43F480330A9353
:1016A0007B600F9B002B00F039811C4600260C97B5
:1016B000CDF810B0CDF8249003E0D4F8F040002C21
:1016C0007BD0A369002BF8D0E26A6B6C9A42F4D10C
:1016D000A96C206B01F0A8FA0028EED1D5F8F830FB
:1016E0005B0706D502212846FFF79CFA002840F048
:1016F000D98094F8E800D8F80020431E0AFA03F3D2
:10170000134201D146F4003694F8E930D8F80420A9
:10171000013B0AFA03F3134201D146F48026ECF7A9
:10172000C5FD10AB226983466169ECF755FE0028C0
:1017300040F0B880049A08990798FFF7D5F908B1E6
:1017400046F48036D4F8EC10584694F8E89094F8B3
:10175000E9B00591ECF716FED4F8E0704B46059918
:101760000397D4F8E470049A029710AF019058469A
:101770000097EEF7D5FB002840F0948004F16C0050
:10178000FEF796FC08B146F0200604F15400FEF77F
:1017900091FC08B146F4806621460998FFF7A4FE43
:1017A00000288AD00C9F46F002060A9BA946069C98
:1017B00008371E4347F8046C03E70C9FF5E70B9BC3
:1017C00001220E99484600932346FFF749FA054641
:1017D000002847D07B680A9301230D9353E709F152
:1017E0006C0109F14C00FFF717F90028E7D10E9BB7
:1017F000002BE4D0D9F804601D4603E0D5F8305141
:10180000002DDCD06B68B342F8D13246A968D9F814
:10181000080001F009FA0028F0D120AA069D3F9F98
:1018200002EBC504DDF800816E1E54F8041C10ABF9
:10183000419832461091B8F1000F05D054F8081CB9
:10184000C047002859D110993B68083C35461943D8
:101850003960002EE8D10029334808BF002035B098
:10186000BDE8F08F0B9A2346D9F830114846009214
:101870000022FFF7F5F9054600284AD0069B012B08
:101880003FF4F8AE09F16C0109F14C00FFF7C4F820
:1018900000287FF4EBAE0346E2E643F008030A9328
:1018A0007B60F0E60C9F46F010067EE7219B43F438
:1018B000803321937FE6219B43F4004321936CE620
:1018C00009F16C0601E0B669A6B17268032AFAD183
:1018D000B168164801F0A8F92A4621460028F2D13D
:1018E00006F10C00FFF744F900283FF449AEB66951
:1018F000002EEAD10423219342E610F51C5F0C4B25
:1019000008BF18464FF0FF333F9A136035B0BDE86B
:10191000F08F7B6843F008037B607EE70F9E44E70F
:101920000348EFE70348EDE700D9FFFF002100205F
:1019300000D0FFFF00D8FFFF70B584B0089E099D5E
:101940000A9C029503948DE84800024BFFF7ECFDDA
:1019500004B070BD10F602604FF49A72002101F0DD
:101960007BB900BF002868D0F8B50746064606F1E7
:10197000BC00EEF743FAD6F82C0101F0A9F9746E19
:1019800054B12046A5692021F0F7E8F8204601F07F
:101990009FF92C46002DF4D1D6F8844054B120464E
:1019A000A5692021F0F7DAF8204601F091F92C46DC
:1019B000002DF4D1D6F8144154B12046E568102129
:1019C000F0F7CCF8204601F083F92C46002DF4D135
:1019D000D6F8F44054B12046E5681021F0F7BEF87F
:1019E000204601F075F92C46002DF4D1B06828B1DD
:1019F0007168F0F7B3F8B06801F06AF9D6F83061B1
:101A0000002EB4D14FF49A713846D7F83041F0F730
:101A1000A5F820464FF49A7174B1D4F83051F0F71C
:101A20009DF8A74220462C46F3D001F051F92046FC
:101A30004FF49A71002CF0D1F8BD70472DE9F04FAA
:101A40009DB0002800F08D81B1FA81F56D09002D5F
:101A500040F08781824690460F46044605E0D4F860
:101A600030612546002E75D03446A369002BF6D18F
:101A700010A90DAA0D930846049113A9109313936E
:101A80000E460392059153609360436083607360D8
:101A9000B3601CAE07EB080B302308A846F8548D42
:101AA000594632460897E1F715F8002840F08F8133
:101AB000089BDDF81C80C3EB0B0BC345C0F03F81D6
:101AC00043440120C7EB0309C4F80490494601F0E0
:101AD000C7F883460890A060002800F07D81394651
:101AE0004A4601F0EDF8C8EB09013023324659446B
:101AF00008A801EB08076161089139460297E0F7F1
:101B0000E9FF804600284FD1079FA023089819AA13
:101B1000616900EB070B08A8C1EB0B075946276169
:101B2000E0F7D8FF0346002849D010F1620F00F01B
:101B30000B8120461F46FFF715FF15B10023C5F89E
:101B40003031A24502D0204601F0C2F838461DB01F
:101B5000BDE8F08F4FF49A71012001F081F8C4F8CC
:101B60003001002800F03A8131464FF49A7201F0BA
:101B700073F80DAB0D961946039310AB10961396A0
:101B80001846049313AB4E608E601D460593D4F83F
:101B900030316E60AE60254646608660002B40F0B6
:101BA0006082A14F1C46C8E7A8F506572046FFF7FC
:101BB000D9FE002FC1D138461DB0BDE8F08F08997D
:101BC00004F11802199B08A801EB03084146E0F74D
:101BD000BFFF002840F0BB80089B984540F0F5808F
:101BE00004F11C02594608A8FEF718FE0346002817
:101BF0009FD104F12807039B594608A83A46FEF7EF
:101C000065FB0346002894D1A369022B00F20281F0
:101C1000013304F5967203993846A36104F229133F
:101C2000009204F59472FEF76FFC8046002840F0A5
:101C300093800898302332465946E06308A8E0F7BD
:101C400049FF0746002840F0B780089904F14C028C
:101C5000079B08A81944FEF7ABFA0746002840F096
:101C6000A78008983023E76B19AA5946C71B08A814
:101C7000A763E0F72FFF002800F0B280B0F51057FF
:101C800040F09680089BA36432463023594608A84A
:101C9000E0F720FF0746002840F08E80079B4BB1FD
:101CA000089904F16C0208A81944FEF781FA074666
:101CB00000287DD1A06C04F1BC02089B59461B1A78
:101CC00008A86364EFF722FC0746002870D1A369D7
:101CD000023B012B47D9089B9B4530D1049B08A8A8
:101CE000059A0299FEF7F2FA0746002860D1E26AE7
:101CF000149B9A4240F093801599206B00F094FF5A
:101D00000746002840F08B800E9A119B9A4240F0C3
:101D100086802AB112990F9800F086FF00287ED1A4
:101D200008A804F58E720299FEF7CEFB0346002840
:101D30007FF4FFAE089B029A9A423FF407AF204619
:101D40003A4FFFF70FFEF8E6C4F8188048E7B0F501
:101D500008533FF445AFECE620464746FFF702FE46
:101D6000EBE6314FF2E6012304F1C402594608A81C
:101D7000FEF7E4FE0746D8B9A369023B012BAAD8B7
:101D8000022304F1D002594608A8FEF7D7FE074601
:101D900070B9A369032B9ED104F1DC02594608A84F
:101DA000FEF762FD00284DD010F1620F93D0074678
:101DB0002046FFF7D7FDC0E6A7F506572046FFF7F8
:101DC000D1FD002F3FF4F7AEB7E6194BB1E6204640
:101DD000184FFFF7C7FDB0E6174FAEE6164FB5E652
:101DE000089904F18C02199B08A801EB03094946E4
:101DF000FEF7D2FB0028DAD104F1A402494608A874
:101E0000FEF7CAFB0028D2D1089B994540F02B81F0
:101E10004B4638E72046094FFFF7A4FD8DE62046E4
:101E2000074FFFF79FFD88E600D8FFFF1ADEFFFF90
:101E30009ADDFFFF80DEFFFF80D7FFFF80DAFFFF24
:101E400080D9FFFF8046089B9B454DD930235946DA
:101E500008A809AACDF85880CDF85C80CDF860803C
:101E6000CDF82880CDF82C80E0F734FE002840F033
:101E7000F280089E0623099817AA37785946064427
:101E800008A81697E0F726FE002840F0E480089A9C
:101E9000179B18921344C3EB0B020893002A27DD0B
:101EA0000AAA314608A8E0F729FE10F1620F02D015
:101EB000002840F0D08009AA0423314608A8E0F7A2
:101EC00009FE002840F0C780089A099B13449E42EF
:101ED0000CD10BA916A8EDF733FA68B10A9B089646
:101EE00043B933469B45B1D83FF4F8AE844F5FE722
:101EF000844F5DE7844F5BE7D4F8F8200B9B12EA30
:101F0000030740F0F5801A43B3F5807FC4F8F8204A
:101F100000F0AB8076DC042B51D0202B46D130234F
:101F2000314608A804F1E8070DEB0302E0F7D2FD03
:101F3000002834D1089B0C9A1A449642D6D19E426E
:101F400036D9F21A002AD3DD13F8019B19AA3146BB
:101F500008A80893E0F76EFD08BB09F0C003802BCA
:101F6000C8D1B9F1820F04D0089A199B1344089381
:101F7000E5E7BB6853B1FB68002B40F0B980102146
:101F8000012000F06DFEF860B8B107468223089A80
:101F90003B60199BBA607B6013440893CFE7A0F5C0
:101FA0001457002F7FF404AF089B4DE7574FFFE60F
:101FB000C7F80C803FF448AF98E7554FF8E6314634
:101FC00019AA08A819978DF868701B97E0F7F6FD15
:101FD000002840F08F80199F002F3AD01B9A0646A8
:101FE000C4F804010346501E10F8012FD900013334
:101FF0008A40032B46EA0206C4F80461D4D89F4203
:10200000F2D8D1E7B3F5006F16D0B3F5803FCDD14C
:10201000314619AA08A819978DF868701B97E0F740
:10202000CDFD002866D1199B012B12D11B9A089B6C
:10203000127884F8182107E73146062304F58472E4
:1020400008A8E0F713FE002854D1D4F81031002B73
:10205000AAD1304FACE6A0F51457002F3FF43BAEA9
:10206000A6E61C4615E52C4FA2E6C4F8FC7030230A
:10207000C4F8007119AA314608A8E0F72BFD04F155
:10208000FC0704F58079002889D1089B9E423FF423
:10209000DBAE3A46314608A8E0F730FD88B110F1D2
:1020A000620F7FF47CAF3A46314608A8E0F750FD56
:1020B00000287FF474AFD4F8FC3013B10123C4F8C6
:1020C000FC30089B9E423FF4BFAE4A46314608A80A
:1020D000E0F73EFD00287FF462AF089B9E427FF44C
:1020E00005AFD4F8002133460132C4F80021ABE635
:1020F0000A4F5DE6B0F514573FF456AF58E600BFFF
:102100009ADAFFFFA0DAFFFF9EDAFFFF80DFFFFF12
:1021100096DAFFFF9CDAFFFF9ADBFFFF00DBFFFF91
:10212000002872D02DE9F04F0C468BB000296AD000
:1021300015460746002A3CD08B1813F8016C002E78
:1021400037D13349204600F07FFD90B3012D56D999
:102150000DF1180AB146B046059607A8EDF7CEFB7B
:10216000CDF808A0CDF804802346CDF8008007A85C
:10217000284A2749EDF7C8FB834610B31BF5A45F37
:1021800007A83ED01BF5845F0BD0EDF78DFD069AB6
:10219000B9F1000F08BFD9460136AD1A1444012D1C
:1021A000DBD8059B4BBB1C48B9F1000F18BF484654
:1021B00004E02A4621463846FFF740FC0BB0BDE854
:1021C000F08F069B3846089A0799ED1A1C44FFF7D2
:1021D00035FC834607A8EDF767FDBBF1000F09D07A
:1021E0001BF5225F06F101060BD0B9F1000F08BF05
:1021F000D946D4E701230593D1E73046DEE7064808
:10220000DCE75846DAE70548D8E70448704700BFDE
:10221000E8490020044A002080D8FFFF00D8FFFFD3
:102220002DE9F041294F002542690124B96B4FF097
:10223000020E16684FF4303821F47C010369DFF890
:102240009CC041F48021B9633168576839433160DB
:102250004FF001161E49C3F810E01D61C3F848C0D5
:102260005C629962C3F82C809F6C1A491F651D62DD
:102270009E651C61037E184E02EB03152C7A2B46DB
:1022800001EB0414A46826602C7AED6801EB0414B9
:10229000646825601C690CB15B692360407E0E4C4C
:1022A00002EB001393F828001A4601EB0010806837
:1022B000046093F82840D86A01EB04114B68186059
:1022C000136B0BB1526B1A60BDE8F08100C00F4078
:1022D000B80B05057008002061F801003B3728198C
:1022E0004369027E03EB0212F0B4147A8C4209D0E7
:1022F0001A7AFF2A06D08A4228D01A7EFF2A01D0F5
:102300008A4201D0F0BC704701252E4693E80600B2
:102310000968114217D00F4A03EB061305270E4E2A
:1023200002EB041461680F60197A02EB01118968ED
:102330000E601C7AD96802EB0412526811601A69A7
:102340000AB15B6913600576F0BC704700252E4624
:10235000DCE700BF7008002061F8010043690B4A08
:1023600003EB011010B4017A094C02EB01118968EA
:102370000C60047AC16802EB0412526811600269B1
:102380000AB1436913605DF8044B70477008002080
:1023900061F801004369427E03EB0212F0B492F847
:1023A00028408C420BD093F82820FF2A07D08A427D
:1023B0002BD093F83820FF2A01D08A4201D0F0BCFC
:1023C000704701252E4693E806000968114219D08E
:1023D0000F4A03EB061305270E4E02EB0414616847
:1023E0000F6093F8281002EB011189680E6093F8D2
:1023F0002840D96A02EB0412526811601A6B0AB1C4
:102400005B6B13604576F0BC704700252E46DAE71B
:102410007008002061F8010043690C4A03EB0110C9
:1024200010B490F828100A4C02EB011189680C6076
:1024300090F82840C16A02EB041252681160026BE6
:102440000AB1436B13605DF8044B704770080020BD
:1024500061F80100114B1249D86E0A4640F4403031
:1024600030B4D86640F23765D86EA02440F440708E
:10247000D8664D648C64936C1B06FCD4094B40F207
:102480003760A0211A4658649964936C13F0800356
:10249000FBD1054A137030BC704700BF00C00F402D
:1024A00000400C4000800C40DEEC0020704700BF74
:1024B000704700BF704700BFF0B5244A0020244B8E
:1024C0004FF0100C234C1126DFF8C8E012272060D3
:1024D0000125C2F800C0C3F800E01660DFF8B8E0DC
:1024E0001D4EC3F800E01D4917601E6041F0150144
:1024F0001B4F1C4E17601E601B4F1C4E17601E604A
:102500001B4F11601B4E1C491F6016601B4F19604A
:102510001B4E1C4917601E601B4F11601B4E1C494F
:102520001F60166019602560BFF34F8FBFF36F8F78
:10253000C3F8B001BFF34F8FBFF36F8F52F8883CE1
:1025400043F4403342F8883CF0BD00BF9CED00E00E
:10255000A0ED00E094ED00E009001000E0EE0020A6
:10256000130020002100020714000020250008139A
:10257000090000101600202027000B131700004050
:1025800033001013180000602F000B0719000070B3
:102590002F000B133F00001025000803F0B58D4BF2
:1025A00018228D4E01208D4948F20C7E8C4D4FF043
:1025B000FF378C4C83B0C3F85C12C3F8605200251F
:1025C000C3F86412C3F868424FF40054C3F86C6255
:1025D0008549C3F87062C3F87462C3F87862834EA9
:1025E000DA661A675A679A67DA67C3F88020C3F811
:1025F0008420C3F8882040F20562C1F82C03C1F89A
:102600003003C1F83403C1F83803C1F83C03C1F802
:1026100050032946B36976481840764B0343764801
:10262000B361D6F8843043F00C03C6F88430022638
:10263000036833430360036803EA0E0E6F4B4EEAF0
:102640000303DFF8F0E103606D4B4760DEF80870CC
:102650003B406C4F43F000538360C36823F0780322
:10266000C360036A1F40684B3B43664F0362036AC3
:102670001F40654B3B43654F43628762C762DEF88C
:10268000B830634F23F03F0343F00103C0F8B83084
:10269000DEF8BC30DFF884E123F03F0343F00103B0
:1026A000C0F8BC30056104660767C0F88020446646
:1026B0004767C0F884200468564B24F00204564A49
:1026C0000460C0F818E0C66143F8041B9342FBD1D4
:1026D000494B1A68194642F001021A600B68464AD3
:1026E00013F00103FAD14D4E022540F2F56440F299
:1026F000664040F299414A4F966142F20146D561E7
:1027000040F23545C2F8004242F20124C2F81002FC
:102710000120C2F820121146C2F8307207F15A4760
:10272000C2F8346207F51377C2F840523D4E3E4D71
:10273000C2F85072C2F85462C2F86052C2F86442E1
:10274000C2F8A030C2F8A430C2F8B0004B692A4ADF
:10275000DD07FBD5012300244FF48030114653617F
:10276000C2F8A040C2F8A400C2F8B0304B69224AB7
:10277000DC07FBD5012300244FF4003011465361E0
:10278000C2F8A040C2F8A400C2F8B0304B691A4A9F
:10279000D807FBD501230024244811465361C2F811
:1027A000A040C2F8A400C2F8B0304B69124ADB075F
:1027B000FBD5D2F8003145F60D5121209BB2506176
:1027C0008B4239D01A4B00221A605A609A60DA6044
:1027D00003B0F0BD00801F40F9700100F9B00100A6
:1027E000F9100100F900010000841F4000C00F40F3
:1027F000FFFCFF1F000300A000402A401200FFFF63
:10280000FF37F70000FFF07C40000080FF000F83DF
:102810006300020000422A4000432A40F05AF05A66
:102820009F041830063201263806180A04000300F7
:1028300090EE002000802A4000244FF480200123E5
:102840001146C2F8A040C2F8A400C2F8B0304B69EB
:102850003B4ADF07FBD501234FF40004002011465B
:102860005361C2F8A040C2F8A400C2F8B0304B696E
:10287000334ADE07FBD501234FF400044FF48030C8
:1028800011465361C2F8A040C2F8A400C2F8B030AB
:102890004B692B4ADD07FBD501234FF400044FF4AD
:1028A000003011465361C2F8A040C2F8A400C2F83B
:1028B000B0304B69224ADC07FBD501234FF40004FA
:1028C000204811465361C2F8A040C2F8A400C2F8E3
:1028D000B0304B691A4AD807FBD5D2F8003145F61B
:1028E0000D5121209BB250618B4210D0164B082213
:1028F0004FF400041A7015490020154A0123009076
:10290000521A1448224400F0C3F903B0F0BD4FF44A
:1029100000044FF4802101231046C2F8A040C2F801
:10292000A410C2F8B03043690549DB07FBD501208C
:10293000054B10224FF0807448611A70DBE700BF2E
:1029400000402A4004000300E2EC00200000007078
:102950000000007090EE0020F0B4174A40274FF4BA
:1029600080314FF480564FF400554FF4404443F209
:102970004200136913F0020F06D094615161906117
:10298000136913F0020FF8D113F4005F01D1556100
:10299000EFE713F4805F01D15661EAE7002BE8DA34
:1029A00013F4803F01D09161E3E75B0601D45761E6
:1029B000DFE7F0BC704700BF00800D40394A0320BC
:1029C0003949F3EE095A13689FED386A23F0010381
:1029D000DFED376AF0B4136000241061D1F8E03005
:1029E000344FD8B2C3F30B211B0D334E07EE100A40
:1029F00005EE101A07EE903A304BB8EEC55A304D3E
:102A0000B8EEC77A3060F8EEE77A29602D4937EEE4
:102A1000466A2D4E77EEC57A2C4877EE666A2C4DC5
:102A200037EE657A26EE276AC7ED007A66EEA76A6A
:102A3000176867EE277A83ED007AC6EE075A86EEAE
:102A4000876AC7EE876A35EE857AFCEEC77A36EE7E
:102A5000057A17EE903ABCEEC77A47EA035376EE52
:102A6000857A136017EE103AD2F81071FCEEE77A0F
:102A700001EA0341394317EE903AC2F81011C3F34B
:102A80000B03D2F810110B43C2F81031136843F056
:102A9000020313603470C0F840510E4B0122F0BCA9
:102AA0001A60704780810D4000441F400000AA4218
:102AB0000000B442D8E90020D0E90020D4E9002089
:102AC000CCE900200000FF0F40E400E0006400209B
:102AD0000914010008E100E0304B40F6617270B566
:102AE000C3F8202140F2044500F0B2F82C492D48EB
:102AF000D1F880202C4C42F003022C4BC1F88020EE
:102B0000C0F86051226813401BB9D0F8A8319A0769
:102B10001AD0244B4FF00041234A51631A46D3F890
:102B2000401141F00201C3F84011D2F840319B0737
:102B3000FBD44FF400301E491B4B4FF0004208609D
:102B400019209A6300F09CF81A4D0022164B4FF0A2
:102B50008041144C0A26996328461A601146C4F82D
:102B6000A8614FF4207200F077F84FF4810640F22C
:102B700043114FF48000104B104A2E602864C4F8B3
:102B80005851C4F84811C3F804220D4A4FF40031DB
:102B900001231160C4F8403170BD00BF00800D40BA
:102BA00000C00F4000002E4000900D40001C1E0091
:102BB0008CE200E00000002000640020D515010038
:102BC0000CE100E008B50E4B1B6E9B0700D4FBBE6A
:102BD00072B60C4B00200C4AC3F8400103F160436D
:102BE0000A49A3F55F2311649D46BFF34F8F084A3E
:102BF00003F5E0430749126818461960936898473F
:102C000000441F4000002E4000C00A400300200086
:102C10001C002000000012EBF8B500BFF8BC08BC97
:102C20009E467047000000005FF800F0A5470100D5
:102C30005FF800F0D14001005FF800F0610F010083
:102C40005FF800F0015401005FF800F095570100B3
:102C50005FF800F0751D01005FF800F0D148010039
:102C60005FF800F03D4001005FF800F049500100BE
:102C70005FF800F0754901005FF800F009480100B5
:102C80005FF800F0610101005FF800F0253D0100F0
:102C90005FF800F0D12601005FF800F09D490100C7
:102CA0005FF800F0190701005FF800F09DFE0000DA
:102CB0005FF800F0294A01005FF800F0194A0100AE
:102CC0005FF800F0290701005FF800F06D4E010089
:102CD0005FF800F0F941010045000000B138000044
:0C2CE0005D5D0000B561000069FD0000B2
:102CF00001000000020000000400000008000000C5
:102D000010000000200000004000000080000000D3
:102D10001B00000036000000637C777BF26B6FC500
:102D20003001672BFED7AB76CA82C97DFA5947F0CE
:102D3000ADD4A2AF9CA472C0B7FD9326363FF7CCAA
:102D400034A5E5F171D8311504C723C31896059A47
:102D5000071280E2EB27B27509832C1A1B6E5AA06A
:102D6000523BD6B329E32F8453D100ED20FCB15B55
:102D70006ACBBE394A4C58CFD0EFAAFB434D3385BE
:102D800045F9027F503C9FA851A3408F929D38F592
:102D9000BCB6DA2110FFF3D2CD0C13EC5F974417C9
:102DA000C4A77E3D645D197360814FDC222A908840
:102DB00046EEB814DE5E0BDBE0323A0A4906245CCC
:102DC000C2D3AC629195E479E7C8376D8DD54EA931
:102DD0006C56F4EA657AAE08BA78252E1CA6B4C6FD
:102DE000E8DD741F4BBD8B8A703EB5664803F60E56
:102DF000613557B986C11D9EE1F8981169D98E9445
:102E00009B1E87E9CE5528DF8CA1890DBFE642685D
:102E100041992D0FB054BB1651F4A7507E41655314
:102E20001A17A4C33A275E963BAB6BCB1F9D45F1A7
:102E3000ACFA58AB4BE303932030FA55AD766DF600
:102E400088CC7691F5024C254FE5D7FCC52ACBD727
:102E500026354480B562A38FDEB15A4925BA1B6777
:102E600045EA0E985DFEC0E1C32F7502814CF01259
:102E70008D4697A36BD3F9C6038F5FE715929C9598
:102E8000BF6D7AEB955259DAD4BE832D587421D395
:102E900049E069298EC9C84475C2896AF48E797877
:102EA00099583E6B27B971DDBEE14FB6F088AD177A
:102EB000C920AC667DCE3AB463DF4A18E51A318288
:102EC0009751336062537F45B16477E0BB6BAE844A
:102ED000FE81A01CF9082B94704868588F45FD1995
:102EE00094DE6C87527BF8B7AB73D323724B02E24C
:102EF000E31F8F576655AB2AB2EB28072FB5C203E5
:102F000086C57B9AD33708A5302887F223BFA5B2A0
:102F100002036ABAED16825C8ACF1C2BA779B492A1
:102F2000F307F2F04E69E2A165DAF4CD0605BED5ED
:102F3000D134621FC4A6FE8A342E539DA2F355A03D
:102F4000058AE132A4F6EB750B83EC394060EFAAF9
:102F50005E719F06BD6E10513E218AF996DD063DD9
:102F6000DD3E05AE4DE6BD4691548DB571C45D059F
:102F70000406D46F605015FF1998FB24D6BDE9975D
:102F8000894043CC67D99E77B0E842BD07898B88DA
:102F9000E7195B3879C8EEDBA17C0A477C420FE970
:102FA000F8841EC90000000009808683322BED489A
:102FB0001E1170AC6C5A724EFD0EFFFB0F85385619
:102FC0003DAED51E362D39270A0FD964685CA6217F
:102FD0009B5B54D124362E3A0C0A67B19357E70F06
:102FE000B4EE96D21B9B919E80C0C54F61DC20A29F
:102FF0005A774B691C121A16E293BA0AC0A02AE546
:103000003C22E043121B171D0E090D0BF28BC7ADBE
:103010002DB6A8B9141EA9C857F11985AF75074C6C
:10302000EE99DDBBA37F60FDF701269F5C72F5BCC6
:1030300044663BC55BFB7E348B432976CB23C6DCE1
:10304000B6EDFC68B8E4F163D731DCCA42638510A1
:103050001397224084C61120854A247DD2BB3DF8B7
:10306000AEF93211C729A16D1D9E2F4BDCB230F392
:103070000D8652EC77C1E3D02BB3166CA970B999C9
:10308000119448FA47E96422A8FC8CC4A0F03F1AC6
:10309000567D2CD8223390EF87494EC7D938D1C1FD
:1030A0008CCAA2FE98D40B36A6F581CFA57ADE286D
:1030B000DAB78E263FADBFA42C3A9DE45078920D2E
:1030C0006A5FCC9B547E4662F68D13C290D8B8E8F6
:1030D0002E39F75E82C3AFF59F5D80BE69D0937CC9
:1030E0006FD52DA9CF2512B3C8AC993B10187DA779
:1030F000E89C636EDB3BBB7BCD2678096E5918F4E8
:10310000EC9AB701834F9AA8E6956E65AAFFE67E12
:1031100021BCCF08EF15E8E6BAE79BD94A6F36CE57
:10312000EA9F09D429B07CD631A4B2AF2A3F23311B
:10313000C6A5943035A266C0744EBC37FC82CAA6C0
:10314000E090D0B033A7D815F104984A41ECDAF7F3
:103150007FCD500E1791F62F764DD68D43EFB04DA3
:10316000CCAA4D54E49604DF9ED1B5E34C6A881B8B
:10317000C12C1FB84665517F9D5EEA04018C355D08
:10318000FA877473FB0B412EB3671D5A92DBD25240
:10319000E91056336DD647139AD7618C37A10C7A54
:1031A00059F8148EEB133C89CEA927EEB761C935C7
:1031B000E11CE5ED7A47B13C9CD2DF5955F2733FF3
:1031C0001814CE7973C737BF53F7CDEA5FFDAA5BFA
:1031D000DF3D6F147844DB86CAAFF381B968C43E23
:1031E0003824342CC2A3405F161DC372BCE2250CE8
:1031F000283C498BFF0D954139A80171080CB3DEBD
:10320000D8B4E49C6456C1907BCB8461D532B6704F
:10321000486C5C74D0B85742F4A750514165537E56
:1032200017A4C31A275E963AAB6BCB3B9D45F11FA3
:10323000FA58ABACE303934B30FA5520766DF6ADFC
:10324000CC769188024C25F5E5D7FC4F2ACBD7C523
:103250003544802662A38FB5B15A49DEBA1B672573
:10326000EA0E9845FEC0E15D2F7502C34CF0128155
:103270004697A38DD3F9C66B8F5FE703929C951594
:103280006D7AEBBF5259DA95BE832DD47421D35891
:10329000E0692949C9C8448EC2896A758E7978F473
:1032A000583E6B99B971DD27E14FB6BE88AD17F076
:1032B00020AC66C9CE3AB47DDF4A18631A3182E584
:1032C00051336097537F45626477E0B16BAE84BB46
:1032D00081A01CFE082B94F94868587045FD198F91
:1032E000DE6C87947BF8B75273D323AB4B02E27248
:1032F0001F8F57E355AB2A66EB2807B2B5C2032FE1
:10330000C57B9A863708A5D32887F230BFA5B2239C
:10331000036ABA0216825CEDCF1C2B8A79B492A79D
:1033200007F2F0F369E2A14EDAF4CD6505BED506E9
:1033300034621FD1A6FE8AC42E539D34F355A0A239
:103340008AE13205F6EB75A483EC390B60EFAA40F5
:10335000719F065E6E1051BD218AF93EDD063D96D5
:103360003E05AEDDE6BD464D548DB591C45D05719B
:1033700006D46F045015FF6098FB2419BDE997D659
:103380004043CC89D99E7767E842BDB0898B8807D6
:10339000195B38E7C8EEDB797C0A47A1420FE97C6C
:1033A000841EC9F800000000808683092BED483296
:1033B0001170AC1E5A724E6C0EFFFBFD8538560F15
:1033C000AED51E3D2D3927360FD9640A5CA621687B
:1033D0005B54D19B362E3A240A67B10C57E70F9302
:1033E000EE96D2B49B919E1BC0C54F80DC20A2619B
:1033F000774B695A121A161C93BA0AE2A02AE5C042
:1034000022E0433C1B171D12090D0B0E8BC7ADF2BA
:10341000B6A8B92D1EA9C814F119855775074CAF68
:1034200099DDBBEE7F60FDA301269FF772F5BC5CC2
:10343000663BC544FB7E345B4329768B23C6DCCBDD
:10344000EDFC68B6E4F163B831DCCAD7638510429D
:1034500097224013C61120844A247D85BB3DF8D2B3
:10346000F93211AE29A16DC79E2F4B1DB230F3DC8E
:103470008652EC0DC1E3D077B3166C2B70B999A9C5
:103480009448FA11E9642247FC8CC4A8F03F1AA0C2
:103490007D2CD8563390EF22494EC78738D1C1D9F9
:1034A000CAA2FE8CD40B3698F581CFA67ADE28A569
:1034B000B78E26DAADBFA43F3A9DE42C78920D502A
:1034C0005FCC9B6A7E4662548D13C2F6D8B8E890F2
:1034D00039F75E2EC3AFF5825D80BE9FD0937C69C5
:1034E000D52DA96F2512B3CFAC993BC8187DA71075
:1034F0009C636EE83BBB7BDB267809CD5918F46EE4
:103500009AB701EC4F9AA883956E65E6FFE67EAA0E
:10351000BCCF082115E8E6EFE79BD9BA6F36CE4A53
:103520009F09D4EAB07CD629A4B2AF313F23312A17
:10353000A59430C6A266C0354EBC377482CAA6FCBC
:1035400090D0B0E0A7D8153304984AF1ECDAF741EF
:10355000CD500E7F91F62F174DD68D76EFB04D439F
:10356000AA4D54CC9604DFE4D1B5E39E6A881B4C87
:103570002C1FB8C165517F465EEA049D8C355D0104
:10358000877473FA0B412EFB671D5AB3DBD252923C
:10359000105633E9D647136DD7618C9AA10C7A3750
:1035A000F8148E59133C89EBA927EECE61C935B7C3
:1035B0001CE5EDE147B13C7AD2DF599CF2733F55EF
:1035C00014CE7918C737BF73F7CDEA53FDAA5B5FF6
:1035D0003D6F14DF44DB8678AFF381CA68C43EB91F
:1035E00024342C38A3405FC21DC37216E2250CBCE4
:1035F0003C498B280D9541FFA80171390CB3DE08B9
:10360000B4E49CD856C19064CB84617B32B670D54B
:103610006C5C7448B85742D05051F4A7537E416552
:10362000C31A17A4963A275ECB3BAB6BF11F9D459F
:10363000ABACFA58934BE303552030FAF6AD766DF8
:103640009188CC7625F5024CFC4FE5D7D7C52ACB1F
:10365000802635448FB562A349DEB15A6725BA1B6F
:103660009845EA0EE15DFEC002C32F7512814CF051
:10367000A38D4697C66BD3F9E7038F5F9515929C90
:10368000EBBF6D7ADA9552592DD4BE83D35874218D
:103690002949E069448EC9C86A75C28978F48E796F
:1036A0006B99583EDD27B971B6BEE14F17F088AD72
:1036B00066C920ACB47DCE3A1863DF4A82E51A3180
:1036C000609751334562537FE0B1647784BB6BAE42
:1036D0001CFE81A094F9082B58704868198F45FD8D
:1036E0008794DE6CB7527BF823AB73D3E2724B0244
:1036F00057E31F8F2A6655AB07B2EB28032FB5C2DD
:103700009A86C57BA5D33708F2302887B223BFA598
:10371000BA02036A5CED16822B8ACF1C92A779B499
:10372000F0F307F2A14E69E2CD65DAF4D50605BEE5
:103730001FD134628AC4A6FE9D342E53A0A2F35535
:1037400032058AE175A4F6EB390B83ECAA4060EFF1
:10375000065E719F51BD6E10F93E218A3D96DD06D1
:10376000AEDD3E05464DE6BDB591548D0571C45D97
:103770006F0406D4FF605015241998FB97D6BDE955
:10378000CC8940437767D99EBDB0E8428807898BD2
:1037900038E7195BDB79C8EE47A17C0AE97C420F68
:1037A000C9F8841E000000008309808648322BED92
:1037B000AC1E11704E6C5A72FBFD0EFF560F853811
:1037C0001E3DAED527362D39640A0FD921685CA677
:1037D000D19B5B543A24362EB10C0A670F9357E7FE
:1037E000D2B4EE969E1B9B914F80C0C5A261DC2097
:1037F000695A774B161C121A0AE293BAE5C0A02A3E
:10380000433C22E01D121B170B0E090DADF28BC7B6
:10381000B92DB6A8C8141EA98557F1194CAF750764
:10382000BBEE99DDFDA37F609FF70126BC5C72F5BE
:10383000C544663B345BFB7E768B4329DCCB23C6D9
:1038400068B6EDFC63B8E4F1CAD731DC1042638599
:10385000401397222084C6117D854A24F8D2BB3DAF
:1038600011AEF9326DC729A14B1D9E2FF3DCB2308A
:10387000EC0D8652D077C1E36C2BB31699A970B9C1
:10388000FA1194482247E964C4A8FC8C1AA0F03FBE
:10389000D8567D2CEF223390C787494EC1D938D1F5
:1038A000FE8CCAA23698D40BCFA6F58128A57ADE65
:1038B00026DAB78EA43FADBFE42C3A9D0D50789226
:1038C0009B6A5FCC62547E46C2F68D13E890D8B8EE
:1038D0005E2E39F7F582C3AFBE9F5D807C69D093C1
:1038E000A96FD52DB3CF25123BC8AC99A710187D71
:1038F0006EE89C637BDB3BBB09CD2678F46E5918E0
:1039000001EC9AB7A8834F9A65E6956E7EAAFFE60A
:103910000821BCCFE6EF15E8D9BAE79BCE4A6F364F
:10392000D4EA9F09D629B07CAF31A4B2312A3F2313
:1039300030C6A594C035A26637744EBCA6FC82CAB8
:10394000B0E090D01533A7D84AF10498F741ECDAEB
:103950000E7FCD502F1791F68D764DD64D43EFB09B
:1039600054CCAA4DDFE49604E39ED1B51B4C6A8883
:10397000B8C12C1F7F466551049D5EEA5D018C3500
:1039800073FA87742EFB0B415AB3671D5292DBD238
:1039900033E91056136DD6478C9AD7617A37A10C4C
:1039A0008E59F81489EB133CEECEA92735B761C9BF
:1039B000EDE11CE53C7A47B1599CD2DF3F55F273EB
:1039C000791814CEBF73C737EA53F7CD5B5FFDAAF2
:1039D00014DF3D6F867844DB81CAAFF33EB968C41B
:1039E0002C3824345FC2A34072161DC30CBCE225E0
:1039F0008B283C4941FF0D957139A801DE080CB3B5
:103A00009CD8B4E4906456C1617BCB8470D532B647
:103A100074486C5C42D0B857A75051F465537E414E
:103A2000A4C31A175E963A276BCB3BAB45F11F9D9B
:103A300058ABACFA03934BE3FA5520306DF6AD76F4
:103A4000769188CC4C25F502D7FC4FE5CBD7C52A1B
:103A500044802635A38FB5625A49DEB11B6725BA6B
:103A60000E9845EAC0E15DFE7502C32FF012814C4D
:103A700097A38D46F9C66BD35FE7038F9C9515928C
:103A80007AEBBF6D59DA9552832DD4BE21D3587489
:103A9000692949E0C8448EC9896A75C27978F48E6B
:103AA0003E6B995871DD27B94FB6BEE1AD17F0886E
:103AB000AC66C9203AB47DCE4A1863DF3182E51A7C
:103AC000336097517F45625377E0B164AE84BB6B3E
:103AD000A01CFE812B94F90868587048FD198F4589
:103AE0006C8794DEF8B7527BD323AB7302E2724B40
:103AF0008F57E31FAB2A66552807B2EBC2032FB5D9
:103B00007B9A86C508A5D33787F23028A5B223BF94
:103B10006ABA0203825CED161C2B8ACFB492A77995
:103B2000F2F0F307E2A14E69F4CD65DABED50605E1
:103B3000621FD134FE8AC4A6539D342E55A0A2F331
:103B4000E132058AEB75A4F6EC390B83EFAA4060ED
:103B50009F065E711051BD6E8AF93E21063D96DDCD
:103B600005AEDD3EBD464DE68DB591545D0571C493
:103B7000D46F040615FF6050FB241998E997D6BD51
:103B800043CC89409E7767D942BDB0E88B880789CE
:103B90005B38E719EEDB79C80A47A17C0FE97C4264
:103BA0001EC9F8840000000086830980ED48322B8E
:103BB00070AC1E11724E6C5AFFFBFD0E38560F850D
:103BC000D51E3DAE3927362DD9640A0FA621685C73
:103BD00054D19B5B2E3A243667B10C0AE70F9357FA
:103BE00096D2B4EE919E1B9BC54F80C020A261DC93
:103BF0004B695A771A161C12BA0AE2932AE5C0A03A
:103C0000E0433C22171D121B0D0B0E09C7ADF28BB2
:103C1000A8B92DB6A9C8141E198557F1074CAF7560
:103C2000DDBBEE9960FDA37F269FF701F5BC5C72BA
:103C30003BC544667E345BFB29768B43C6DCCB23D5
:103C4000FC68B6EDF163B8E4DCCAD7318510426395
:103C500022401397112084C6247D854A3DF8D2BBAB
:103C60003211AEF9A16DC7292F4B1D9E30F3DCB286
:103C700052EC0D86E3D077C1166C2BB3B999A970BD
:103C800048FA1194642247E98CC4A8FC3F1AA0F0BA
:103C90002CD8567D90EF22334EC78749D1C1D938F1
:103CA000A2FE8CCA0B3698D481CFA6F5DE28A57A61
:103CB0008E26DAB7BFA43FAD9DE42C3A920D507822
:103CC000CC9B6A5F4662547E13C2F68DB8E890D8EA
:103CD000F75E2E39AFF582C380BE9F5D937C69D0BD
:103CE0002DA96FD512B3CF25993BC8AC7DA710186D
:103CF000636EE89CBB7BDB3B7809CD2618F46E59DC
:103D0000B701EC9A9AA8834F6E65E695E67EAAFF06
:103D1000CF0821BCE8E6EF159BD9BAE736CE4A6F4B
:103D200009D4EA9F7CD629B0B2AF31A423312A3F0F
:103D30009430C6A566C035A2BC37744ECAA6FC82B4
:103D4000D0B0E090D81533A7984AF104DAF741ECE7
:103D5000500E7FCDF62F1791D68D764DB04D43EF97
:103D60004D54CCAA04DFE496B5E39ED1881B4C6A7F
:103D70001FB8C12C517F4665EA049D5E355D018CFC
:103D80007473FA87412EFB0B1D5AB367D25292DB34
:103D90005633E91047136DD6618C9AD70C7A37A148
:103DA000148E59F83C89EB1327EECEA9C935B761BB
:103DB000E5EDE11CB13C7A47DF599CD2733F55F2E7
:103DC000CE79181437BF73C7CDEA53F7AA5B5FFDEE
:103DD0006F14DF3DDB867844F381CAAFC43EB96817
:103DE000342C3824405FC2A3C372161D250CBCE2DC
:103DF000498B283C9541FF0D017139A8B3DE080CB1
:103E0000E49CD8B4C190645684617BCBB670D53243
:103E10005C74486C5742D0B8C66363A5F87C7C8458
:103E2000EE777799F67B7B8DFFF2F20DD66B6BBD4B
:103E3000DE6F6FB191C5C55460303050020101038F
:103E4000CE6767A9562B2B7DE7FEFE19B5D7D76243
:103E50004DABABE6EC76769A8FCACA451F82829D3F
:103E600089C9C940FA7D7D87EFFAFA15B25959EB35
:103E70008E4747C9FBF0F00B41ADADECB3D4D4672E
:103E80005FA2A2FD45AFAFEA239C9CBF53A4A4F759
:103E9000E47272969BC0C05B75B7B7C2E1FDFD1CB2
:103EA0003D9393AE4C26266A6C36365A7E3F3F4190
:103EB000F5F7F70283CCCC4F6834345C51A5A5F4F8
:103EC000D1E5E534F9F1F108E2717193ABD8D8731B
:103ED000623131532A15153F0804040C95C7C752A7
:103EE000462323659DC3C35E30181828379696A1D4
:103EF0000A05050F2F9A9AB50E07070924121236E4
:103F00001B80809BDFE2E23DCDEBEB264E2727694D
:103F10007FB2B2CDEA75759F1209091B1D83839E7E
:103F2000582C2C74341A1A2E361B1B2DDC6E6EB2D4
:103F3000B45A5AEE5BA0A0FBA45252F6763B3B4D1E
:103F4000B7D6D6617DB3B3CE5229297BDDE3E33EFC
:103F50005E2F2F7113848497A65353F5B9D1D1687E
:103F600000000000C1EDED2C40202060E3FCFC1FB0
:103F700079B1B1C8B65B5BEDD46A6ABE8DCBCB4676
:103F800067BEBED97239394B944A4ADE984C4CD43C
:103F9000B05858E885CFCF4ABBD0D06BC5EFEF2AD9
:103FA0004FAAAAE5EDFBFB16864343C59A4D4DD7B4
:103FB00066333355118585948A4545CFE9F9F91063
:103FC00004020206FE7F7F81A05050F0783C3C4402
:103FD000259F9FBA4BA8A8E3A25151F35DA3A3FE6E
:103FE000804040C0058F8F8A3F9292AD219D9DBC3D
:103FF00070383848F1F5F50463BCBCDF77B6B6C15C
:10400000AFDADA754221216320101030E5FFFF1A84
:10401000FDF3F30EBFD2D26D81CDCD4C180C0C1434
:1040200026131335C3ECEC2FBE5F5FE1359797A2E3
:10403000884444CC2E17173993C4C45755A7A7F208
:10404000FC7E7E827A3D3D47C86464ACBA5D5DE724
:104050003219192BE6737395C06060A0198181989D
:104060009E4F4FD1A3DCDC7F44222266542A2A7E55
:104070003B9090AB0B8888838C4646CAC7EEEE29EE
:104080006BB8B8D32814143CA7DEDE79BC5E5EE2C0
:10409000160B0B1DADDBDB76DBE0E03B643232560A
:1040A000743A3A4E140A0A1E924949DB0C06060A73
:1040B0004824246CB85C5CE49FC2C25DBDD3D36E5F
:1040C00043ACACEFC46262A6399191A8319595A436
:1040D000D3E4E437F279798BD5E7E7328BC8C8436C
:1040E0006E373759DA6D6DB7018D8D8CB1D5D564CA
:1040F0009C4E4ED249A9A9E0D86C6CB4AC5656FA85
:10410000F3F4F407CFEAEA25CA6565AFF47A7A8E4C
:1041100047AEAEE9100808186FBABAD5F0787888BB
:104120004A25256F5C2E2E72381C1C2457A6A6F13A
:1041300073B4B4C797C6C651CBE8E823A1DDDD7CD4
:10414000E874749C3E1F1F21964B4BDD61BDBDDCA6
:104150000D8B8B860F8A8A85E07070907C3E3E4284
:1041600071B5B5C4CC6666AA904848D80603030565
:10417000F7F6F6011C0E0E12C26161A36A35355FB7
:10418000AE5757F969B9B9D01786869199C1C15808
:104190003A1D1D27279E9EB9D9E1E138EBF8F813A7
:1041A0002B9898B322111133D26969BBA9D9D97060
:1041B000078E8E89339494A72D9B9BB63C1E1E229E
:1041C00015878792C9E9E92087CECE49AA5555FFC0
:1041D00050282878A5DFDF7A038C8C8F59A1A1F8AD
:1041E000098989801A0D0D1765BFBFDAD7E6E63158
:1041F000844242C6D06868B8824141C3299999B0C7
:104200005A2D2D771E0F0F117BB0B0CBA85454FC44
:104210006DBBBBD62C16163A6363A5C67C7C84F8AE
:10422000777799EE7B7B8DF6F2F20DFF6B6BBDD647
:104230006F6FB1DEC5C5549130305060010103028B
:104240006767A9CE2B2B7D56FEFE19E7D7D762B53F
:10425000ABABE64D76769AECCACA458F82829D1F3B
:10426000C9C940897D7D87FAFAFA15EF5959EBB231
:104270004747C98EF0F00BFBADADEC41D4D467B32A
:10428000A2A2FD5FAFAFEA459C9CBF23A4A4F75355
:10429000727296E4C0C05B9BB7B7C275FDFD1CE1AE
:1042A0009393AE3D26266A4C36365A6C3F3F417E8C
:1042B000F7F702F5CCCC4F8334345C68A5A5F451F4
:1042C000E5E534D1F1F108F9717193E2D8D873AB17
:1042D0003131536215153F2A04040C08C7C75295A3
:1042E00023236546C3C35E9D181828309696A137D0
:1042F00005050F0A9A9AB52F0707090E12123624E0
:1043000080809B1BE2E23DDFEBEB26CD2727694E49
:10431000B2B2CD7F75759FEA09091B1283839E1D7A
:104320002C2C74581A1A2E341B1B2D366E6EB2DCD0
:104330005A5AEEB4A0A0FB5B5252F6A43B3B4D761A
:10434000D6D661B7B3B3CE7D29297B52E3E33EDDF8
:104350002F2F715E848497135353F5A6D1D168B97A
:1043600000000000EDED2CC120206040FCFC1FE3AC
:10437000B1B1C8795B5BEDB66A6ABED4CBCB468D72
:10438000BEBED96739394B724A4ADE944C4CD49838
:104390005858E8B0CFCF4A85D0D06BBBEFEF2AC5D5
:1043A000AAAAE54FFBFB16ED4343C5864D4DD79AB0
:1043B00033335566858594114545CF8AF9F910E95F
:1043C000020206047F7F81FE5050F0A03C3C4478FE
:1043D0009F9FBA25A8A8E34B5151F3A2A3A3FE5D6A
:1043E0004040C0808F8F8A059292AD3F9D9DBC2139
:1043F00038384870F5F504F1BCBCDF63B6B6C17758
:10440000DADA75AF2121634210103020FFFF1AE580
:10441000F3F30EFDD2D26DBFCDCD4C810C0C141830
:1044200013133526ECEC2FC35F5FE1BE9797A235DF
:104430004444CC881717392EC4C45793A7A7F25504
:104440007E7E82FC3D3D477A6464ACC85D5DE7BA20
:1044500019192B32737395E66060A0C08181981999
:104460004F4FD19EDCDC7FA3222266442A2A7E5451
:104470009090AB3B8888830B4646CA8CEEEE29C7EA
:10448000B8B8D36B14143C28DEDE79A75E5EE2BCBC
:104490000B0B1D16DBDB76ADE0E03BDB3232566406
:1044A0003A3A4E740A0A1E144949DB9206060A0C6F
:1044B00024246C485C5CE4B8C2C25D9FD3D36EBD5B
:1044C000ACACEF436262A6C49191A8399595A43132
:1044D000E4E437D379798BF2E7E732D5C8C8438B68
:1044E0003737596E6D6DB7DA8D8D8C01D5D564B1C6
:1044F0004E4ED29CA9A9E0496C6CB4D85656FAAC81
:10450000F4F407F3EAEA25CF6565AFCA7A7A8EF448
:10451000AEAEE94708081810BABAD56F787888F0B7
:1045200025256F4A2E2E725C1C1C2438A6A6F15736
:10453000B4B4C773C6C65197E8E823CBDDDD7CA1D0
:1045400074749CE81F1F213E4B4BDD96BDBDDC61A2
:104550008B8B860D8A8A850F707090E03E3E427C80
:10456000B5B5C4716666AACC4848D8900303050661
:10457000F6F601F70E0E121C6161A3C235355F6AB3
:104580005757F9AEB9B9D06986869117C1C1589904
:104590001D1D273A9E9EB927E1E138D9F8F813EBA3
:1045A0009898B32B111133226969BBD2D9D970A95C
:1045B0008E8E89079494A7339B9BB62D1E1E223C9A
:1045C00087879215E9E920C9CECE49875555FFAABC
:1045D00028287850DFDF7AA58C8C8F03A1A1F859A9
:1045E000898980090D0D171ABFBFDA65E6E631D754
:1045F0004242C6846868B8D04141C3829999B029C3
:104600002D2D775A0F0F111EB0B0CB7B5454FCA840
:10461000BBBBD66D16163A2CA5C6636384F87C7CAA
:1046200099EE77778DF67B7B0DFFF2F2BDD66B6B43
:10463000B1DE6F6F5491C5C5506030300302010187
:10464000A9CE67677D562B2B19E7FEFE62B5D7D73B
:10465000E64DABAB9AEC7676458FCACA9D1F828237
:104660004089C9C987FA7D7D15EFFAFAEBB259592D
:10467000C98E47470BFBF0F0EC41ADAD67B3D4D426
:10468000FD5FA2A2EA45AFAFBF239C9CF753A4A451
:1046900096E472725B9BC0C0C275B7B71CE1FDFDAA
:1046A000AE3D93936A4C26265A6C3636417E3F3F88
:1046B00002F5F7F74F83CCCC5C683434F451A5A5F0
:1046C00034D1E5E508F9F1F193E2717173ABD8D813
:1046D000536231313F2A15150C0804045295C7C79F
:1046E000654623235E9DC3C328301818A1379696CC
:1046F0000F0A0505B52F9A9A090E070736241212DC
:104700009B1B80803DDFE2E226CDEBEB694E272745
:10471000CD7FB2B29FEA75751B1209099E1D838376
:1047200074582C2C2E341A1A2D361B1BB2DC6E6ECC
:10473000EEB45A5AFB5BA0A0F6A452524D763B3B16
:1047400061B7D6D6CE7DB3B37B5229293EDDE3E3F4
:10475000715E2F2F97138484F5A6535368B9D1D176
:10476000000000002CC1EDED604020201FE3FCFCA8
:10477000C879B1B1EDB65B5BBED46A6A468DCBCB6E
:10478000D967BEBE4B723939DE944A4AD4984C4C34
:10479000E8B058584A85CFCF6BBBD0D02AC5EFEFD1
:1047A000E54FAAAA16EDFBFBC5864343D79A4D4DAC
:1047B0005566333394118585CF8A454510E9F9F95B
:1047C0000604020281FE7F7FF0A0505044783C3CFA
:1047D000BA259F9FE34BA8A8F3A25151FE5DA3A366
:1047E000C08040408A058F8FAD3F9292BC219D9D35
:1047F0004870383804F1F5F5DF63BCBCC177B6B654
:1048000075AFDADA63422121302010101AE5FFFF7C
:104810000EFDF3F36DBFD2D24C81CDCD14180C0C2C
:10482000352613132FC3ECECE1BE5F5FA2359797DB
:10483000CC884444392E17175793C4C4F255A7A700
:1048400082FC7E7E477A3D3DACC86464E7BA5D5D1C
:104850002B32191995E67373A0C060609819818195
:10486000D19E4F4F7FA3DCDC664422227E542A2A4D
:10487000AB3B9090830B8888CA8C464629C7EEEEE6
:10488000D36BB8B83C28141479A7DEDEE2BC5E5EB8
:104890001D160B0B76ADDBDB3BDBE0E05664323202
:1048A0004E743A3A1E140A0ADB9249490A0C06066B
:1048B0006C482424E4B85C5C5D9FC2C26EBDD3D357
:1048C000EF43ACACA6C46262A8399191A43195952E
:1048D00037D3E4E48BF2797932D5E7E7438BC8C864
:1048E000596E3737B7DA6D6D8C018D8D64B1D5D5C2
:1048F000D29C4E4EE049A9A9B4D86C6CFAAC56567D
:1049000007F3F4F425CFEAEAAFCA65658EF47A7A44
:10491000E947AEAE18100808D56FBABA88F07878B3
:104920006F4A2525725C2E2E24381C1CF157A6A632
:10493000C773B4B45197C6C623CBE8E87CA1DDDDCC
:104940009CE87474213E1F1FDD964B4BDC61BDBD9E
:10495000860D8B8B850F8A8A90E07070427C3E3E7C
:10496000C471B5B5AACC6666D8904848050603035D
:1049700001F7F6F6121C0E0EA3C261615F6A3535AF
:10498000F9AE5757D069B9B9911786865899C1C100
:10499000273A1D1DB9279E9E38D9E1E113EBF8F89F
:1049A000B32B989833221111BBD2696970A9D9D958
:1049B00089078E8EA7339494B62D9B9B223C1E1E96
:1049C0009215878720C9E9E94987CECEFFAA5555B8
:1049D000785028287AA5DFDF8F038C8CF859A1A1A5
:1049E00080098989171A0D0DDA65BFBF31D7E6E650
:1049F000C6844242B8D06868C3824141B0299999BF
:104A0000775A2D2D111E0F0FCB7BB0B0FCA854543C
:104A1000D66DBBBB3A2C161663A5C6637C84F87CA6
:104A20007799EE777B8DF67BF20DFFF26BBDD66B3F
:104A30006FB1DE6FC55491C5305060300103020183
:104A400067A9CE672B7D562BFE19E7FED762B5D737
:104A5000ABE64DAB769AEC76CA458FCA829D1F8233
:104A6000C94089C97D87FA7DFA15EFFA59EBB25929
:104A700047C98E47F00BFBF0ADEC41ADD467B3D422
:104A8000A2FD5FA2AFEA45AF9CBF239CA4F753A44D
:104A90007296E472C05B9BC0B7C275B7FD1CE1FDA6
:104AA00093AE3D93266A4C26365A6C363F417E3F84
:104AB000F702F5F7CC4F83CC345C6834A5F451A5EC
:104AC000E534D1E5F108F9F17193E271D873ABD80F
:104AD00031536231153F2A15040C0804C75295C79B
:104AE00023654623C35E9DC31828301896A13796C8
:104AF000050F0A059AB52F9A07090E0712362412D8
:104B0000809B1B80E23DDFE2EB26CDEB27694E2741
:104B1000B2CD7FB2759FEA75091B1209839E1D8372
:104B20002C74582C1A2E341A1B2D361B6EB2DC6EC8
:104B30005AEEB45AA0FB5BA052F6A4523B4D763B12
:104B4000D661B7D6B3CE7DB3297B5229E33EDDE3F0
:104B50002F715E2F8497138453F5A653D168B9D172
:104B600000000000ED2CC1ED20604020FC1FE3FCA4
:104B7000B1C879B15BEDB65B6ABED46ACB468DCB6A
:104B8000BED967BE394B72394ADE944A4CD4984C30
:104B900058E8B058CF4A85CFD06BBBD0EF2AC5EFCD
:104BA000AAE54FAAFB16EDFB43C586434DD79A4DA8
:104BB000335566338594118545CF8A45F910E9F957
:104BC000020604027F81FE7F50F0A0503C44783CF6
:104BD0009FBA259FA8E34BA851F3A251A3FE5DA362
:104BE00040C080408F8A058F92AD3F929DBC219D31
:104BF00038487038F504F1F5BCDF63BCB6C177B650
:104C0000DA75AFDA2163422110302010FF1AE5FF78
:104C1000F30EFDF3D26DBFD2CD4C81CD0C14180C28
:104C200013352613EC2FC3EC5FE1BE5F97A23597D7
:104C300044CC884417392E17C45793C4A7F255A7FC
:104C40007E82FC7E3D477A3D64ACC8645DE7BA5D18
:104C5000192B32197395E67360A0C0608198198191
:104C60004FD19E4FDC7FA3DC226644222A7E542A49
:104C700090AB3B9088830B8846CA8C46EE29C7EEE2
:104C8000B8D36BB8143C2814DE79A7DE5EE2BC5EB4
:104C90000B1D160BDB76ADDBE03BDBE032566432FE
:104CA0003A4E743A0A1E140A49DB9249060A0C0667
:104CB000246C48245CE4B85CC25D9FC2D36EBDD353
:104CC000ACEF43AC62A6C46291A8399195A431952A
:104CD000E437D3E4798BF279E732D5E7C8438BC860
:104CE00037596E376DB7DA6D8D8C018DD564B1D5BE
:104CF0004ED29C4EA9E049A96CB4D86C56FAAC5679
:104D0000F407F3F4EA25CFEA65AFCA657A8EF47A40
:104D1000AEE947AE08181008BAD56FBA7888F078AF
:104D2000256F4A252E725C2E1C24381CA6F157A62E
:104D3000B4C773B4C65197C6E823CBE8DD7CA1DDC8
:104D4000749CE8741F213E1F4BDD964BBDDC61BD9A
:104D50008B860D8B8A850F8A7090E0703E427C3E78
:104D6000B5C471B566AACC6648D890480305060359
:104D7000F601F7F60E121C0E61A3C261355F6A35AB
:104D800057F9AE57B9D069B986911786C15899C1FC
:104D90001D273A1D9EB9279EE138D9E1F813EBF89B
:104DA00098B32B981133221169BBD269D970A9D954
:104DB0008E89078E94A733949BB62D9B1E223C1E92
:104DC00087921587E920C9E9CE4987CE55FFAA55B4
:104DD00028785028DF7AA5DF8C8F038CA1F859A1A1
:104DE000898009890D171A0DBFDA65BFE631D7E64C
:104DF00042C6844268B8D06841C3824199B02999BB
:104E00002D775A2D0F111E0FB0CB7BB054FCA85438
:104E1000BBD66DBB163A2C1652096AD53036A5386A
:104E2000BF40A39E81F3D7FB7CE339829B2FFF8792
:104E3000348E4344C4DEE9CB547B9432A6C2233D76
:104E4000EE4C950B42FAC34E082EA16628D924B227
:104E5000765BA2496D8BD12572F8F6648668981648
:104E6000D4A45CCC5D65B6926C704850FDEDB9DAA7
:104E70005E154657A78D9D8490D8AB008CBCD30A95
:104E8000F7E45805B8B34506D02C1E8FCA3F0F0271
:104E9000C1AFBD0301138A6B3A9111414F67DCEA40
:104EA00097F2CFCEF0B4E67396AC7422E7AD3585B9
:104EB000E2F937E81C75DF6E47F11A711D29C589C3
:104EC0006FB7620EAA18BE1BFC563E4BC6D27920A5
:104ED0009ADBC0FE78CD5AF41FDDA8338807C731AE
:104EE000B11210592780EC5F60517FA919B54A0DA6
:104EF0002DE57A9F93C99CEFA0E03B4DAE2AF5B01B
:104F0000C8EBBB3C83539961172B047EBA77D62636
:104F1000E169146355210C7D6BC1BEE22E409F9662
:104F2000E93D7E117393172AAE2D8A571E03AC9C60
:104F30009EB76FAC45AF8E5130C81C46A35CE411E0
:104F4000E5FBC1191A0A52EFF69F2445DF4F9B1764
:104F5000AD2B417BE66C371044416AC2D1F53C5819
:104F60003303917E6BE9EBE048E31E9E256718F260
:104F70009229319C19F15BA4058CCFFDBBCB382D58
:104F80001F6F56585D8A4ADEC34C052CC0DA8D73FC
:104F9000451AFE5F03BE297FF3F6752AE8D7831111
:104FA00038F041560631B1148B79EECC93A0EE5D0A
:104FB000FF30B4EA21636DA4FACA37E0B0C8537376
:104FC000DF706E73F7C9AF865DF678DD17BA4E7580
:104FD000B61768C6ADEF7C7B4804E1818FE6297582
:104FE00019A3E88C573104138A05FC5E095AF4842E
:104FF0008A08D328D3688E3D7BD966D53AD8C1BB01
:1050000085D2ADFAE87BB104FE3C53653E2F45B531
:105010006FCD88B2CC898FF000010203040506072A
:1050200008090A0B0C0D0E0F2B7E151628AED2A602
:10503000ABF7158809CF4F3C0000000000000000CE
:1050400000000000000000008E73B0F7DA0E64521A
:10505000C810F32B809079E562F8EAD2522C6B7B72
:105060000000000000000000603DEB1015CA71BE9A
:105070002B73AEF0857D77811F352C073B6108D7F8
:105080002D9810A30914DFF43B3FD92EB72DAD2086
:10509000333449F8E83CFB4AC8A64537A0B3A93FDA
:1050A000CDE3CDAD9F1CE58B26751F67A3CBB1402B
:1050B000B1808CF187A4F4DFC04B05357C5D1C0EFC
:1050C000EAC4C66F9FF7F2E6CDC80D6FDDF18CAB79
:1050D00034C25909C99A417467CE7F7F811736213E
:1050E000961A2B70171D3D7A2E1E8A1DD59B88B1EE
:1050F000C8E60FED1EFAC4C9C05F9F9CA9834FA0EC
:1051000042AE8FBA584B09FFDC7E84BFDA79164B6A
:105110007ECD8486985D386039FFED143B28B1C898
:1051200032113C6331E5407BDF10132415E54B92CF
:10513000A13ED0A8267AE2F975A385741AB9CEF8F3
:105140002031623D55B1E4710000003000000000E4
:105150000000000000000001006CB6DBC0543B59A9
:10516000DA48D90B0000000100E0017B27777F3F80
:105170004A1786F000000001AE6852F8121067CCA2
:105180004BF7A5765577F39E7E24067817FAE0D77D
:1051900043D6CE1F325391637691BE035E5020A852
:1051A000AC6E618529F9A0DC100000002000000031
:1051B00024000000E4095D4FB7A7B3792D6175A302
:1051C000261311B8000000000000000000000000DD
:1051D00000000000000000000000000000000000CF
:1051E000000000005104A106168A72D9790D41EE23
:1051F0008EDAD388EB2E1EFC46DA57C8FCE630DF89
:105200009141BE28000000000000000000000000E6
:1052100000000000C1CF48A89F2FFDD9CF4652E91A
:10522000EFDB72D74540A42BDE6D7836D59A5CEA69
:10523000AEF3105325B2072F00000000000000005D
:105240000000000053696E676C6520626C6F636BD1
:10525000206D7367000000000000000000000000E7
:10526000000000000000000000000000000000003E
:1052700000000000000102030405060708090A0BEC
:105280000C0D0E0F101112131415161718191A1BE6
:105290001C1D1E1F00000000000000000000000098
:1052A00000000000000102030405060708090A0BBC
:1052B0000C0D0E0F101112131415161718191A1BB6
:1052C0001C1D1E1F202122230000000000000000E2
:1052D000000000004142434445464748494A4B4C80
:1052E0004D4E4F505152535455565758595A61626A
:1052F000636465666768696A6B6C6D6E6F70717206
:10530000737475767778797A30313233343536374D
:1053100038392B2F7F7F7F7F7F7F7F7F7F7F7F7FCE
:105320007F7F7F7F7F7F7F7F7F7F7F7F7F7F7F7F8D
:105330007F7F7F7F7F7F7F7F7F7F7F7F7F7F7F3EBE
:105340007F7F7F3F3435363738393A3B3C3D7F7F6E
:105350007F407F7F7F000102030405060708090ADA
:105360000B0C0D0E0F101112131415161718197FB0
:105370007F7F7F7F7F1A1B1C1D1E1F20212223245D
:1053800025262728292A2B2C2D2E2F303132337F0A
:105390007F7F7F7F24486E5687625ABDBF17D9A290
:1053A000C4171A0194ED8F1E11B3D7090CB6E9107A
:1053B0006F22EE13CAB3070576C9FA316C0834FFC1
:1053C0008DC26C380043E95497AF504BD141BA9528
:1053D000315A0B974A456875566F64695772322F78
:1053E00046396D6978426361415A54746A7834521F
:1053F0007339634A444C6270454738693768504B8B
:105400007377634664736E364D5777494E502B4E13
:10541000776D773441455070564A657655457652DA
:10542000516271564D566F4C6C773D3D0000000047
:105430000300000005000000070000000B00000052
:105440000D00000011000000130000001700000014
:105450001D0000001F0000002500000029000000C2
:105460002B0000002F000000350000003B00000072
:105470003D0000004300000047000000490000001C
:105480004F000000530000005900000061000000C0
:1054900065000000670000006B0000006D00000068
:1054A000710000007F000000830000008900000000
:1054B0008B00000095000000970000009D00000098
:1054C000A3000000A7000000AD000000B300000032
:1054D000B5000000BF000000C1000000C5000000D2
:1054E000C7000000D3000000DF000000E300000060
:1054F000E5000000E9000000EF000000F1000000FE
:10550000FB00000001010000070100000D01000088
:105510000F01000015010000190100001B0100002F
:1055200025010000330100003701000039010000AF
:105530003D0100004B010000510100005B01000033
:105540005D01000061010000670100006F010000C3
:10555000750100007B0100007F0100008501000053
:105560008D0100009101000099010000A3010000DD
:10557000A5010000AF010000B1010000B70100006B
:10558000BB010000C1010000C9010000CD01000005
:10559000CF010000D3010000DF010000E70100009F
:1055A000EB010000F3010000F7010000FD01000025
:1055B000090200000B0200001D020000230200008F
:1055C0002D02000033020000390200003B020000FF
:1055D000410200004B02000051020000570200008F
:1055E000590200005F02000065020000690200002D
:1055F0006B020000770200008102000083020000BD
:10560000870200008D020000930200009502000056
:10561000A1020000A5020000AB020000B3020000DE
:10562000BD020000C5020000CF020000D70200004A
:10563000DD020000E3020000E7020000EF020000CC
:10564000F5020000F902000001030000050300005C
:10565000130300001D030000290300002B030000BA
:1056600035030000370300003B0300003D0300004A
:105670004703000055030000590300005B030000CE
:105680005F0300006D03000071030000730300005E
:10569000770300008B0300008F03000097030000D6
:1056A000A1030000A9030000AD030000B303000044
:1056B000B9030000C7030000CB030000D1030000C2
:1056C000D7030000DF030000E503000099FFFFFFA0
:1056D000B50200006102000015000000E4060000B1
:1056E000640300001C0000000BB1CD2D06D3502038
:1056F0000100000038411676D99360F272C2AB9A6D
:10570000750657A091F7B5C9A28CD290F607A727C6
:105710008EB249DE435CD7C73EF58F671F186EAF68
:105720002FE2850D53F09C65EAA3AE9EEC802D6BB5
:10573000A82B36A6C5864D33FD6658963A099510B6
:1057400078D842CCEF26E5611A3F3B82B6DBD4988D
:10575000E88B02EB0A2C1DB06F8D880E19874E0B5B
:10576000A90C79117F22E759E1DA3DC8120474547B
:10577000307EB428556850BED0C431CB2AAD0FCA94
:1057800070FF326908620024D1FBBAED4581736D68
:10579000849FEE4AC32EC101E6254899B9B37BF92F
:1057A000CEBFDF7129CD6C13649B639DC04BB7A541
:1057B000895FB117F4BCD346CF375E4794FAFC5BE0
:1057C00097FE5AAC3C4C0335F323B85D6A92D52161
:1057D0004451C67D3983DCAA7C7756051BA4153459
:1057E0001E1CF8522014E9BDDDE4A1E08AF1D67A4E
:1057F000BBE3404F70822CECB327C0E5E4855735FE
:10580000EA0CAE4123EF6B934519A521ED0E4F4EE7
:105810001D6592BD86B8AF8F7CEB1FCE3E30DC5F3E
:105820005EC50B1AA6E139CAD5475D3DD9015AD6E6
:1058300051566C4D8B0D9A66FBCCB02D74122B20FB
:10584000F0B18499DF4CCBC2347E76056DB7A931B7
:10585000D11704D714583A61DE1B111C320F9C1665
:105860005318F222FE44CFB2C3B57A912408E8A8B7
:1058700060FC6950AAD0A07DA1896297545B1E95F7
:10588000E0FF64D210C40048A3F775DB8A03E6DAB0
:10589000093FDD94875C8302CD4A90337367F6F34A
:1058A0009D7FBFE2529BD826C837C63B81966F4B7F
:1058B00013BE632EE979A78C9F6EBC8E29F5F9B6CD
:1058C0002FFDB4597898066AE74671BAD425AB42E1
:1058D00088A28DFA7207B955F8EEAC0A36492A68E3
:1058E0003C38F1A44028D37BBBC943C115E3ADF4D8
:1058F00077C7809E702CB3C0E457EAAE236B45A5F2
:10590000ED4F1D9286AF7C1F3EDC5E0BA639D55D48
:10591000D95A516C8B9AFBB0742BF084DFCB347660
:105920006DA9D104143ADE11329C53F2FECFC37A32
:1059300024E86069AAA0A162541EE0641000A37567
:105940008AE609DD8783CD9073F69DBF52D8C8C61D
:10595000816F1363E9A79FBC29F92FB47806E7711B
:10596000D4AB888D72B9F8AC362A3CF140D3BB4336
:1059700015AD778082EC27E585350C41EF93192131
:105980000E4E65BDB88FEBCE305FC51AE1CA473DFC
:1059900001D6564D0D66CC2D1220B1994CC27E0514
:1059A000B73117D758611B1C0F16182244B2B59196
:1059B00008A8FC50D07D89975B95FFD2C448F7DBDF
:1059C00003DA3F945C024A3367F37FE29B26373B5E
:1059D000964BBE2E798C6E8EF5B6FD59986A46BAF6
:1059E0002542A2FA0755EE0A496838A4287BC9C1A6
:1059F000E3F4C79EE00558D9674E81CBC90BAE6A68
:105A0000D5185D8246DFD6278A324B42DB1C9E9C2E
:105A10003ACA257B0D715F1FF8D73E9D7C60B9BEE9
:105A2000BC8B16344DC37295AB8EBA7AB302B4AD4B
:105A3000A2ACD89A171A35CCF799615AE824564087
:105A4000E1630933BF98978568FCEC0ADA6F53620B
:105A5000A32E08AF28B074C2BD362238641E392C7C
:105A6000A630E544FD889F65876BF4234810D1512B
:105A7000C0F9D2A055A141FA4313C42FA8B63C2BBC
:105A8000C1FFC8A52089009047EFEAB71506CDB53C
:105A9000127EBB290FB807049B942166E6CEEDE782
:105AA0003BFE7FC5A437B14C916E8D76032DDE96FB
:105AB000267DC65CD3F24F193FDC791D52EBF36DA6
:105AC0005EFB69B2F0310CD4CF8CE275A94A5784E1
:105AD00011451BF5E40E73AAF1DD59146C9254D0F4
:105AE0007870E3498050A7F6779386832AC75BE9ED
:105AF000EE8F013DA09E667F3BCC908BB67AE85836
:105B00004CAA73B2C6EF372FE94F82BE54FF53A59C
:105B1000F1D36F1C10E527FADE682D1DB05688C240
:105B2000B3E6C1FD01010101000000000101010116
:105B3000000000000100010101010001010101005C
:105B4000010100010001020308090A0B2627242590
:105B5000171415161BFFFF1AFFFFFFFFFFFFFFFFC4
:105B6000FFFFFFFFFFFFFFFFFFFFFFFF040506072B
:105B70000C0D0E0F10111213FF1819FF1F1C1D1E04
:105B8000FFFFFFFFFFFFFFFFFFFFFFFFFFFFFFFF25
:105B9000FFFFFFFF000102033D3E3F3CFFFFFFFF11
:105BA0001B18191A23202122FFFFFFFF08090A0BE7
:105BB00010111213FFFFFFFF27242526FFFFFFFF11
:105BC0000C0D0E0F3A3B38391F1C1D1EFFFFFFFF47
:105BD000040506074142434014151617FFFFFFFF57
:105BE0002B28292A15161714FFFFFFFF1213101177
:105BF0000B08090A0F0C0D0E191A1B181D1E1F1C6D
:105C000012131011FFFFFFFFFFFFFFFF0123456786
:105C100089ABCDEFFEDCBA9876543210000000005C
:105C20000000000000000000000000000000000074
:105C30000000000000000000000000000000000064
:105C40000000000000000000000000000123456784
:105C500089ABCDEFFEDCBA987654321000112233B6
:105C600044556677000000000000000000000000BE
:105C70000000000000000000000000000000000024
:105C80000000000000000000000000000123456744
:105C900089ABCDEFFEDCBA98765432100011223376
:105CA000445566778899AABBCCDDEEFF0000000062
:105CB00000000000000000000000000000000000E4
:105CC000000000000000000000000000676731389D
:105CD000549669730857065648EABE43383C6C2A06
:105CE000ABEF7FDE25CD470BF774A331B4993401B8
:105CF000B3E996F84EE5CEE7D79B09B9D1763FC018
:105D000019D77CC930BFF2A56F7C93649ACC237DF0
:105D1000FF16D76C20EF7C919E3A75090503FB10A6
:105D2000AB241E7CF45D8CDEEE47433501234567D2
:105D300089ABCDEFFEDCBA9876543210000000003B
:105D4000020000000000000000000000000102034B
:105D50000405060708090A0B0C0D0E0F2B7E1516FD
:105D600028AED2A6ABF7158809CF4F3C0000000043
:105D70000000000000000000000000008E73B0F77B
:105D8000DA0E6452C810F32B809079E562F8EAD2FB
:105D9000522C6B7B0000000000000000603DEB1007
:105DA00015CA71BE2B73AEF0857D77811F352C0728
:105DB0003B6108D72D9810A30914DFF41607CF49CB
:105DC0004B36BBF00DAEB0B503C831ABA2F2CF6716
:105DD0001629EF7840C5A5DFB50748870F0616508E
:105DE00008CF8B8B5A63586362543E542A4830ABB9
:105DF0005AC4A1A2405955FD2195CF935D5A869B67
:105E0000D14CE54264F892A6DD2EC3D537D359C3F1
:105E1000349836D884E310ADDF68C449E6CFA35F79
:105E2000C02B134A4D2C0B6737AC3EDA36CBEB73E5
:105E3000BD504B4070B1B7DE2B21EB50E31A6055DB
:105E4000297D96CA3330CDF1B1860A836BC1BEE29B
:105E50002E409F96E93D7E117393172AAE2D8A57E7
:105E60001E03AC9C9EB76FAC45AF8E5130C81C462C
:105E7000A35CE411E5FBC1191A0A52EF00000030DF
:105E8000000000000000000000000001006CB6DB14
:105E9000C0543B59DA48D90B0000000100E0017BF7
:105EA00027777F3F4A1786F000000001AE6852F85E
:105EB000121067CC4BF7A5765577F39E7E240678B3
:105EC00017FAE0D743D6CE1F325391637691BE03C3
:105ED0005E5020A8AC6E618529F9A0DCD09DC29AE5
:105EE0008214619A20877C76DB1F0B3F0000000044
:105EF00000000000000000000000000000000000A2
:105F0000000000000000000000000000DBF3C78D6F
:105F1000C08396D4DA7C907765BBCB442B8E8E0FF2
:105F200031F0DCA72C7417E35360E0480000000058
:105F3000000000000000000000000000B19D1FCD27
:105F4000CB75EB882F849CE24D85CF739CE64B2B61
:105F50005C9D73F14F2D5D9DCE9889CDDF50869667
:105F600000000000000000000000000053696E67A0
:105F70006C6520626C6F636B206D736700000000BE
:105F80000000000000000000000000000000000011
:105F900000000000000000000000000000010203FB
:105FA0000405060708090A0B0C0D0E0F1011121339
:105FB0001415161718191A1B1C1D1E1F00000000AF
:105FC00000000000000000000000000000010203CB
:105FD0000405060708090A0B0C0D0E0F1011121309
:105FE0001415161718191A1B1C1D1E1F20212223F9
:105FF0000000000000000000000000001000000091
:106000002000000024000000404142434445464730
:1060100048494A4B4C4D4E4F070000000800000015
:106020000C00000008000000100000001400000038
:106030000400000010000000180000000400000030
:1060400006000000080000007162015B4DAC255D98
:106050000000000000000000000000000000000040
:106060000000000000000000D2A1F0E051EA5F62F1
:10607000081A7792073D593D1FC64FBFACCD0000AF
:106080000000000000000000E3B201A9F5B71A7A91
:106090009B1CEAECCD97E70B6176AAD9A4428AA5AE
:1060A000484392FBC1B099511011121314151617E1
:1060B00018191A1B202122232425262728292A2BB8
:1060C0002C2D2E2F30313233343536370001020378
:1060D0000405060708090A0B0C0D0E0F1011121308
:1060E000A70D00002D2D2D2D2D424547494E204353
:1060F000455254494649434154452D2D2D2D2D0DD2
:106100000A4D494944687A4343416D2B67417749B9
:1061100042416749424144414E42676B71686B6935
:10612000473977304241515546414441374D5173CB
:1061300077435159445651514745774A4F54444546
:10614000520D0A4D4138474131554543684D495537
:1061500047397359584A5455307778475441584213
:10616000674E5642414D5445464276624746795500
:10617000314E4D4946526C63335167513045774833
:1061800068634E0D0A4D5445774D6A45794D54511B
:10619000304E4441775768634E4D6A45774D6A45A6
:1061A000794D5451304E444177576A41374D5173C0
:1061B00077435159445651514745774A4F544445C6
:1061C000524D4138470D0A4131554543684D4955B7
:1061D00047397359584A5455307778475441584293
:1061E000674E5642414D5445464276624746795580
:1061F000314E4D4946526C63335167513045776794
:106200006745694D4130470D0A4353714753496211
:10621000334451454241515541413449424477410B
:10622000776767454B416F494241514441337A6634
:1062300038463776676C70302F687436574D6E313C
:1062400045705261677A5348780D0A6D645473360D
:10625000737438474667496C4B58736D38574C33E5
:10626000786F656D54695A687835377749303533BA
:106270007A6864634867483035375A6B2B693563F1
:106280006C48467A714D7755716E790D0A353042FA
:1062900077464D74456F6E494C777556412B543790
:1062A0006C7067367A2B65784B593843344B5142C2
:1062B000306E466337714B55456B48487876595078
:1062C0005A5039616C346A77716A2B386E0D0A59ED
:1062D0004D50476E38753637474239742B61454DFE
:1062E0007235502B31676D49674E62314C54562BD5
:1062F0002F586A6C693577774F51757666777537A1
:10630000754A42566341304C6E306B636D6E4C0D76
:106310000A5237455551494E395A2F5347396A4722
:106320007238586D6B7372557545766D45462F42C0
:10633000696279632B45316978564130686D6E4DDD
:10634000336F54445062354C6339756E38724E73F6
:10635000750D0A4B4E462B416B736A6F4258794F4D
:1063600047566B43656F4D626F34624636427879AB
:106370004C4F6279617670772F4C50683561506769
:106380004149796E706C5962364C5641674D4241B5
:1063900041476A0D0A675A5577675A497744415908
:1063A000445652305442415577417745422F7A4105
:1063B0006442674E5648513445466751557446729B
:1063C0006B70625065306C4C327564576D6C512F38
:1063D0007250727A480D0A2F6638775977594456A9
:1063E00052306A42467777576F41557446726B70E8
:1063F000625065306C4C327564576D6C512F725021
:10640000727A482F662B68503651394D4473784361
:106410007A414A42674E560D0A42415954416B3502
:106420004D4D524577447759445651514B45776805
:106430005162327868636C4E545444455A4D4263FD
:10644000474131554541784D515547397359584A5F
:1064500054553077675647567A0D0A644342445183
:106460005949424144414E42676B71686B694739F3
:106470007730424151554641414F43415145417565
:10648000503155324142556B49736C734366646CAD
:10649000633269393451484859654A0D0A53735279
:1064A0003445646748746463695549354936324AEE
:1064B000364D6F6D2B593064542F37612B3853365E
:1064C0004D564D435A503643354E794E79587731B3
:1064D0004757592F5952383258544A38480D0A44B0
:1064E000424A6943546F6B3544625A36537A614F5E
:1064F0004E427A645748587757776D6935766731D9
:1065000064786E375978724D396430496A784D3203
:1065100037574E4B7334734451685A42516B460D92
:106520000A706A6D6673326362346F506C34593925
:1065300054396D6554782F6C76646B525945756784
:1065400036314A666E3663412B7148707950596412
:1065500054482B55736849546E6D70352F5A746BBF
:10656000660D0A6D2F5554534C424E464E48657386
:1065700069545A654833314E637859476448536DBE
:1065800065394E632F67666964526130464C4F43EC
:10659000665778526C4671414934377A47396A41B7
:1065A00051435A0D0A375A326D4347444E4D686A7B
:1065B00051632B425963646E6C306C50586A64446A
:1065C0004B36563071436731645665776855426380
:1065D0005735675A4B7A563765392B447056413DCB
:1065E0003D0D0A2D2D2D2D2D454E44204345525451
:1065F000494649434154452D2D2D2D2D0D0A2D2D54
:106600002D2D2D424547494E204345525449464978
:10661000434154452D2D2D2D2D0D0A4D49494468DA
:106620007A4343416D2B6741774942416749424173
:1066300044414E42676B71686B694739773042411C
:10664000517346414441374D517377435159445634
:1066500051514745774A4F544445520D0A4D4138F0
:106660004741315545436777495547397359584A2A
:1066700054553077784754415842674E5642414D01
:106680004D454642766247467955314E4D49465210
:106690006C63335167513045774868634E0D0A4D3E
:1066A0005463774E5441304D5459314E7A417857A6
:1066B00068634E4D6A63774E5441314D5459314EA3
:1066C0007A4178576A41374D51737743515944564F
:1066D00051514745774A4F544445524D4138470D33
:1066E0000A41315545436777495547397359584AE7
:1066F00054553077784754415842674E5642414D81
:106700004D454642766247467955314E4D4946528F
:106710006C6333516751304577676745694D413048
:10672000470D0A435371475349623344514542412F
:1067300051554141344942447741776767454B4160
:106740006F494241514441337A6638463776676C27
:1067500070302F687436574D6E3145705261677ACC
:106760005348780D0A6D645473367374384746671E
:10677000496C4B58736D38574C33786F656D54695D
:106780005A6878353777493035337A6864634867B3
:10679000483035375A6B2B6935636C48467A714DF2
:1067A0007755716E790D0A35304277464D74456FD5
:1067B0006E494C777556412B54376C7067367A2B7F
:1067C00065784B593843344B5142306E46633771CC
:1067D0004B55456B4848787659505A5039616C345E
:1067E0006A77716A2B386E0D0A594D50476E3875AD
:1067F0003637474239742B61454D7235502B31671E
:106800006D49674E62314C54562B2F586A6C69356E
:1068100077774F51757666777537754A425663417B
:10682000304C6E306B636D6E4C0D0A5237455551CE
:10683000494E395A2F5347396A477238586D6B732E
:1068400072557545766D45462F42696279632B45D1
:10685000316978564130686D6E4D336F54445062E3
:10686000354C6339756E38724E73750D0A4B4E4652
:106870002B416B736A6F4258794F47566B43656F74
:106880004D626F346246364278794C4F6279617658
:1068900070772F4C5068356150674149796E706C44
:1068A0005962364C5641674D424141476A0D0A676D
:1068B0005A5577675A4977485159445652304F4292
:1068C000425945464C5261354B577A33744A5339D5
:1068D000726E5670705550367A3638782F332F4D89
:1068E000474D4741315564497752634D4671410DDB
:1068F0000A464C5261354B577A33744A5339726E9B
:106900005670705550367A3638782F332F6F542B97
:106910006B505441374D517377435159445651513F
:106920004745774A4F544445524D413847413155C8
:10693000450D0A436777495547397359584A5455A5
:106940003077784754415842674E5642414D4D4545
:106950004642766247467955314E4D4946526C6300
:10696000335167513047434151417744415944566F
:106970005230540D0A42415577417745422F7A41B2
:106980004E42676B71686B6947397730424151738A
:106990004641414F4341514541484B2F484872546D
:1069A0005A4D6E6E564D70646531696F2B766F412E
:1069B00074716C376A0D0A347352684C726A4437CA
:1069C0006F3354487477526244613264694376701D
:1069D0007130537132334E67324C4D596F58734F8B
:1069E000786F4C2F52514B33694E37554B78563395
:1069F0004D4B50457230770D0A5851532B6B4B510C
:106A000071695432627366726A6E574D56485A7491
:106A1000554F4D706D36464E716364476D2F5273FE
:106A20007333764B6461326C634B6C386B556E71AB
:106A30002F796C63312B5162420D0A47364136740F
:106A40005576516372325A79576656672B6D4D35BC
:106A5000586B6854724F4F587573324F4C696B6264
:106A600034577745744A544A524E4530662B795014
:106A70004F4453557A302F765435370D0A417048BC
:106A800030436E42383062594A736859485048481A
:106A9000796D4F746C654142384B535974716D3741
:106AA00035672F594E6F626A6E6A4236636D34489D
:106AB0006B57334F5A5256496C366659590D0A6E08
:106AC00032304E52564131566A73364741524F72F8
:106AD000344E7157346B2F2B4C6F66593979304CCB
:106AE0004C44452B70306F49454B58497349766883
:106AF0005072333973777853413D3D0D0A2D2D2D5A
:106B00002D2D454E44204345525449464943415456
:106B1000452D2D2D2D2D0D0A2D2D2D2D2D42454789
:106B2000494E2043455254494649434154452D2D31
:106B30002D2D2D0D0A4D494943556A434341646546
:106B400067417749424167494A414D4644346E3571
:106B50006951387A6F4D416F4743437147534D3404
:106B60003942414D434D443478437A414A42674E5D
:106B700056424159540D0A416B354D4D52457744AB
:106B80007759445651514B45776851623278686362
:106B90006C4E54544445634D426F47413155454115
:106BA000784D545547397359584A7A633277675646
:106BB00047567A644342460D0A5179424451544142
:106BC00065467730784D7A41354D6A51784E54514B
:106BD000354E446861467730794D7A41354D6A4982
:106BE000784E5451354E4468614D443478437A416F
:106BF0004A42674E56424159540D0A416B354D4D3C
:106C0000524577447759445651514B457768516204
:106C1000327868636C4E54544445634D426F47412B
:106C200031554541784D545547397359584A7A631F
:106C30003277675647567A644342460D0A51794285
:106C400044515442324D42414742797147534D3489
:106C50003941674547425375424241416941324992
:106C600041424D50614B7A52424E316776683162F3
:106C70002B2F496D364B554E4C547542750D0A7786
:106C8000773558557A4D35574E5253744A47564FBB
:106C900051736A333138584A474A492F4271564B2B
:106CA0006334734C59664369464B4172395A71716A
:106CB000794864754E4D63626C6934797569790DF4
:106CC0000A6159377A51613070773752666461646E
:106CD000486239555A4B5656706D6C4D37494C5277
:106CE0006D466D417A48714F426F4443426E544144
:106CF0006442674E5648513445466751556E573089
:106D0000670D0A4A456B425079764C654C555A7668
:106D100048346B796476374E6E777762675944569C
:106D200052306A424763775A5941556E5730674A25
:106D3000456B425079764C654C555A7648346B79A0
:106D40006476370D0A4E6E7968517152414D443464
:106D500078437A414A42674E5642415954416B3515
:106D60004D4D524577447759445651514B457768BC
:106D70005162327868636C4E54544445634D426F9F
:106D800047413155450D0A41784D5455473973599E
:106D9000584A7A633277675647567A644342465177
:106DA0007942445159494A414D4644346E356951FE
:106DB000387A6F4D41774741315564457751464D9B
:106DC000414D42416638770D0A436759494B6F5A26
:106DD000497A6A304541774944615141775A674958
:106DE00078414D4F30596E4E574B4A554166586762
:106DF000534A744A7865786E346970672B6B7634C1
:106E00007A6E755235307635360D0A7434643050EA
:106E100043753431326D5543364E6E6437697A7638
:106E20007445324D6749784150316E6E4A516A5A05
:106E3000384257756B737A465144473438777843F4
:106E40004379636939717064534D760D0A75436AED
:106E50006E387077554F6B4142584B384D737339CC
:106E600030667A436643454F7449413D3D0D0A2DD6
:106E70002D2D2D2D454E442043455254494649431E
:106E80004154452D2D2D2D2D0D0A0000AB0600007F
:106E90002D2D2D2D2D424547494E20525341205036
:106EA000524956415445204B45592D2D2D2D2D0D20
:106EB0000A4D4949457041494241414B4341514581
:106EC00041794854457A4C6E3574586E7052646BF3
:106ED00055594C423975355079617836664D3630A2
:106EE0004E6A346F38566D586C3345545A7A476140
:106EF000460D0A423958344A37424B4E64426A6E54
:106F00006770754737666138483672376777516BF7
:106F1000345A4A4744547A71437253562F55753147
:106F20004339334B59526854594A516A366556535E
:106F30004844310D0A626B327931525044306872E4
:106F400074356B507151685472644F724137522FCF
:106F5000555630367038366A74307544424D48455F
:106F6000774D6A4456302F594930465A50526F3740
:106F700079582F6B390D0A5A3547494D43354373BC
:106F80007439392B2B554D642F2F734D6342346A5E
:106F9000372F4366387174624348576A646D4C6199
:106FA0006F3576344A76344546624D7334345446F0
:106FB000655930424762480D0A37766B32446D712D
:106FC0005639676D61426D66305A5848347971534D
:106FD000784A65442B504973314247653634453908
:106FE000326866782F2F445A7274656E4E4C514E3B
:106FF0006954724D39414D2B760D0A6471427056B9
:107000006F4E7130716A5535314278357255324262
:1070100058634662587649354D5439544E55685830
:1070200077494441514142416F49424147644E745E
:1070300066594469617036627A73740D0A796843DF
:107040006949386D39547472685A77344D6973617F
:1070500045614E2F6C6C3358536A614F47326476EA
:107060005636784D5A434D562B3554655844484F43
:10707000415A6E59313859693138767A7A0D0A3465
:10708000557432546E4E467A697A434543594E617F
:107090004132665354335767496E6E78556B563399
:1070A000595841795036434E784A61436D76326182
:1070B0004130794672326B46565365614B47740DC9
:1070C0000A796D766C6A4E70324E566B766D375417
:1070D0006838664251424F3749374158687A3433ED
:1070E0006B306D5237586D50676577653841705A0F
:1070F0004F47336873746B4F614D766257417657D3
:10710000410D0A7A435A757064446A5A596A4F4A63
:10711000716C41346545413448382F7737463833F0
:107120007235437567654245384C674552456A4C30
:10713000506979656A725535483166756245592BD3
:107140006830640D0A6C35485A424A3638796254C0
:107150005866513555396F2F514B41336464307443
:107160006F4245686864525544477A57746A767727
:107170006B455166714631726547576A2F746F646B
:107180002F674370660D0A44466936583045436799
:1071900059454134774F762F706A534333747936AB
:1071A00054754F764B5832724F556942724C58584D
:1071B00076324A53785A6E4D6F4D6957493569702A
:1071C0004C51742B5259540D0A565061664C2F6D18
:1071D00037446E364D62776A61794F6B635A684205
:1071E000776B35434E7A35413651346C4A36344DDF
:1071F000712F6C71487A6E52435151324D63314751
:1072000038657944462F66594C0D0A5A6532704CE0
:10721000767750395644356A5463326D69446677DF
:107220002B4D6E764A68797752524C63656D4446B1
:1072300050386B34685156746D38504D70335A6DF8
:107240004E45436759454134677A370D0A777A4F7F
:10725000625234676E386962653631377551505AFB
:107260006A577A556A3964554859642B696E316793
:107270007742434972744E6E61526E394939552FC7
:10728000513674656752597069693479730D0A63B0
:107290003137364E6D552B756D7936586D75534BAC
:1072A00056357144396253705A5747326E4C466EA8
:1072B000736C724E31354C6D3366685A786F654D1C
:1072C0004E6842614544546E4C543236796F690DB4
:1072D0000A33336770306D5353577939345A4571D7
:1072E00069706D732B554C46367359315A74465735
:1072F00036747047466F7938436759415148686E14
:107300006E764A666C4973326B793471313042362D
:10731000300D0A5A6378467033727444706B703063
:107320004A7868464C6869697A4672756A4D745A3B
:10733000536A594E6D3555374B6B67505648684CFC
:10734000454C455576436D4F6E4B54743461702FE8
:10735000765A300D0A42784A4E6531475A483370A2
:107360005736534176474451706C397347377575BA
:107370002F765446502B6C4378756B6D7A7842307B
:107380004472724463766F72456B4B4D6F6D375A22
:1073900043435276570D0A4B5A735A365965483251
:1073A0005A3831426175526A3231386B514B4267FB
:1073B000514355562F44674B503239383578445431
:1073C0005437394E30386A556F33685450354D56FE
:1073D000594343756A2F2B0D0A556545773154760D
:1073E0005A6378334C4A6279375036586164366153
:1073F000312F42717665614779464B49664546496A
:107400006142554249746B38303173444470446171
:10741000596334674C303058630D0A376C467542F7
:10742000484F5A6B784A596C73733551724770756F
:107430004F456C395A775574354972464C426459F8
:10744000614B714E487A4E56433170435066622FFD
:107450004A794836447232485578710D0A67785532
:107460007741514B4267514363553647324C38415F
:1074700047396439633055704F794C31744D7646D5
:107480006535547477304B6A6C5156647368314D6E
:107490005036796967596F3944597577750D0A62A5
:1074A0004846565732723064425471656750322FE5
:1074B0004B544F784B7A614866433171663052477E
:1074C0004473556F4A434E4A72643163776F434C3D
:1074D0004738503245463477334F42724B71760D00
:1074E0000A38753479745930462B566C616E6A359A
:1074F0006C6D3354616F48535646312B4E5750795B
:107500004F5469776576494543474B775378766C96
:107510006B6934664441413D3D0D0A2D2D2D2D2DC5
:10752000454E442052534120505249564154452023
:107530004B45592D2D2D2D2D0D0A0000170500004E
:107540002D2D2D2D2D424547494E2043455254495E
:107550004649434154452D2D2D2D2D0D0A4D4949A8
:107560004468544343416D3267417749424167491A
:10757000424244414E42676B71686B6947397730CC
:107580004241517346414441374D517377435159FC
:10759000445651514745774A4F544445520D0A4D80
:1075A0004138474131554543677749554739735904
:1075B000584A54553077784754415842674E56429E
:1075C000414D4D454642766247467955314E4D49CB
:1075D00046526C63335167513045774868634E0DAE
:1075E0000A4D5463774E5441314D544D774E7A5580
:1075F000355768634E4D6A63774E5441324D544D52
:10760000774E7A5535576A41384D51737743515902
:10761000445651514745774A4F544445524D41389D
:10762000470D0A41315545436777495547397359E5
:10763000584A5455307778476A415942674E564206
:10764000414D4D455642766247467955314E4D493A
:10765000454E7361575675644341794D49494249D6
:107660006A414E0D0A42676B71686B694739773022
:10767000424151454641414F43415138414D4949AD
:107680004243674B4341514541794854457A4C6EDA
:107690003574586E7052646B55594C42397535507B
:1076A00079617836660D0A4D36304E6A346F385639
:1076B0006D586C3345545A7A476146423958344ABA
:1076C00037424B4E64426A6E677075473766613861
:1076D000483672376777516B345A4A4744547A7147
:1076E000437253562F55750D0A314339334B595256
:1076F0006854594A516A36655653484431626B3270
:10770000793152504430687274356B5071516854FD
:1077100072644F724137522F555630367038366A80
:1077200074307544424D4845770D0A4D6A445630D1
:107730002F594930465A50526F3779582F6B395A62
:107740003547494D433543737439392B2B554D64B7
:107750002F2F734D6342346A372F4366387174623A
:107760004348576A646D4C616F35760D0A344A762A
:10777000344546624D73343454466559304247624D
:107780004837766B32446D715639676D61426D666C
:10779000305A584834797153784A65442B504973AC
:1077A0003142476536344539326866782F0D0A2FE5
:1077B000445A7274656E4E4C514E6954724D394143
:1077C0004D2B7664714270566F4E7130716A55352B
:1077D000314278357255324258634662587649359F
:1077E0004D5439544E556858774944415141420DE2
:1077F0000A6F3447534D4947504D42304741315548
:107800006444675157424252786F51427A636B41E8
:107810007656485A654D2F78536A377A78335774BD
:10782000474954426A42674E5648534D4558444270
:10783000610D0A674253305775536C73393753558E
:1078400076613531616156442B732B764D66392F45
:1078500036452F704430774F7A454C4D416B474148
:1078600031554542684D43546B77784554415042F9
:10787000674E560D0A42416F4D4346427662474677
:107880007955314E4D4D526B77467759445651518B
:10789000444442425162327868636C4E54544342CD
:1078A000555A584E3049454E42676745414D416BE8
:1078B00047413155640D0A457751434D4141774465
:1078C00051594A4B6F5A496876634E4151454C4273
:1078D00051414467674542414337794F3738364E07
:1078E000766348704B38556F764B4947396342335E
:1078F000326F5351516F6D0D0A4C6F5230654844D1
:10790000527A6471456B6F713779475A756648468C
:10791000695241417A624D714A666F675274786C60
:10792000725741654234792F6A47614D425632356C
:107930004962464F49634832570D0A694345614DD4
:107940004D62472B56514C4B4E76754336336B6D1B
:10795000772F5A6577633954684D365061314863E3
:1079600079306178543066616631422F5530316A22
:1079700030464963772F366D54664B0D0A4438778D
:1079800034384F497763317972304A74757443568D
:107990006A696735444330797A6E474D74333252A1
:1079A0007973654F4C6355652B6C66713030357655
:1079B00032504169436F7A7235583872450D0A6FFB
:1079C00066475A70694D324E715250655067597909
:1079D0002B566337355A6B3238786B525171316E92
:1079E0006370726751623353347654735A645363CD
:1079F000704D39684C662B654D6C7267716C6A0D01
:107A00000A6335504C536B5842654C45352B6665BF
:107A1000646B796654614C7878516C674370756F0C
:107A20004F684B426D30342F523170574E7A554863
:107A3000797161676A4F39513D0D0A2D2D2D2D2D1C
:107A4000454E442043455254494649434154452DEF
:107A50002D2D2D2D0D0A0000AB0600002D2D2D2DF6
:107A60002D424547494E20525341205052495641DC
:107A70005445204B45592D2D2D2D2D0D0A4D49498D
:107A8000457041494241414B43415145417755324F
:107A90006A3365664E4864454531306C79754A6D88
:107AA00073446E6A6B4F6A784B7A7A6F54467442AD
:107AB00061354D326A4149696E376835720D0A6C1D
:107AC000716453744A44764C584A36506953612F56
:107AD0004C593072435431642B416D5A4979637368
:107AE0004368396F6472716A4F624A484A61382F3D
:107AF00073454555724D32314B5036346246320D26
:107B00000A324A44425962526D556A61694A6C4F61
:107B100071713352654233305A6774737132422B3C
:107B200067325130634C556C6D3931736C63306220
:107B30006F4334705061517931414A4468326F4922
:107B4000510D0A5A6E32755643754C5A586D526F24
:107B5000654A687738314153516A7561417A78696D
:107B600034625352722F51754B6F524178352F56F4
:107B7000716761486B515944772B466939714C5292
:107B80004637690D0A474D5A694C38646D6A66700C
:107B9000643248337A4A346B7041635751446A38CF
:107BA0006E3854444953673776317437487879646E
:107BB000727877553965735143504A6F6450672F17
:107BC0006F4E4A68620D0A79334E4C5570625945C2
:107BD000614973674968704F56725444374465571A
:107BE000533852782F6671456745776C7749444121
:107BF000514142416F4942415143585230533845F7
:107C0000494846474F525A0D0A2B2B41744F67364D
:107C100065454E78442B7856733066314965477A0E
:107C20003537546A6F33516E58583756425A4E643E
:107C30006A2B70314543766843452F4737586E6B42
:107C4000675535684C5A582B470D0A5A306A6B7A7B
:107C50002F74714A4F4930765253644C42626970B6
:107C6000486E576F7579425134652F413179494AD1
:107C7000646C42747158784A314B452F6974754869
:107C800052624E63346A346B4C385A0D0A2F723686
:107C90007076776E54493050537832457173303472
:107CA0003859645339324C543671417634666C62BB
:107CB0004E44784D6E32755937733479635334516D
:107CC0003877314A586E436561416E596D0D0A57D8
:107CD00059493577784F2B627652454C52324D6375
:107CE0007A35446D566E4C386A52796D6C366C3606
:107CF000353832625376356F75665265464962791A
:107D0000505A6251576C5867596E70753648650DF8
:107D10000A4754633745317A4B595147472F392B1E
:107D20004451556C2F3176517543507151776E79AE
:107D30003074516F5832773574645970644D64569D
:107D40006D2B7A6B4C7462616A7A645476694A4A24
:107D5000610D0A54577A4C366C7435416F47424175
:107D60004E38362B5356654A44636D514A63763418
:107D700045713655687452723451474D69514D7A88
:107D800030536F64366574745978597A4D677874D6
:107D90007732380D0A43497267706F7A43632B5507
:107DA000615A4A4C6F375578764336616E38357272
:107DB0003162326E4B50434C51466167674A3048DE
:107DC0003451304A2F735A4F68424958616F427A92
:107DD000577876654B0D0A6E757063654B645678FF
:107DE0004773466938434479383644426669794670
:107DF000697666426A2B3437426261517A50426A30
:107E0000374334724B37556C4C6A6162327244416D
:107E10006F4742414E32750D0A414D326763686FBC
:107E200046697534763148464C3844376C77654539
:107E30007069365A6E4D4A6A6E45752F64456747BC
:107E4000514A466A7764704C6E5062736A34633785
:107E5000356F645134477A38670D0A7377396C612E
:107E60006F3956567A6275736F52452F4A474934B7
:107E70006154644F307041545879473765473151E8
:107E8000752B355963315947586343726C694132D8
:107E9000784D3978782B6437662B730D0A6D507ADC
:107EA0004E2B5749456735474A44595A446A417AE7
:107EB000484735424E76692F46664D314339644F07
:107EC000746A763264416F4741463074354B6D7742
:107ED000626A574842686356714F3449630D0A42DB
:107EE00056764E3342496C63317565325952584566
:107EF000446C785935623072384E345863654D673A
:107F00004B6D5731384F4841705A78666C38755010
:107F1000446175575A4C584F676C34756570760DCF
:107F20000A77685A43334575577253797949434EF6
:107F3000684C59323141683768624945425046338E
:107F40004C335A734F77432B5545724C2B6458571B
:107F50004C644235364A677933675A614265573710
:107F6000620D0A764472456E6F634A6271436D37E3
:107F700049756B6858484F424B38436759454177BC
:107F800071644842306871794E537A494F47593786
:107F9000763961627A42367055644133425A69518A
:107FA0007645730D0A334C6A4856643448504A3259
:107FB00078304E384367724249574F453071382BFD
:107FC0003068534D6D6545393657572F376A4433FE
:107FD000665057774352357A6C586B6E78425173BE
:107FE00066763067500D0A33424335505230516443
:107FF00079707A2B642B397A664D663632356B7917
:10800000697434542F687A77684476655A557A488B
:108010006E6B3143662B494737512B544F456E4C9D
:108020006E5741574245440D0A49534F576D72559B
:108030004367594146456D5278677741632F752BE9
:10804000443674307379437741596836504F7473AE
:10805000637139593069394779576B38394E7A67C6
:1080600043344E6477776242480D0A344167616851
:108070004F78497858783267784A6E713379666BF1
:108080004A66496A7766307332447950306B5932A8
:1080900079365561314F656F6D506559396D72494B
:1080A00053347443754451364C72450D0A5442366C
:1080B0006C3956476F784A4C346679486E5A623844
:1080C0004C356747766E423162624438634C3659AC
:1080D000506144694F68635273654339764269451C
:1080E0007556673D3D0D0A2D2D2D2D2D454E4420F5
:1080F0005253412050524956415445204B45592D29
:108100002D2D2D2D0D0A0000AD0400002D2D2D2D3F
:108110002D424547494E2043455254494649434123
:1081200054452D2D2D2D2D0D0A4D4949444E7A4390
:108130004341682B674177494241674942416A415F
:108140004E42676B71686B694739773042415155D0
:1081500046414441374D517377435159445651512B
:108160004745774A4F544445520D0A4D41384741DF
:1081700031554543684D495547397359584A545507
:108180003077784754415842674E5642414D5445E6
:108190004642766247467955314E4D4946526C63A8
:1081A000335167513045774868634E0D0A4D544549
:1081B000774D6A45794D5451304E4441325768638A
:1081C0004E4D6A45774D6A45794D5451304E444184
:1081D00032576A41304D517377435159445651518A
:1081E0004745774A4F544445524D4138470D0A415F
:1081F00031554543684D495547397359584A545587
:10820000307778456A415142674E5642414D54435A
:10821000577876593246736147397A64444343410B
:108220005349774451594A4B6F5A496876634E0D0A
:108230000A415145424251414467674550414443D8
:108240004341516F4367674542414D464E6F393355
:108250006E7A523352424E644A6372695A724135A1
:108260003435446F385373383645786251577554F6
:108270004E0D0A6F774349702B34656135616E5539
:1082800072535137793179656A346B6D7679324E34
:108290004B776B395866674A6D534D6E4C416F662C
:1082A000614861366F7A6D7952795776503742421C
:1082B000464B7A0D0A4E74536A2B7547786474697D
:1082C00051775747305A6C49326F695A54717174FB
:1082D000305867643947594C624B7467666F4E6B10
:1082E0004E4843314A5A7664624A584E4736417581
:1082F0004B54326B4D0D0A745143513464714345F4
:10830000475A39726C5172693256356B61486959F6
:1083100063504E51456B49376D674D38597547303D
:108320006B612F304C697145514D656631616F4706
:10833000683545474138500D0A68597661693052B1
:108340006534686A4759692F485A6F3336586468EC
:10835000393879654A4B5148466B41342F4A2F458D
:108360007779456F4F373962657838636E61386366
:108370004650587245416A79610D0A485434503666
:108380004453595738747A53314B57324247694CEA
:1083900049434961546C6130772B77336C6B764578
:1083A000636633366849424D4A63434177454141EC
:1083B000614E4E4D457377435159440D0A56523024
:1083C00054424149774144416442674E56485134D2
:1083D00045466751557051586F5A4C6A6333324164
:1083E0005055424A4E594B686B7230324C51354DA4
:1083F00077487759445652306A424267770D0A46A9
:108400006F41557446726B70625065306C4C3275BA
:1084100064576D6C512F7250727A482F66387744CA
:1084200051594A4B6F5A496876634E41514546420D
:1084300051414467674542414A786E58436C590D33
:108440000A6F486B62703730637142727347584CE1
:108450007962413734637A624F3552644C456746DE
:1084600073377248565339722B633239336C7553F4
:108470002F4B646C694C53635A71417A5956796C2D
:10848000770D0A55665257764B4D6F576848594BD2
:10849000703364454953347854586B362F357A58C5
:1084A0007868763952773853476338716E36764933
:1084B00054486B3153316D50657674656B676173E9
:1084C0005935590D0A695751754D33683459566CF1
:1084D0005248334848454D414431546E41657866B1
:1084E00058484844465147652B4264316941627A95
:1084F000312F73483948386C345374775836656770
:1085000076544B334D0D0A775852776B4B6B766A26
:108510004B61454441394154625A78306D49384C79
:10852000477378537543716539723964796A6D742C
:10853000746434374A31703152756C7A33434C7AF3
:10854000615263564975530D0A525251666144385F
:108550006E654D396331532F694A2F616D545671E1
:108560004A7841314B4F644F533537383057685054
:1085700066534172412B673471416D536A656C6378
:108580003370347757706861380D0A7A6875597797
:108590006A567558364A484730633D0D0A2D2D2DD1
:1085A0002D2D454E4420434552544946494341549C
:1085B000452D2D2D2D2D0D0A000000000C00000072
:1085C000506F6C617253534C54657374000000001B
:1085D000F60600002D2D2D2D2D424547494E2052E7
:1085E00053412050524956415445204B45592D2D59
:1085F0002D2D2D0D0A50726F632D547970653A2020
:10860000342C454E435259505445440D0A44454B71
:108610002D496E666F3A204445532D454445332D10
:108620004342432C41384139354230354435423795
:10863000323036420D0A0D0A3951643947654172AC
:10864000656A6C3147445668326C4C5631624874E6
:108650003063507466626835682F357A56704156BB
:10866000614670717453504D72456C703530526E66
:10867000746E3965742B4A410D0A37564F79626F13
:10868000522B497932742F48553457764136383752
:108690006B33427070653947774B486A4868746C31
:1086A0002F2F3878464B775A7233586235794F35C9
:1086B0004A5550384155637451710D0A4E62384322
:1086C0004C6C5A797555432B35325245414174688B
:1086D00064576773582B37644A4F347961627A550F
:1086E000635132325470394A53443068694C3433E0
:1086F000426C6B5759554E4B3364416F0D0A505ABB
:108700006C6D6970746A6E7A56546A67314D78730D
:10871000425379645A696E574F4C4256382F4A512A
:10872000677853506F3279443475456669673238DB
:108730007162765132774E496E30706E41620D0A29
:1087400047786E53414F617A6B6F6E674547667627
:10875000636A4949732B4C5A4E39675846687863A7
:108760004F68366B6334512F63393942375157455F
:1087700054774C4C6B59675A2B7A316139565939B9
:108780000D0A67455537437743785943442B683979
:1087900068593646506D734B302F6C43344F3761F8
:1087A00065524B705971303072505078733669375A
:1087B0007068696578673661783679544D6D4172B5
:1087C00051710D0A516D4B335441734A6D38562F18
:1087D0004A354157704C4556366A4146675247798B
:1087E0006D4747486E6F663044587A56575A6964E9
:1087F00072635A4A57544E7547455839306E423362
:10880000656532770D0A50584A4546574B6F4433D9
:108810004B33614663534C64485972336D4C47780F
:108820005037483954685161693956737963785AB9
:108830004B53356B7776424B512F2F594D726D4606
:108840006677506B38780D0A76546559344B5A4D1B
:10885000615572766545656C3574575A43393452A3
:10886000534D4B67785236637945316E425879548F
:10887000516E444F476266704E4E67424B78794B5B
:1088800062494E576F4F4A550D0A574A5A41776C05
:1088900073516E2B517A434477707269372B73563C
:1088A000316D53336742453655593761516D6E6DA1
:1088B00069696143325633486270687863742F6522
:1088C0006E35517366444F7431580D0A4A637A53BA
:1088D000667052574C6C62507A6E5A67384F5168C6
:1088E0002F5667434D4135384E35446A4F7A5449C7
:1088F0004B37734A4A35722B39345A4254437067A6
:10890000414D624635383866304E54520D0A4B435D
:108910006534797278474A52375830324D346E7622
:10892000443449774F6C707351387851785A744F8A
:1089300053675876344C6B7876645539584A4A4BAD
:10894000575A2F584E4B4A65577A747853650D0A1B
:108950005A31766454633259667344424132534506
:108960007633337678487832673176717477385356
:108970006A44525432526151535330517553614DD0
:108980004A696D644F58366D544F43424B6B314AC0
:108990000D0A3951356D58547245522B2F4C6E4B80
:1089A000306A456D58734258574135627171565A55
:1089B000497961685853783456595A376C37772F4C
:1089C00050486955447444677952684D4D4B693439
:1089D0006E320D0A6951765163575351546A727061
:1089E0006E6C4A626361312F446B705274335977F5
:1089F00072764A776471623861735A553256724E94
:108A00004554683578305156656644524C4669562F
:108A10007069662F0D0A7455616541652F503146A6
:108A2000384F6B53374F495A447331535562762F41
:108A3000734432764D62684E6B556F436D73332FBE
:108A400050764E74646E76674C3446307A68614472
:108A5000704B436D6C540D0A503876783439453775
:108A600076354379524E6D4544397A5A67346F33BF
:108A7000776D4D7172514F3933507454756733456A
:108A800075396F5678317A50514D314E564D794285
:108A900061322B663239444C0D0A316E7554436590
:108AA00058646F392B6E69343578782B6A414934B4
:108AB000444377725264684A39757A5A7943363931
:108AC00036324833374836442B356E614E76436C28
:108AD00046523173366C693147620D0A6E71506FC0
:108AE00069792F4F42734578394361444763715127
:108AF000427035576D652F3358572B367A314953AD
:108B00004F782B6967774E5456435431346D48641F
:108B1000424D6279613065494B6674350D0A582BB8
:108B2000476E777467454D79435979795775556321
:108B300074386734527A45726359392B7957394FF3
:108B40006D35487A7078347A4F7557344E505A677D
:108B5000504454674B2B743252534C2F59710D0AA9
:108B60007245316E6A726765475963566547336669
:108B70002B4F6674483473366650627137743141D6
:108B8000355A67557363624C4D42717239744B2B81
:108B90004F717967523445674B4250734836437A78
:108BA0000D0A4C367A6C762F325256307141487627
:108BB0005675444A6349444967775935724A74493E
:108BC0004E456D333272684F65464E4A775A53357B
:108BD0004D4E494331637A585A78352F2F7567586F
:108BE000376C0D0A49347379356E62566877536A6B
:108BF00074416B38586735645A6264545A366D490B
:108C00007262377871482B6664616B5A6F72316B90
:108C10006847376243327549776962443363536CFE
:108C200032586B520D0A774E34386C736C62486E52
:108C3000717161677236586D316E4E4F53566C3894
:108C4000432F366B624A45734D704C6841657A66B6
:108C500052744777764F75636F61452B5762655540
:108C60004E6F6C4764650D0A502F655169646453FB
:108C7000663062726E70694C4A526837715A726C13
:108C80003958757159647055716E6F45644D416600
:108C90006F74444F4944384F7456376774386134A1
:108CA00038616438565057320D0A2D2D2D2D2D4523
:108CB0004E44205253412050524956415445204B76
:108CC00045592D2D2D2D2D0D0A0000002D2D2D2D5A
:108CD0002D424547494E2043455254494649434158
:108CE00054452D2D2D2D2D0D0A4D494944687A43AB
:108CF00043416D2B674177494241674942414441B5
:108D00004E42676B71686B69473977304241515504
:108D100046414441374D517377435159445651515F
:108D20004745774A4F544445520D0A4D4138474113
:108D300031554543684D495547397359584A54553B
:108D40003077784754415842674E5642414D54451A
:108D50004642766247467955314E4D4946526C63DC
:108D6000335167513045774868634E0D0A4D54457D
:108D7000774D6A45794D5451304E44417757686379
:108D80004E4D6A45774D6A45794D5451304E4441B8
:108D900077576A41374D5173774351594456515172
:108DA0004745774A4F544445524D4138470D0A4193
:108DB00031554543684D495547397359584A5455BB
:108DC0003077784754415842674E5642414D54459A
:108DD0004642766247467955314E4D4946526C635C
:108DE00033516751304577676745694D4130470DCD
:108DF0000A435371475349623344514542415155E7
:108E00004141344942447741776767454B416F4957
:108E10004241514441337A6638463776676C703048
:108E20002F687436574D6E3145705261677A5348DA
:108E3000780D0A6D64547336737438474667496C0D
:108E40004B58736D38574C33786F656D54695A6859
:108E500078353777493035337A6864634867483006
:108E600035375A6B2B6935636C48467A714D7755A7
:108E7000716E790D0A35304277464D74456F6E49F3
:108E80004C777556412B54376C7067367A2B657862
:108E90004B593843344B5142306E466337714B5512
:108EA000456B4848787659505A5039616C346A7726
:108EB000716A2B386E0D0A594D50476E387536372A
:108EC000474239742B61454D7235502B31676D49DE
:108ED000674E62314C54562B2F586A6C6935777740
:108EE0004F51757666777537754A42566341304CF7
:108EF0006E306B636D6E4C0D0A5237455551494EBD
:108F0000395A2F5347396A477238586D6B73725507
:108F10007545766D45462F42696279632B45316907
:108F200078564130686D6E4D336F54445062354C05
:108F30006339756E38724E73750D0A4B4E462B4170
:108F40006B736A6F4258794F47566B43656F4D623A
:108F50006F346246364278794C4F62796176707729
:108F60002F4C5068356150674149796E706C596279
:108F7000364C5641674D424141476A0D0A675A5582
:108F800077675A49774441594456523054424155C3
:108F900077417745422F7A416442674E56485134B3
:108FA00045466751557446726B70625065306C4C23
:108FB000327564576D6C512F7250727A480D0A2FBA
:108FC000663877597759445652306A424677775710
:108FD0006F41557446726B70625065306C4C3275DF
:108FE00064576D6C512F7250727A482F662B6850FF
:108FF0003651394D447378437A414A42674E560D93
:109000000A42415954416B354D4D52457744775989
:10901000445651514B4577685162327868636C4EC3
:10902000545444455A4D4263474131554541784D6A
:10903000515547397359584A5455307767564756F2
:109040007A0D0A64434244515949424144414E42D7
:10905000676B71686B6947397730424151554641BA
:10906000414F434151454175503155324142556B55
:1090700049736C734366646C633269393451484890
:1090800059654A0D0A5373523445646748746463E2
:10909000695549354936324A364D6F6D2B59306422
:1090A000542F37612B3853364D564D435A50364363
:1090B000354E794E795877314757592F59523832B2
:1090C00058544A38480D0A44424A6943546F6B3534
:1090D00044625A36537A614F4E427A645748587701
:1090E00057776D693576673164786E375978724D88
:1090F000396430496A784D3237574E4B7334734474
:1091000051685A42516B460D0A706A6D667332633C
:1091100062346F506C34593954396D6554782F6C02
:1091200076646B525945756736314A666E366341CF
:109130002B7148707950596454482B5573684954C1
:109140006E6D70352F5A746B660D0A6D2F55545322
:109150004C424E464E48657369545A654833314E09
:10916000637859476448536D65394E632F67666964
:1091700064526130464C4F43665778526C46714199
:109180004934377A47396A4151435A0D0A375A32BE
:109190006D4347444E4D686A51632B425963646E78
:1091A0006C306C50586A64444B36563071436731AA
:1091B00064566577685542635735675A4B7A563718
:1091C00065392B447056413D3D0D0A2D2D2D2D2D19
:1091D000454E442043455254494649434154452D48
:1091E0002D2D2D2D0D0A00002D2D2D2D2D42454705
:1091F000494E2043455254494649434154452D2D3B
:109200002D2D2D0D0A4D494944687A4343416D2B5C
:109210006741774942416749424144414E42676B49
:1092200071686B6947397730424151734641444117
:10923000374D517377435159445651514745774AF9
:109240004F544445520D0A4D41384741315545432D
:109250006777495547397359584A54553077784795
:1092600054415842674E5642414D4D454642766202
:1092700047467955314E4D4946526C6333516751DB
:109280003045774868634E0D0A4D5463774E54411C
:10929000304D5459314E7A41785768634E4D6A6368
:1092A000774E5441314D5459314E7A4178576A4185
:1092B000374D517377435159445651514745774A79
:1092C0004F544445524D4138470D0A4131554543AD
:1092D0006777495547397359584A54553077784715
:1092E00054415842674E5642414D4D454642766282
:1092F00047467955314E4D4946526C63335167515B
:10930000304577676745694D4130470D0A435371D2
:1093100047534962334451454241515541413449D3
:1093200042447741776767454B416F494241514419
:1093300041337A6638463776676C70302F687436FA
:10934000574D6E3145705261677A5348780D0A6DFA
:1093500064547336737438474667496C4B58736D61
:1093600038574C33786F656D54695A68783537775C
:10937000493035337A6864634867483035375A6B0B
:109380002B6935636C48467A714D7755716E790D4E
:109390000A35304277464D74456F6E494C777556A5
:1093A000412B54376C7067367A2B65784B593843AC
:1093B000344B5142306E466337714B55456B4848CC
:1093C000787659505A5039616C346A77716A2B3803
:1093D0006E0D0A594D50476E38753637474239740D
:1093E0002B61454D7235502B31676D49674E6231A7
:1093F0004C54562B2F586A6C693577774F517576D8
:1094000066777537754A42566341304C6E306B63F0
:109410006D6E4C0D0A5237455551494E395A2F53EE
:1094200047396A477238586D6B7372557545766D5A
:1094300045462F42696279632B4531697856413040
:10944000686D6E4D336F54445062354C6339756EA0
:1094500038724E73750D0A4B4E462B416B736A6F13
:109460004258794F47566B43656F4D626F34624681
:10947000364278794C4F6279617670772F4C50681C
:10948000356150674149796E706C5962364C56416E
:10949000674D424141476A0D0A675A5577675A49F5
:1094A00077485159445652304F42425945464C52E2
:1094B00061354B577A33744A5339726E5670705512
:1094C00050367A3638782F332F4D474D4741315536
:1094D00064497752634D4671410D0A464C526135DD
:1094E0004B577A33744A5339726E567070555036F2
:1094F0007A3638782F332F6F542B6B505441374DB9
:10950000517377435159445651514745774A4F5407
:109510004445524D413847413155450D0A4367771F
:10952000495547397359584A54553077784754410B
:109530005842674E5642414D4D4546427662474637
:109540007955314E4D4946526C633351675130471E
:10955000434151417744415944565230540D0A42D7
:10956000415577417745422F7A414E42676B71688A
:109570006B6947397730424151734641414F43410E
:10958000514541484B2F484872545A4D6E6E564DC6
:1095900070646531696F2B766F4174716C376A0D39
:1095A0000A347352684C726A44376F335448747784
:1095B0005262446132646943767071305371323360
:1095C0004E67324C4D596F58734F786F4C2F525134
:1095D0004B33694E37554B7856334D4B50457230AF
:1095E000770D0A5851532B6B4B517169543262738A
:1095F00066726A6E574D56485A74554F4D706D36A7
:10960000464E716364476D2F52737333764B6461BA
:10961000326C634B6C386B556E712F796C63312BE8
:109620005162420D0A4736413674557651637232A3
:109630005A79576656672B6D4D35586B6854724F83
:109640004F587573324F4C696B6234577745744A83
:10965000544A524E4530662B79504F4453557A3018
:109660002F765435370D0A41704830436E423830FA
:1096700062594A73685948504848796D4F746C650F
:109680004142384B535974716D3735672F594E6FBE
:10969000626A6E6A4236636D34486B57334F5A5272
:1096A00056496C366659590D0A6E32304E52564143
:1096B00031566A73364741524F72344E7157346B8C
:1096C0002F2B4C6F66593979304C4C44452B7030F8
:1096D0006F49454B584973497668507233397377EF
:1096E0007853413D3D0D0A2D2D2D2D2D454E442005
:1096F00043455254494649434154452D2D2D2D2D66
:109700000D0A00001B0500002D2D2D2D2D42454773
:10971000494E2043455254494649434154452D2D15
:109720002D2D2D0D0A4D494944687A4343416D2B37
:109730006741774942416749424144414E42676B24
:1097400071686B69473977304241517346414441F2
:10975000374D517377435159445651514745774AD4
:109760004F544445520D0A4D413847413155454308
:109770006777495547397359584A54553077784770
:1097800054415842674E5642414D4D4546427662DD
:1097900047467955314E4D4946526C6333516751B6
:1097A0003045774868634E0D0A4D5463774E5441F7
:1097B000304D5459314E7A41785768634E4D6A6343
:1097C000774E5441314D5459314E7A4178576A4160
:1097D000374D517377435159445651514745774A54
:1097E0004F544445524D4138470D0A413155454388
:1097F0006777495547397359584A545530777847F0
:1098000054415842674E5642414D4D45464276625C
:1098100047467955314E4D4946526C633351675135
:10982000304577676745694D4130470D0A435371AD
:1098300047534962334451454241515541413449AE
:1098400042447741776767454B416F4942415144F4
:1098500041337A6638463776676C70302F687436D5
:10986000574D6E3145705261677A5348780D0A6DD5
:1098700064547336737438474667496C4B58736D3C
:1098800038574C33786F656D54695A687835377737
:10989000493035337A6864634867483035375A6BE6
:1098A0002B6935636C48467A714D7755716E790D29
:1098B0000A35304277464D74456F6E494C77755680
:1098C000412B54376C7067367A2B65784B59384387
:1098D000344B5142306E466337714B55456B4848A7
:1098E000787659505A5039616C346A77716A2B38DE
:1098F0006E0D0A594D50476E3875363747423974E8
:109900002B61454D7235502B31676D49674E623181
:109910004C54562B2F586A6C693577774F517576B2
:1099200066777537754A42566341304C6E306B63CB
:109930006D6E4C0D0A5237455551494E395A2F53C9
:1099400047396A477238586D6B7372557545766D35
:1099500045462F42696279632B453169785641301B
:10996000686D6E4D336F54445062354C6339756E7B
:1099700038724E73750D0A4B4E462B416B736A6FEE
:109980004258794F47566B43656F4D626F3462465C
:10999000364278794C4F6279617670772F4C5068F7
:1099A000356150674149796E706C5962364C564149
:1099B000674D424141476A0D0A675A5577675A49D0
:1099C00077485159445652304F42425945464C52BD
:1099D00061354B577A33744A5339726E56707055ED
:1099E00050367A3638782F332F4D474D4741315511
:1099F00064497752634D4671410D0A464C526135B8
:109A00004B577A33744A5339726E567070555036CC
:109A10007A3638782F332F6F542B6B505441374D93
:109A2000517377435159445651514745774A4F54E2
:109A30004445524D413847413155450D0A436777FA
:109A4000495547397359584A5455307778475441E6
:109A50005842674E5642414D4D4546427662474612
:109A60007955314E4D4946526C63335167513047F9
:109A7000434151417744415944565230540D0A42B2
:109A8000415577417745422F7A414E42676B716865
:109A90006B6947397730424151734641414F4341E9
:109AA000514541484B2F484872545A4D6E6E564DA1
:109AB00070646531696F2B766F4174716C376A0D14
:109AC0000A347352684C726A44376F33544874775F
:109AD000526244613264694376707130537132333B
:109AE0004E67324C4D596F58734F786F4C2F52510F
:109AF0004B33694E37554B7856334D4B504572308A
:109B0000770D0A5851532B6B4B5171695432627364
:109B100066726A6E574D56485A74554F4D706D3681
:109B2000464E716364476D2F52737333764B646195
:109B3000326C634B6C386B556E712F796C63312BC3
:109B40005162420D0A47364136745576516372327E
:109B50005A79576656672B6D4D35586B6854724F5E
:109B60004F587573324F4C696B6234577745744A5E
:109B7000544A524E4530662B79504F4453557A30F3
:109B80002F765435370D0A41704830436E423830D5
:109B900062594A73685948504848796D4F746C65EA
:109BA0004142384B535974716D3735672F594E6F99
:109BB000626A6E6A4236636D34486B57334F5A524D
:109BC00056496C366659590D0A6E32304E5256411E
:109BD00031566A73364741524F72344E7157346B67
:109BE0002F2B4C6F66593979304C4C44452B7030D3
:109BF0006F49454B584973497668507233397377CA
:109C00007853413D3D0D0A2D2D2D2D2D454E4420DF
:109C100043455254494649434154452D2D2D2D2D40
:109C20000D0A0000E90000002D2D2D2D2D42454785
:109C3000494E2045432050524956415445204B45FA
:109C4000592D2D2D2D2D0D0A4D486343415145456C
:109C500049506233686D54785A332F6D5A493376C0
:109C6000796B37703355337742662B57496F7036AF
:109C70006844686B467A4A686D4C63716F416F4700
:109C800043437147534D34390D0A417745486F5569
:109C9000514451674145562B5775735850663036BD
:109CA00079376B3769422F784B7537755A54724D37
:109CB0003556552F59304473777534324D6C4339CE
:109CC0002B5934764E63594461570D0A774E5559D6
:109CD0004648446C66352F565330555935624273A9
:109CE00031567A346C6F2B48634B506B78773D3D1F
:109CF0000D0A2D2D2D2D2D454E442045432050522B
:109D00004956415445204B45592D2D2D2D2D0D0AD9
:109D1000000000003D0300002D2D2D2D2D42454754
:109D2000494E2043455254494649434154452D2DFF
:109D30002D2D2D0D0A4D4949434C44434341624B5F
:109D40006741774942416749424454414B42676702
:109D500071686B6A4F50515144416A412B4D5173A8
:109D600077435159445651514745774A4F544445DA
:109D7000524D4138470D0A4131554543684D4955CB
:109D800047397359584A54553077784844416142AD
:109D9000674E5642414D544531427662474679639B
:109DA000334E734946526C6333516752554D675178
:109DB0003045774868634E0D0A4D544D774F5449EE
:109DC000304D5455314D6A41305768634E4D6A4DA0
:109DD000774F5449794D5455314D6A4130576A4255
:109DE000424D517377435159445651514745774A33
:109DF0004F544445524D4138470D0A413155454372
:109E0000684D495547397359584A54553077784801
:109E10007A416442674E5642414D54466C427662E6
:109E200047467955314E4D4946526C63335167511F
:109E30003278705A573530494449770D0A575441A2
:109E40005442676371686B6A4F5051494242676779
:109E500071686B6A4F50514D4242774E43414152B7
:109E6000583561367863392F54724C7554754948AA
:109E70002F45713775356C4F737A6C56540D0A390E
:109E80006A514F7A43376A5979554C33356A693884
:109E90003178674E70624131526755634F562F6E6D
:109EA00039564C52526A6C73477A56585069576A01
:109EB0003464776F2B54486F3447644D4947610DC4
:109EC0000A4D416B4741315564457751434D4141FE
:109ED00077485159445652304F4242594546486F8F
:109EE0004158345A6B2F4F4264355245514F374CCD
:109EF0006D4F38516D50382F694D473447413155BA
:109F0000640D0A4977526E4D475741464A317449AC
:109F100043524A41543872793369314762782B4A47
:109F20004D6E622B7A5A386F554B6B5144412B4D15
:109F3000517377435159445651514745774A4F54CD
:109F40004445520D0A4D4138474131554543684D0E
:109F5000495547397359584A5455307778484441E0
:109F60006142674E5642414D544531427662474602
:109F70007963334E734946526C6333516752554D82
:109F800067513047430D0A43514442512B4A2B59E4
:109F90006B504D3644414B42676771686B6A4F5056
:109FA00051514441674E6F4144426C416A424B5AA1
:109FB00051313749494F696D626D6F442F794E3782
:109FC0006F38397533424D0D0A6C674F736A6E688E
:109FD000773366494F6F4C49577932574F47736B08
:109FE0002F4C47462B2B447A7672527A754E694134
:109FF000434D5143643869656D315853344A4B378A
:10A0000068616A38786F6370550D0A4C776A516AD7
:10A010006535504447486664336839745033385165
:10A020006B6E7535624A717773306D64324B4F4B8E
:10A030004879655630553D0D0A2D2D2D2D2D454E57
:10A04000442043455254494649434154452D2D2D02
:10A050002D2D0D0A00000000E90000002D2D2D2DF2
:10A060002D424547494E20454320505249564154C0
:10A0700045204B45592D2D2D2D2D0D0A4D4863435F
:10A08000415145454950457145794232416E436FD2
:10A09000504C2F39552F59444876647158596249AC
:10A0A0006F67547977777970362F55664477366EB7
:10A0B0006F416F4743437147534D34390D0A417720
:10A0C00045486F555144516741454E38785732588D
:10A0D000594A486C70795073645A4C663867627597
:10A0E00035382B516152644E4374464C58336143AA
:10A0F0004A5A59704A4F355144594978482F0D0AE8
:10A1000036692F534E4631644672324B694D4A725E
:10A11000647731567A596F7144766F42794C547432
:10A120002F773D3D0D0A2D2D2D2D2D454E442045DB
:10A13000432050524956415445204B45592D2D2D11
:10A140002D2D0D0A000000002D0300002D2D2D2DBA
:10A150002D424547494E20434552544946494341C3
:10A1600054452D2D2D2D2D0D0A4D494943487A4337
:10A1700043416157674177494241674942435441EE
:10A180004B42676771686B6A4F50515144416A4155
:10A190002B4D517377435159445651514745774A96
:10A1A0004F544445524D4138470D0A4131554543BE
:10A1B000684D495547397359584A5455307778484E
:10A1C00044416142674E5642414D544531427662A8
:10A1D00047467963334E734946526C633351675235
:10A1E000554D67513045774868634E0D0A4D544DC3
:10A1F000774F5449304D5455314D6A41305768635B
:10A200004E4D6A4D774F5449794D5455314D6A4101
:10A2100030576A41304D517377435159445651512B
:10A220004745774A4F544445524D4138470D0A41FE
:10A2300031554543684D495547397359584A545526
:10A24000307778456A415142674E5642414D5443FA
:10A25000577876593246736147397A6444425A4D89
:10A26000424D4742797147534D3439416745470D57
:10A270000A43437147534D3439417745484130498A
:10A28000414244664D56746C3243523561636A37BD
:10A29000485753332F4947377566506B476B5854AF
:10A2A00051725253313932676957574B5354755570
:10A2B000410D0A32434D522F2B6F76306A5264584B
:10A2C000526139696F6A436133634E5663324B4B57
:10A2D0006737364163693037662B6A675A3077676C
:10A2E0005A6F77435159445652305442414977414D
:10A2F0004441640D0A42674E564851344546675101
:10A30000555547476C6A3951483264654341517A23
:10A310006C5A582B4D5930616E4537347762675906
:10A32000445652306A424763775A5941556E573006
:10A33000674A456B420D0A5079764C654C555A7602
:10A3400048346B796476374E6E7968517152414D5D
:10A35000443478437A414A42674E56424159544107
:10A360006B354D4D524577447759445651514B45C5
:10A37000776851623278680D0A636C4E54544445D4
:10A38000634D426F474131554541784D54554739EA
:10A390007359584A7A633277675647567A6443420C
:10A3A00046517942445159494A414D4644346E35EB
:10A3B0006951387A6F4D416F470D0A4343714753D6
:10A3C0004D343942414D43413267414D4755434D2C
:10A3D0005143614C467A58707475693557514E38FF
:10A3E0004C6C4F3364646831684D787836747A67A2
:10A3F0004C765430334D54564B32530D0A43313260
:10A4000072304C7A3372692F6D6F5345704E5A57C4
:10A4100071506A6B434D4345326635334758635933
:10A420004C717966794A52303738632F784E5355DC
:10A4300055352B58786C37565A343134560D0A66D8
:10A440004761356B4876484152425063385941491B
:10A450005649714476484831513D3D0D0A2D2D2D08
:10A460002D2D454E442043455254494649434154BD
:10A47000452D2D2D2D2D0D0A000000000C00000093
:10A48000506F6C617253534C54657374000000003C
:10A490006A0100002D2D2D2D2D424547494E2045A6
:10A4A000432050524956415445204B45592D2D2D9E
:10A4B0002D2D0D0A50726F632D547970653A20343A
:10A4C0002C454E435259505445440D0A44454B2D9A
:10A4D000496E666F3A204445532D454445332D431C
:10A4E00042432C33303745414234363939333344D3
:10A4F0003634450D0A0D0A49786272526D4B63413C
:10A500007A63744A71506454514C413453577942C0
:10A51000595947594A566B59456E612B4637506118
:10A5200035743559672F674B414472464B636D361E
:10A53000423732653744470D0A69684578745A498D
:10A5400036343873307A6459773671534A373476F3
:10A550007250537557446535716D39334271736666
:10A56000564839737674437A57485730706D317056
:10A57000304B544243466655710D0A557375575416
:10A580004954774A496D636E6C4173316761525A21
:10A59000337341576D37634F5569644C30666F3282
:10A5A0004730665955464E63596F43534C66664370
:10A5B000465445484275506E6167620D0A613737EF
:10A5C000782F735931427669693853392F58684466
:10A5D00054623670544D783036777A726D0D0A2D8C
:10A5E0002D2D2D2D454E4420454320505249564196
:10A5F0005445204B45592D2D2D2D2D0D0A000000C1
:10A60000730300002D2D2D2D2D424547494E20432B
:10A61000455254494649434154452D2D2D2D2D0D6C
:10A620000A4D494943556A43434164656741774947
:10A63000424167494A414D4644346E356951387A42
:10A640006F4D416F4743437147534D343942414D3C
:10A65000434D443478437A414A42674E5642415909
:10A66000540D0A416B354D4D524577447759445648
:10A6700051514B4577685162327868636C4E54543F
:10A680004445634D426F474131554541784D5455DE
:10A6900047397359584A7A633277675647567A640E
:10A6A0004342460D0A517942445154416546773040
:10A6B000784D7A41354D6A51784E5451354E446843
:10A6C00061467730794D7A41354D6A49784E54511B
:10A6D000354E4468614D443478437A414A42674E6E
:10A6E00056424159540D0A416B354D4D5245774400
:10A6F0007759445651514B457768516232786863B7
:10A700006C4E54544445634D426F47413155454169
:10A71000784D545547397359584A7A63327767569A
:10A7200047567A644342460D0A5179424451544295
:10A73000324D42414742797147534D343941674563
:10A7400047425375424241416941324941424D506D
:10A75000614B7A52424E3167766831622B2F496DD8
:10A76000364B554E4C547542750D0A777735585512
:10A770007A4D35574E5253744A47564F51736A3388
:10A780003138584A474A492F4271564B6334734C0B
:10A7900059664369464B4172395A717179486475FB
:10A7A0004E4D63626C6934797569790D0A61593768
:10A7B0007A51613070773752666461644862395506
:10A7C0005A4B5656706D6C4D37494C526D466D4123
:10A7D0007A48714F426F4443426E54416442674E1F
:10A7E0005648513445466751556E5730670D0A4AF1
:10A7F000456B425079764C654C555A7648346B79A6
:10A800006476374E6E7777626759445652306A42A3
:10A810004763775A5941556E5730674A456B4250E6
:10A8200079764C654C555A7648346B796476370D99
:10A830000A4E6E7968517152414D443478437A41E1
:10A840004A42674E5642415954416B354D4D52452F
:10A8500077447759445651514B4577685162327865
:10A8600068636C4E54544445634D426F47413155C3
:10A87000450D0A41784D545547397359584A7A6302
:10A880003277675647567A6443424651794244517B
:10A8900059494A414D4644346E356951387A6F4DB5
:10A8A00041774741315564457751464D414D4241CD
:10A8B0006638770D0A436759494B6F5A497A6A30AF
:10A8C0004541774944615141775A674978414D4F35
:10A8D00030596E4E574B4A5541665867534A744A31
:10A8E0007865786E346970672B6B76347A6E755242
:10A8F00035307635360D0A74346430504375343152
:10A90000326D5543364E6E6437697A767445324DF2
:10A910006749784150316E6E4A516A5A38425775CC
:10A920006B737A4651444734387778434379636987
:10A9300039717064534D760D0A75436A6E387077BD
:10A94000554F6B4142584B384D73733930667A43DB
:10A950006643454F7449413D3D0D0A2D2D2D2D2D4A
:10A96000454E442043455254494649434154452DA0
:10A970002D2D2D2D0D0A0000020000006CB002608C
:10A980000300000050B002600400000034B0026018
:10A990000500000018B0026006000000FCAF026075
:10A9A00007000000E0AF026008000000C4AF0260D2
:10A9B00009000000A8AF02600A0000008CAF02602E
:10A9C0000B00000070AF02600C00000054AF02608A
:10A9D0000D00000038AF02600E000000F8AE02600B
:10A9E0000F000000DCAE026010000000C0AE02608C
:10A9F0002B00000080AE02602C00000064AE0260FC
:10AA00002D00000048AE02601100000008AE026098
:10AA100012000000ECAD026013000000D0AD026037
:10AA200014000000B4AD02601500000098AD026093
:10AA3000160000007CAD02601700000060AD0260EF
:10AA40001800000044AD02601900000028AD02604B
:10AA50001A0000000CAD02601B000000F0AC0260A8
:10AA60001C000000D4AC02601D00000094AC026029
:10AA70001E00000078AC02601F0000005CAC0260A9
:10AA80002E0000001CAC02602F00000000AC026031
:10AA900030000000E4AB026020000000A4AB0260C4
:10AAA0002200000048AB026024000000ECAA026013
:10AAB0002100000088AB0260230000002CAB026084
:10AAC00025000000D0AA0260000000000000000085
:10AAD00025020000C0000000681B002008000000E4
:10AAE000000000000800000008AB02602401000024
:10AAF000C0000000781B00200800000000000000DB
:10AB00000800000008AB026004000000F58000604F
:10AB10000981006000000000000000002981006041
:10AB200025810060A58100602D8100602302000066
:10AB300080000000881B00200800000000000000CA
:10AB40000800000064AB02602201000080000000E9
:10AB5000941B002008000000000000000800000016
:10AB600064AB026003000000F580006009810060B2
:10AB70000000000000000000218100601D810060D5
:10AB8000A58100602D8100602102000040000000CE
:10AB9000C82100200800000000000000080000009C
:10ABA000C0AB02602001000040000000A01B00209C
:10ABB000080000000000000008000000C0AB0260B8
:10ABC00003000000ED800060FD80006000000000D8
:10ABD000000000001981006015810060BD810060E7
:10ABE000418100603008000000010000A81B002027
:10ABF0000C000000010000001000000038AC0260F2
:10AC00002F080000C0000000BC1B00200C0000004A
:10AC1000010000001000000038AC02602E080000A7
:10AC200080000000D01B00200C000000010000008C
:10AC30001000000038AC02600500000000000000B9
:10AC4000000000000000000000000000E180006043
:10AC5000E1800060D5810060558100601F06000022
:10AC600000010000E41B00200C00000001000000B7
:10AC700010000000B0AC02601E060000C000000022
:10AC8000F81B00200C000000010000001000000074
:10AC9000B0AC02601D060000800000000C1C00200B
:10ACA0000C0000000100000010000000B0AC0260C9
:10ACB000050000000000000000000000000000008F
:10ACC00000000000D5800060D5800060ED8100604C
:10ACD000698100601C05000000010000201C0020AC
:10ACE00010000000000000001000000024AE026010
:10ACF0001B050000C0000000341C002010000000F4
:10AD0000000000001000000024AE02601A050000E0
:10AD100080000000481C002010000000000000001F
:10AD20001000000024AE02601903000000010000C2
:10AD30005C1C00201000000000000000100000005B
:10AD400024AE026018030000C0000000701C002048
:10AD500010000000000000001000000024AE02609F
:10AD60001703000080000000841C00201000000079
:10AD7000000000001000000024AE02601602000077
:10AD800000010000981C00201000000000000000DE
:10AD90001000000024AE026015020000C000000098
:10ADA000AC1C00201000000000000000100000009B
:10ADB00024AE02601402000080000000C01C0020CD
:10ADC00010000000000000001000000024AE02602F
:10ADD0001301000000010000D41C0020100000003E
:10ADE000000000001000000024AE0260120100000C
:10ADF000C0000000E81C002010000000000000005F
:10AE00001000000024AE026011010000800000006C
:10AE1000FC1C0020100000000000000010000000DA
:10AE200024AE026005000000AD800060B1800060CB
:10AE3000BD800060C5800060D1800060CD80006072
:10AE4000058200607D8100602D0800000001000087
:10AE5000101D00200C000000010000001000000088
:10AE60009CAE02602C080000C00000001C1D0020E9
:10AE70000C00000001000000100000009CAE026009
:10AE80002B08000080000000281D00200C0000009E
:10AE900001000000100000009CAE026002000000F3
:10AEA00000000000000000000000000000000000A2
:10AEB000A1800060A1800060D581006055810060A4
:10AEC0001006000000010000341D00200C000000EE
:10AED000010000001000000014AF02600F06000027
:10AEE000C0000000401D00200C0000000100000018
:10AEF0001000000014AF02600E0600008000000089
:10AF00004C1D00200C00000001000000100000009B
:10AF100014AF02600200000000000000000000000A
:10AF20000000000000000000958000609580006037
:10AF3000ED810060698100600D05000000010000E6
:10AF4000581D00201000000000000000100000004C
:10AF500088B002600C050000C0000000641D0020E5
:10AF600010000000000000001000000088B0026027
:10AF70000B05000080000000701D00201000000084
:10AF8000000000001000000088B002600A0300000A
:10AF9000000100007C1D00201000000000000000E7
:10AFA0001000000088B0026009030000C00000002B
:10AFB0008C1D0020100000000000000010000000A8
:10AFC00088B0026008030000800000009C1D002083
:10AFD00010000000000000001000000088B00260B7
:10AFE0000702000000010000AC1D0020100000005E
:10AFF000000000001000000088B00260060200009F
:10B00000C0000000B81D002010000000000000007B
:10B010001000000088B002600502000080000000FF
:10B02000C41D0020100000000000000010000000FF
:10B0300088B002600401000000010000D01D002063
:10B0400010000000000000001000000088B0026046
:10B0500003010000C0000000DC1D00201000000003
:10B06000000000001000000088B002600201000033
:10B0700080000000E81D002010000000000000001B
:10B080001000000088B00260020000006D800060C7
:10B09000718000607D80006085800060918000602C
:10B0A0008D8000601D8200609181006001020407B4
:10B0B000080B0D0E10131516191A1C1F2023252618
:10B0C000292A2C2F31323437383B3D3E4043454608
:10B0D000494A4C4F51525457585B5D5E61626467F8
:10B0E000686B6D6E70737576797A7C7F80838586E8
:10B0F000898A8C8F91929497989B9D9EA1A2A4A7D8
:10B10000A8ABADAEB0B3B5B6B9BABCBFC1C2C4C7C7
:10B11000C8CBCDCED0D3D5D6D9DADCDFE0E3E5E6B7
:10B12000E9EAECEFF1F2F4F7F8FBFDFE01010101B1
:10B1300001010101FEFEFEFEFEFEFEFE1F1F1F1F9F
:10B140000E0E0E0EE0E0E0E0F1F1F1F1011F011F43
:10B15000010E010E1F011F010E010E0101E001E0B1
:10B1600001F101F1E001E001F101F10101FE01FE57
:10B1700001FE01FEFE01FE01FE01FE011FE01FE0D7
:10B180000EF10EF1E01FE01FF10EF10E1FFE1FFE8B
:10B190000EFE0EFEFE1FFE1FFE0EFE0EE0FEE0FE89
:10B1A000F1FEF1FEFEE0FEE0FEF1FEF140100010C7
:10B1B0000010000000000400401004100000001007
:10B1C000401000104000000000000010400004008B
:10B1D00000000410401004100010040000100410BF
:10B1E00040100400001000004000000000000410A7
:10B1F000400000100010001040100000001004007B
:10B200004000040040000410001004104010000032
:10B21000000000000000000040000410400000108A
:10B220000010001040100400000004004010040052
:10B230000000040000100410001000004000000096
:10B240004000041000100000401004000010001026
:10B2500040000000400000100000041040000410F6
:10B26000000000100000040040100010000000006A
:10B2700040100410400004004000001000000410C2
:10B2800000100010401000100000000040100410DA
:10B2900000100400001004004010000040100000E6
:10B2A0004000040000000010001004100000200006
:10B2B0000200200402080004000000000008000052
:10B2C00002080004020820000008200402082004EC
:10B2D0000000200000000000020000040200000046
:10B2E000000000040200200402080000000800041E
:10B2F00002082000020020000008000402000004F0
:10B3000000002004000820040200200000002004A7
:10B3100000080000020800000208200400082000C5
:10B3200002000000000000040008200000000004EB
:10B3300000082000000020000208000402080004A9
:10B34000020020040200200402000000020020008D
:10B350000000000400080004000020000008200491
:10B360000208000002082000000820040208000073
:10B37000020000040208200400002004000820004D
:10B38000000000000200000002082004000000008D
:10B390000208200000002004000800000200000451
:10B3A0000008000400080000020020001000002037
:10B3B00000004020004000001040402000004020DD
:10B3C000100000001040402000004000004000201D
:10B3D000104040000000400010000020100040001D
:10B3E000004000200000002010400000000000008D
:10B3F00010004000104000200040000000404000CD
:10B4000010400020100000001000402010004020DC
:10B4100000000000104040000040402010400000AC
:10B42000004040000040402000000020004000207C
:10B43000100000001000402000404000104040205C
:10B4400000004000104000001000002000004000FC
:10B4500000400020000000201040000010000020EC
:10B4600010404020004040000000402010404000BC
:10B4700000404020000000001000402010000000AC
:10B48000004000000000402010404000004000004C
:10B49000100040001040002000000000004040204C
:10B4A000000000201000400010400020012080001B
:10B4B00081200000812000008000000080208000AA
:10B4C00081008000010080000120000000000000D9
:10B4D000002080000020800081208000810000008A
:10B4E00000000000800080000100800001000000DA
:10B4F000002000000000800001208000800000008B
:10B5000000008000012000008020000081008000F9
:10B51000010000008020000080008000002000006A
:10B520008020800081208000810000008000800059
:10B530000100800000208000812080008100000048
:10B5400000000000000000000020800080200000BB
:10B550008000800081008000010000000120800048
:10B5600081200000812000008000000081208000F8
:10B5700081000000010000000020000001008000A8
:10B580000120000080208000810080000120000058
:10B59000802000000000800001208000800000006A
:10B5A00000008000002000008020800020801080AB
:10B5B000008000800080000020801000000010004B
:10B5C00020000000200010802080008020000080EB
:10B5D00020801080008010800000008000800080AB
:10B5E00000001000200000002000108000801000EB
:10B5F000200010002080008000000000000000807B
:10B60000008000002080100000001080200010004A
:10B61000200000800000000000801000208000005A
:10B6200000801080000010802080000000000000DA
:10B63000208010002000108000001000208000807A
:10B64000000010800080108000800000000010804A
:10B6500000800080200000002080108020801000EA
:10B66000200000000080000000000080208000001A
:10B6700000801080000010002000008020001000DA
:10B68000208000802000008020001000008010003A
:10B69000000000000080008020800000000000808A
:10B6A0002000108020801080008010000001000029
:10B6B000000108020000080200010042000008002A
:10B6C00000010000000000400000080200010840E6
:10B6D00000000800000100020001084000010042D3
:10B6E00000000842000108000000004000000002C5
:10B6F0000000084000000840000000000001004079
:10B700000001084200010842000100020000084256
:10B71000000100400000000000000042000108029B
:10B7200000000002000000420001080000000800C4
:10B730000001004200010000000000020000004083
:10B740000000080200010042000108400001000260
:10B75000000000400000084200010802000108400B
:10B760000001000000000002000008420001084241
:10B770000001080000000042000108420000080229
:10B780000000000000000840000000420001080026
:10B79000000100020001004000000800000000005D
:10B7A00000000840000108020001004008020000FB
:10B7B0000002020800000000080002080002000861
:10B7C0000000000008020200000200080800020059
:10B7D0000800000808000008000002000802020833
:10B7E0000800020000000208080200000000000833
:10B7F000080000000002020800020000000202002F
:10B8000000000208080002080802020008020008FE
:10B810000002020000000200080200080800000008
:10B8200008020208000200000000000800020208EE
:10B8300000000008080002000802000000000200EA
:10B8400000020208000200080000000000020000E0
:10B8500008000200080202080002000808000008B0
:10B8600000020000000000000800020808020008B2
:10B8700000000200000000080802020808000000A2
:10B88000080202000002020008000008000002088E
:10B890000802000808020000000002080802020076
:10B8A0000800000008000208000202000004010174
:10B8B0000000000000000100040401010400010177
:10B8C0000404010004000000000001000004000066
:10B8D000000401010404010100040000040400014B
:10B8E0000400010100000001040000000404000045
:10B8F0000004000100040001000401000004010034
:10B900000000010100000101040400010400010025
:10B910000400000104000001040001000000000018
:10B920000404000004040100000000010000010004
:10B9300004040101040000000000010100040101F1
:10B9400000000001000000010004000004000101EB
:10B9500000000100000401000400000100040000D8
:10B9600004000000040400010404010004040101B7
:10B9700004000100000001010404000104000001B2
:10B980000404000004040100000401010404000098
:10B990000004000100040001000000000400010098
:10B9A000000401000000000004000101000000008C
:10B9B0000100000000010000010100000000010082
:10B9C000010001000001010001010100000000016F
:10B9D000010000010001000101010001000001015E
:10B9E000010001010001010101010101000000004D
:10B9F0000000000100000100000001010001000042
:10BA0000000100010001010000010101010000002E
:10BA1000010000010100010001000101010100001D
:10BA20000101000101010100010101014E6F7720B8
:10BA3000697320740123456789ABCDEF234567897E
:10BA4000ABCDEF01456789ABCDEF0123CDD64F2FAD
:10BA50009427C15D6996C8FA47A2ABEB8325397676
:10BA600044091A0A6A2A19F41ECA854B03E69F5B29
:10BA7000FA58EB42DD17E8B8B437D23212345678B0
:10BA800090ABCDEF54F15AF6EBE3A4B435761156F2
:10BA90005FA18E4DCB191F85D1ED8439129F40B91E
:10BAA000D20056B3470EFC9A6B8EE393C5CECF639C
:10BAB000ECEC514C2D2D2D2D2D424547494E204467
:10BAC0004820504152414D45544552532D2D2D2D66
:10BAD0002D0D0A4D494748416F4742414A3431399B
:10BAE0004442454F676D51547A6F3571586C3566D5
:10BAF00051634E39544E343535776B4F4C373035B2
:10BB000032487A787852564D7968596D7751636723
:10BB10004A76680D0A317361313866796652394F59
:10BB20006956454D59676C4F706B71566F474C4E57
:10BB30003771643561514E4E693557372F432B5657
:10BB400042644854424A63475A4A797950354233ED
:10BB500071637A33320D0A396D4C4A4B75646C56F9
:10BB60007564563051786B3571554A61505A2F784B
:10BB700075707A304E796F567076697569424F49A3
:10BB800031674E69386F765358577A416745430D90
:10BB90000A2D2D2D2D2D454E442044482050415234
:10BBA000414D45544552532D2D2D2D2D0D0A00008C
:10BBB0000400180080010000781E00200300170018
:10BBC000000100003420002002001500E000000009
:10BBD0004020002001001300C00000004C20002085
:10BBE000000000000000000000000000FFFFFFFF59
:10BBF000FFFFFFFFFEFFFFFFFFFFFFFFFFFFFFFF56
:10BC0000FFFFFFFFB1B946C1ECDEB8FE4930247238
:10BC1000ABE9A70FE7809CE5190521643128D2B470
:10BC2000B1C96B1436F8DE99FFFFFFFFFFFFFFFF7E
:10BC3000FFFFFFFF1210FF82FD0AFFF40088A143FF
:10BC4000EB20BF7CF69030B00EA88D181148791EFD
:10BC5000A177F973D5CD246BED11106378DAC8FFA5
:10BC6000952B1907010000000000000000000000F3
:10BC7000FFFFFFFFFFFFFFFFFFFFFFFFFFFFFFFFD4
:10BC800000000000B4FF552343390B27BAD8BFD7B3
:10BC9000B7B04450563241F5ABB3040C850A05B435
:10BCA0003D2A5C5C4529DD133EF0B8E0A216FFFF9B
:10BCB000FFFFFFFFFFFFFFFFFFFFFFFF211D5C11E5
:10BCC000D68032342211C256D3C1034AB9901332FE
:10BCD0007FBFB46BBD0C0EB7347E00859981D5440F
:10BCE0006447075AA07543CDE6DF224CFB23F7B526
:10BCF000886337BDFFFFFFFFFFFFFFFFFFFFFFFF71
:10BD00000000000000000000000000000100000032
:10BD1000FFFFFFFF4B60D2273E3CCE3BF6B053CC3B
:10BD2000B0061D65BC86987655BDEBB3E7933AAA7D
:10BD3000D835C65A512563FCC2CAB9F3849E17A7E9
:10BD4000ADFAE6BCFFFFFFFFFFFFFFFF00000000B2
:10BD5000FFFFFFFF96C298D84539A1F4A033EB2D21
:10BD6000817D0377F240A463E5E6BCF847422CE10D
:10BD7000F2D1176BF551BF376840B6CBCE5E316B51
:10BD80005733CE2B169E0F7C4AEBE78E9B7F1AFE15
:10BD9000E242E34FFFFFFFFF000000000000000051
:10BDA000FFFFFFFFFEFFFFFFFFFFFFFFFFFFFFFFA4
:10BDB000FFFFFFFFFFFFFFFFFFFFFFFFFFFFFFFF93
:10BDC000FFFFFFFFEF2AECD3EDC8852A9DD12E8A15
:10BDD0008D3956C65A8713508F081403124181FEBD
:10BDE0006E9C1D18192DF8E36B058E98E4E73EE272
:10BDF000A72F31B37329C5CC6A19ECEC7AA7B048E8
:10BE0000B20D1A58DF2D37F4814D63C7FFFFFFFFD6
:10BE1000FFFFFFFFFFFFFFFFFFFFFFFFFFFFFFFF32
:10BE2000FFFFFFFFB70A7672385E543A6C2955BFA0
:10BE30005DF20255382A5482E041F759989BA78B4E
:10BE4000623B1D6E74AD20F31EC7B18E37058BBEED
:10BE500022CA87AA5F0EEA907C1D437A9D817E1DCF
:10BE6000CEB1600AC0B8F0B51331DAE97C149A2873
:10BE7000BD1DF4F829DC9292BF989E5D6F2C26962A
:10BE80004ADE17360000000000000000000000003D
:10BE9000201C0000000000004038000000000000EE
:10BEA000602400000000000080700000000000001E
:10BEB000A06C000000000000C0480000000000006E
:10BEC000E05400000000000000E10000000000005D
:10BED00020FD00000000000040D90000000000002C
:10BEE00060C500000000000080910000000000001C
:10BEF000A08D000000000000C0A9000000000000AC
:10BF0000E0B500000000000058E2FCCEFA7E30618F
:10BF1000367F1D57A4E7455AAB6E47D42CEC13BDB2
:10BF2000F53A67B21257BDDF4D5C2AF327CD64A600
:10BF30002CF35ABD2BA6FAB45BC94FBC3221A5DB4A
:10BF400094FAE95AE7121A473612D2E79E3B078560
:10BF5000561BE14AACA2FCCB619CC5AEFFFE0BFABE
:10BF6000462AF43C1699D050CD33B28AC773F74BAA
:10BF7000A00ED1F3125724352FF58D80033927AB4E
:10BF80008EF4D4587514F0FB9924A7C8587336BFA3
:10BF9000B118024DB8674A142519498E80F1478FB0
:10BFA00037BA55BD6D27618C65DCC57FCF623A24F9
:10BFB000094FCCA40D3533F8DCF566FF291C25BBF1
:10BFC000B8568FC3D376A6D9530F8AFBC74536B967
:10BFD000A963B4F1C4CB738BD0D1C8A799996BF086
:10BFE000265B98B5D48AB919B094DAC5D93471BD35
:10BFF000EC1A502270E3CC6C76FC6ECE0F4E1768B4
:10C00000CDDF8853BB2D551B3A337DBF46A792C465
:10C010005E454913FE2EA8F2A44A8266EE1C8EB03D
:10C02000C8B5D4CF5AE9F19A000000000000000022
:10C030000000000000000000000000000000000000
:10C0400000000000000000000000000000000000F0
:10C0500000000000000000000000000000000000E0
:10C0600000000000000000000388DACE60B6A39252
:10C07000F328C2B971B2FE78000000000000000091
:10C0800000000000000000000000000000000000B0
:10C0900000000000000000000000000000000000A0
:10C0A000000000000000000042831EC221777424BB
:10C0B0004B7221B784D0D49CE3AA212F2C02A4E098
:10C0C00035C17E2329ACA12E21D514B25466931C10
:10C0D0007D8F6A5AAC84AA051BA30B396A0AAC97F8
:10C0E0003D58E091473F598542831EC22177742411
:10C0F0004B7221B784D0D49CE3AA212F2C02A4E058
:10C1000035C17E2329ACA12E21D514B25466931CCF
:10C110007D8F6A5AAC84AA051BA30B396A0AAC97B7
:10C120003D58E0910000000061353B4C2806934AE1
:10C13000777FF51FA22A4755699B2A714FCDC6F814
:10C140003766E5F97B6C742373806900E49F24B241
:10C150002B097544D4896B424989B5E1EBAC0F07D3
:10C16000C23F4598000000008CE24998625615B61F
:10C1700003A033ACA13FB894BE9112A5C3A211A8ED
:10C18000BA262A3CCA7E2CA701E4A9A4FBA43C90B1
:10C19000CCDCB281D48C7C6FD62875D2ACA41703CA
:10C1A0004C34AEE50000000000000000000000007C
:10C1B000000000000000000000000000000000007F
:10C1C000000000000000000000000000000000006F
:10C1D000000000000000000000000000000000005F
:10C1E000000000000000000098E7247C07F0FE41FA
:10C1F0001C267E4384B0F600000000000000000012
:10C20000000000000000000000000000000000002E
:10C21000000000000000000000000000000000001E
:10C2200000000000000000003980CA0B3C00E8411B
:10C23000EB06FAC4872A2757859E1CEAA6EFD98405
:10C24000628593B40CA1E19C7D773D00C144C52576
:10C25000AC619D18C84A3F4718E2448B2FE324D9AC
:10C26000CCDA2710ACADE2563980CA0B3C00E8416D
:10C27000EB06FAC4872A2757859E1CEAA6EFD984C5
:10C28000628593B40CA1E19C7D773D00C144C52536
:10C29000AC619D18C84A3F4718E2448B2FE324D96C
:10C2A000CCDA2710000000000F10F599AE14A1544D
:10C2B000ED24B36E25324DB8C566632EF2BBB34F85
:10C2C0008347280FC4507057FDDC29DF9A471F753C
:10C2D000C66541D4D4DAD1C9E93A19A58E8B473F56
:10C2E000A0F062F700000000D27E88681CE3243CC6
:10C2F0004830165A8FDCF9FF1DE9A1D8E6B447EFA4
:10C300006EF7B79828666E4581E79012AF34DDD995
:10C31000E2F037589B292DB3E67C036745FA22E704
:10C32000E9B7373B000000000000000000000000FB
:10C3300000000000000000000000000000000000FD
:10C3400000000000000000000000000000000000ED
:10C3500000000000000000000000000000000000DD
:10C360000000000000000000CEA7403D4D606B6E55
:10C37000074EC5D3BAF39D1800000000000000006E
:10C3800000000000000000000000000000000000AD
:10C39000000000000000000000000000000000009D
:10C3A0000000000000000000522DC1F099567D07EA
:10C3B000F47F37A32A84427D643A8CDCBFE5C0C990
:10C3C0007598A2BD2555D1AA8CB08E48590DBB3D9C
:10C3D000A7B08B1056828838C5F61E6393BA7A0AC6
:10C3E000BCC9F662898015AD522DC1F099567D0702
:10C3F000F47F37A32A84427D643A8CDCBFE5C0C950
:10C400007598A2BD2555D1AA8CB08E48590DBB3D5B
:10C41000A7B08B1056828838C5F61E6393BA7A0A85
:10C42000BCC9F66200000000C3762DF1CA787D32E7
:10C43000AE47C13BF19844CBAF1AE14D0B976AFA76
:10C44000C52FF7D79BBA9DE0FEB582D33934A4F04F
:10C45000954CC2363BC73F7862AC430E64ABE4995F
:10C46000F47C9B1F000000005A8DEF2F0C9E53F1AF
:10C47000F75D7853659E2A20EEB2B22AAFDE6419CA
:10C48000A058AB4F6F746BF40FC0C3B780F2444534
:10C490002DA3EBF1C5D82CDEA2418997200EF82EF2
:10C4A00044AE7E3F000000000000000000000000DD
:10C4B000000000000000000000000000000000007C
:10C4C0000000000000000000FEFFE9928665731C7A
:10C4D0006D6A8F9467308308FEFFE9928665731C4E
:10C4E0006D6A8F9467308308000000000000000030
:10C4F000000000000000000000000000000000003C
:10C50000000000000000000000000000000000002B
:10C51000000000000000000000000000000000001B
:10C52000000000000000000000000000000000000B
:10C5300000000000000000000000000000000000FB
:10C5400000000000000000000000000000000000EB
:10C5500000000000000000000000000000000000DB
:10C5600000000000000000000000000010000000BB
:10C57000400000003C0000003C0000003C000000C7
:10C5800000000000000000000000000000000000AB
:10C59000000000000000000000000000000000009B
:10C5A000000000000000000000000000000000008B
:10C5B000000000000000000000000000000000007B
:10C5C000CAFEBABEFACEDBADDECAF88800000000B3
:10C5D000000000000000000000000000000000005B
:10C5E000000000000000000000000000000000004B
:10C5F000000000000000000000000000000000003B
:10C600009313225DF88406E555909C5AFF5269AA5F
:10C610006A7A9538534F7DA1E4C303D2A318A728A3
:10C62000C3C0C95156809539FCF0E2429A6B52540E
:10C6300016AEDBF5A0DE6A57A637B39B00000000FC
:10C6400000000000000000000000000000000000EA
:10C6500000000000000000000000000000000000DA
:10C6600000000000000000000000000000000000CA
:10C6700000000000000000000000000000000000BA
:10C6800000000000000000000000000000000000AA
:10C69000000000000000000000000000000000009A
:10C6A000000000000000000000000000000000008A
:10C6B000000000000000000000000000000000007A
:10C6C000000000000000000000000000000000006A
:10C6D000000000000000000000000000000000005A
:10C6E000000000000000000000000000000000004A
:10C6F000000000000000000000000000000000003A
:10C700000000000000000000010000000100000027
:10C7100001000000020000000C0000000C000000FE
:10C720000C0000000C000000080000003C000000AD
:10C7300000000000000000000000000000000000F9
:10C7400000000000000000000000000000000000E9
:10C7500000000000000000000000000000000000D9
:10C7600000000000000000000000000000000000C9
:10C77000FEEDFACEDEADBEEFFEEDFACEDEADBEEFE3
:10C78000ABADDAD2000000000000000000000000A5
:10C790000000000000000000000000000000000099
:10C7A0000000000000000000000000000000000089
:10C7B0000000000000000000000000000000000079
:10C7C0000000000000000000000000000000000069
:10C7D0000000000000000000000000000000000059
:10C7E0000000000000000000000000000000000049
:10C7F0000000000000000000000000000000000039
:10C800000000000000000000000000000000000028
:10C810000000000000000000000000000000000018
:10C820000000000000000000000000000000000008
:10C8300000000000000000000000000000000000F8
:10C8400000000000000000000000000000000000E8
:10C8500000000000000000000000000000000000D8
:10C8600000000000000000000000000000000000C8
:10C8700000000000000000000000000000000000B8
:10C8800000000000000000000000000000000000A8
:10C890000000000000000000000000000000000098
:10C8A0000000000000000000000000000000000088
:10C8B0000000000000000000000000000100000077
:10C8C0000100000001000000000000000000000066
:10C8D000000000001400000014000000140000001C
:10C8E0000000000000000000000000000000000048
:10C8F0000000000000000000000000000000000038
:10C900000000000000000000000000000000000027
:10C910000000000000000000000000000000000017
:10C92000D9313225F88406E5A55909C5AFF5269A0F
:10C9300086A7A9531534F7DA2E4C303D8A318A7216
:10C940001C3C0C95956809532FCF0E2449A6B5259C
:10C95000B16AEDF5AA0DE657BA637B391AAFD25525
:10C9600000000000000000000000000000000000C7
:10C9700000000000000000000000000000000000B7
:10C9800000000000000000000000000000000000A7
:10C990000000000000000000000000000000000097
:10C9A0000000000000000000000000000000000087
:10C9B0000000000000000000000000000000000077
:10C9C0000000000000000000000000000000000067
:10C9D0000000000000000000000000000000000057
:10C9E0000000000000000000000000000000000047
:10C9F0000000000000000000000000000000000037
:10CA00000000000000000000000000000000000026
:10CA10000000000000000000000000000000000016
:10CA20000000000000000000000000000000000006
:10CA300000000000000000000000000000000000F6
:10CA400000000000000000000000000000000000E6
:10CA500000000000000000000000000000000000D6
:10CA600000000000000000000100000001000000C4
:10CA70000100000001000000A0C9AB58F1E2E5A4EC
:10CA8000DE3EBD4FF73E9C5B64EFD8CA028CF811C6
:10CA900048A584FE69AB5AEE42AA4D42176099D46C
:10CAA0005E1397DC404D86A37BF55954756951E4BC
:10CAB0009A00A2D00ED59BFE31ECB1399B60814823
:10CAC000D1969D250D3C1E94101098129325CAB83E
:10CAD000FCCC2D54731970C0107AA4892519955E69
:10CAE0004BC6001D7F4E6A2BF8A301AB46055C09BF
:10CAF000A67188F1A740EEF3E15C029B44AF0344CA
:10CB000079349BBF7CDDA5799557866621C913834F
:10CB10001146733ABF8C35C8C7215B5B96C48E9BA8
:10CB2000338C74E3E99DFEDFC6A16AB8D420706F30
:10CB30000F34AB7FEC5ADCA9D8CA3A133E159CA639
:10CB4000AC43C6F8A2BE22834A4C0A0AFFB10D715B
:10CB500094F1C1A5CF7322EC1AE0964ED4BF1227F0
:10CB600046E087FDB5B3E91B3493D5BB98FAED4990
:10CB7000E85F130FC8A459B70800000007000000C1
:10CB80000600000005000000040000000300000093
:10CB90000000000000000000010000000300000091
:10CBA0000E0000001A0000003E00000050000000CF
:10CBB000D41D8CD98F00B204E9800998ECF8427E2C
:10CBC0000CC175B9C0F1B6A831C399E26977266185
:10CBD000900150983CD24FB0D6963F7D28E17F72AD
:10CBE000F96B697D7CB7938D525A2F31AAF161D0D0
:10CBF000C3FCD3D76192E4007DFB496CCA67E13B7B
:10CC0000D174AB98D277D9F5A5611C2C9F419D9F1B
:10CC100057EDF4A22BE3C955AC49DA2E2107B67AB9
:10CC20000000000000000000000000000000000004
:10CC300000000000000000000000000000000000F4
:10CC400000000000000000000000000000000000E4
:10CC500000000000000000000000000000000000D4
:10CC600000000000000000000000000000000000C4
:10CC70000061000000000000000000000000000053
:10CC800000000000000000000000000000000000A4
:10CC90000000000000000000000000000000000094
:10CCA0000000000000000000000000000000000084
:10CCB0000000000000000000000000000000000074
:10CCC000000061626300000000000000000000003E
:10CCD0000000000000000000000000000000000054
:10CCE0000000000000000000000000000000000044
:10CCF0000000000000000000000000000000000034
:10CD00000000000000000000000000000000000023
:10CD10000000006D65737361676520646967657302
:10CD2000740000000000000000000000000000008F
:10CD300000000000000000000000000000000000F3
:10CD400000000000000000000000000000000000E3
:10CD500000000000000000000000000000000000D3
:10CD6000000000006162636465666768696A6B6CF5
:10CD70006D6E6F707172737475767778797A000062
:10CD800000000000000000000000000000000000A3
:10CD90000000000000000000000000000000000093
:10CDA0000000000000000000000000000000000083
:10CDB00000000000004142434445464748494A4B71
:10CDC0004C4D4E4F505152535455565758595A6125
:10CDD00062636465666768696A6B6C6D6E6F7071BB
:10CDE00072737475767778797A30313233343536B8
:10CDF000373839000000000000000000000000008B
:10CE00000000000000003132333435363738393015
:10CE100031323334353637383930313233343536D0
:10CE200037383930313233343536373839303132BA
:10CE300033343536373839303132333435363738A4
:10CE400039303132333435363738393031323334A2
:10CE500035363738393000000800000090220020B5
:10CE6000400000008000000081F1006069F1006076
:10CE70006DF1006089F1006029F20060CDF1006081
:10CE800079F100607DF1006007000000EC350020C2
:10CE9000300000008000000061F1006069F1006076
:10CEA0006DF1006071F1006029F20060CDF1006069
:10CEB00079F100607DF1006006000000C0350020BF
:10CEC000200000004000000051F1006039F10060D6
:10CED0003DF1006059F1006011F20060B9F10060AD
:10CEE00049F100604DF100600500000018220020AB
:10CEF0001C0000004000000031F1006039F10060CA
:10CF00003DF1006041F1006011F20060B9F1006094
:10CF100049F100604DF1006004000000F4210020A0
:10CF200014000000400000001DF1006021F10060CD
:10CF300025F1006071570160F9F10060A5F1006012
:10CF400029F100602DF1006003000000CC200020DA
:10CF5000100000004000000009F100600DF10060C9
:10CF600011F10060F5EF0060E1F1006091F1006007
:10CF700015F1006019F10060E420002009000000B4
:10CF8000C4230020DC23002003010000EC23002048
:10CF900009000000F82300201024002004010000F4
:10CFA00020240020090000002C240020442400201C
:10CFB000050100005824002009000000642400201E
:10CFC0007C240020060100009024002009000000BD
:10CFD0009C240020B424002007010000C824002065
:10CFE00009000000D4240020EC24002008010000E7
:10CFF0000025002005000000F82300201024002058
:10D000000401000008250020070000001025002072
:10D010002025002004040000302500200800000026
:10D020003C25002050250020050400006425002038
:10D030000800000070250020842500200604000060
:10D040009825002008000000A4250020B825002015
:10D0500007040000CC25002008000000D82500208F
:10D06000EC25002008040000002600200900000034
:10D070000C2600200C260020000600000000000006
:10D0800000000000000000000000000000000000A0
:10D09000FC20002003000000542700206C27002003
:10D0A00000010000802700200300000084270020EA
:10D0B0009427002004000000A027002003000000A7
:10D0C000A4270020B827002000080000CC2700205B
:10D0D00003000000D0270020E827002020000000E7
:10D0E000FC2700200900000008280020202800203C
:10D0F000000001000000000000000000000000002F
:10D1000000000000000000000021002003000000DB
:10D110003C280020502800205C28002060280020A7
:10D1200003000000642800207828002080280020C8
:10D130008428002003000000882800209828002070
:10D14000A4280020A828002003000000AC2800200C
:10D15000B8280020C0280020C428002003000000B8
:10D16000C8280020E0280020F0280020F428002013
:10D1700003000000F828002018290020242900209E
:10D18000282900200900000034290020442900201B
:10D1900034290020542900200300000058290020D1
:10D1A0006C2900207C2900208C290020030000002D
:10D1B00090290020A4290020B4290020C42900209F
:10D1C00003000000C8290020DC290020E8290020F5
:10D1D000F429002003000000F8290020082A00207C
:10D1E000102A0020142A002003000000182A002022
:10D1F000282A0020342A0020382A002003000000BA
:10D200003C2A00204C2A0020582A0020642A0020B2
:10D2100003000000682A0020842A00209C2A0020A5
:10D22000B02A002003000000B42A0020C02A0020F9
:10D23000C82A0020D02A002003000000D42A0020A1
:10D24000E82A0020082B0020142B002003000000F7
:10D25000182B0020282B0020342B0020402B0020EE
:10D260000A0000004C2B0020602B0020742B0020B3
:10D27000782B0020030000007C2B0020942B002042
:10D28000A82B0020000000000000000000000000AB
:10D290000000000000000000042100200900000040
:10D2A00070230020802300200100000010210020B6
:10D2B00007000000842300209423002002000000C7
:10D2C000A423002005000000AC230020B42300208C
:10D2D000030000000000000000000000000000004B
:10D2E00000000000000000001821002008000000DD
:10D2F0004C2000204C2000200100000040040020B1
:10D300000500000040200020402000200200000016
:10D310006423002008000000342000203420002076
:10D32000030000004804002005000000781E0020D3
:10D33000781E002004000000000000000000000033
:10D340000000000000000000000000002421002078
:10D3500008000000A8220020CC20002003000000CC
:10D360004821002005000000B0220020B822002043
:10D3700004000000C022002009000000CC22002090
:10D38000D822002005000000E02200200900000053
:10D39000EC220020F82200200600000000230020DC
:10D3A000090000000C2300201823002007000000C3
:10D3B00020230020090000002C2300203823002017
:10D3C0000800000000000000000000000000000055
:10D3D00000000000000000003021002008000000D4
:10D3E000F0210020FC210020040000000822002081
:10D3F0000800000014220020202200200500000068
:10D4000030220020080000003C220020482200209A
:10D4100006000000582200200800000064220020BE
:10D420007022002007000000802200200800000079
:10D430008C2200209822002008000000000000003C
:10D4400000000000000000000000000000000000DC
:10D450003C21002008000000182600202C26002077
:10D460004C26002008000000582600206C260020D2
:10D470008C2600200800000098260020AC26002002
:10D48000BC26002008000000C8260020E02600205E
:10D49000F4260020080000000027002014270020A8
:10D4A0002427002008000000302700204427002007
:10D4B000000000000000000000000000000000006C
:10D4C000502100200500000040230020C82100203A
:10D4D0002100000048230020080000005423002001
:10D4E000681B002025000000000000000000000074
:10D4F0000000000000000000000000005821002093
:10D500000A0000006421002084210020042500007E
:10D51000A42100200A000000B0210020D02100201A
:10D5200004230000000000000000000000000000D4
:10D5300000000000000000000800000008000000DB
:10D5400008000000180000000900000000000000B2
:10D55000040000000400000004000000240000009B
:10D5600005000000000000000100000002000000B3
:10D57000001000000010000000100000000000007B
:10D580001400000014000000140000001900000046
:10D5900010000000000000000C60C80F961F0E7104
:10D5A000F3A9B524AF6012062FE037A600000000F3
:10D5B0000000000000000000EA6C014DC72D6F8CD8
:10D5C000CD1ED92ACE1D41F0D8DE895700000000BB
:10D5D00000000000000000004B007901B765489A88
:10D5E000BEAD49D926F721D065A429C100000000AD
:10D5F00000000000000000003D2EEC4FE41C849B66
:10D6000080C8D83662C0E44A8B291A964CF2F07072
:10D61000380000000000000056FA6AA75548099D2E
:10D62000CC37D7F03425E0C3000000000000000034
:10D6300000000000000000000000000000000000EA
:10D6400000000000000000000000000000000000DA
:10D65000000000000000000070617373776F726457
:10D6600000000000000000000000000000000000BA
:10D67000000000000000000070617373776F726437
:10D68000000000000000000000000000000000009A
:10D69000000000000000000070617373776F726417
:10D6A000000000000000000000000000000000007A
:10D6B000000000000000000070617373776F7264F7
:10D6C00050415353574F524470617373776F726474
:10D6D00000000000000000007061737300776F723B
:10D6E00064000000000000000000000000000000D6
:10D6F000000000000000000000000000000000002A
:10D700000000000000000000000000000000000019
:10D71000000000000000000073616C740000000055
:10D7200000000000000000000000000000000000F9
:10D7300000000000000000000000000000000000E9
:10D7400073616C7400000000000000000000000025
:10D7500000000000000000000000000000000000C9
:10D76000000000000000000073616C740000000005
:10D7700000000000000000000000000000000000A9
:10D780000000000000000000000000000000000099
:10D7900073616C7453414C5473616C7453414C54B9
:10D7A00073616C7453414C5473616C7453414C54A9
:10D7B00073616C74000000007361006C7400000001
:10D7C0000000000000000000000000000000000059
:10D7D0000000000000000000000000000000000049
:10D7E0000000000000000000000000000000000039
:10D7F0000000000000000000000000000000000029
:10D800000000000000000000050000003C2E002089
:10D810009D1901609119016000000000A9190160C3
:10D82000F519016000000000D91A0160D11A0160E9
:10D83000711A01600000000004000000442E002066
:10D84000A118016085190160A5180160C91801605F
:10D85000000000000000000061190160B91A0160B9
:10D860005D1A016065190160030000004C2E002064
:10D87000A11801607919016000000000000000009B
:10D88000000000000000000061190160A11A0160A1
:10D89000491A01606519016002000000542E002041
:10D8A000A118016095180160D11801601519016077
:10D8B000000000000000000061190160A11A016071
:10D8C000491A0160651901600100000080230020F1
:10D8D0003D1701602D170160491701609517016020
:10D8E000D11701602118016069180160851A016073
:10D8F000351A01606D180160A9993E364706816AA4
:10D90000BA3E25717850C26C9CD0D89D84983E4414
:10D910001C3BD26EBAAE4AA1F95129E5E54670F139
:10D9200034AA973CD4C4DAA4F61EEB2BDBAD273126
:10D930006534016F616263000000000000000000B8
:10D9400000000000000000000000000000000000D7
:10D9500000000000000000000000000000000000C7
:10D960000000000000000000000000000061626391
:10D97000646263646563646566646566676566675B
:10D9800068666768696768696A68696A6B696A6B0B
:10D990006C6A6B6C6D6B6C6D6E6C6D6E6F6D6E6FBB
:10D9A000706E6F7071000000000000000000000049
:10D9B0000000000000000000000000000000000067
:10D9C0000000000000000000000000000000000057
:10D9D0000000000000000000000000000000000047
:10D9E0000300000038000000E8030000982F8A427E
:10D9F00091443771CFFBC0B5A5DBB5E95BC25639A1
:10DA0000F111F159A4823F92D55E1CAB98AA07D8B8
:10DA1000015B8312BE853124C37D0C55745DBE72DB
:10DA2000FEB1DE80A706DC9B74F19BC1C1699BE45B
:10DA30008647BEEFC69DC10FCCA10C246F2CE92DEB
:10DA4000AA84744ADCA9B05CDA88F97652513E980F
:10DA50006DC631A8C82703B0C77F59BFF30BE0C616
:10DA60004791A7D55163CA0667292914850AB727A4
:10DA700038211B2EFC6D2C4D130D385354730A6541
:10DA8000BB0A6A762EC9C281852C7292A1E8BFA218
:10DA90004B661AA8708B4BC2A3516CC719E892D180
:10DAA000240699D685350EF470A06A1016C1A41903
:10DAB000086C371E4C774827B5BCB034B30C1C3902
:10DAC0004AAAD84E4FCA9C5BF36F2E68EE828F74C1
:10DAD0006F63A5781478C8840802C78CFAFFBE90DB
:10DAE000EB6C50A4F7A3F9BEF27871C623097D222E
:10DAF0003405D8228642A477BDA255B32AADBCE432
:10DB0000BDA0B3F7E36C9DA70000000075388B162D
:10DB1000512776CC5DBA5DA1FD890150B0C6455C48
:10DB2000B4F58B1952522525000000002079465586
:10DB3000980C91D8BBB4C1EA97618A4BF03F425828
:10DB40001948B2EE4EE7AD6700000000BA7816BF84
:10DB50008F01CFEA414140DE5DAE2223B00361A3D5
:10DB600096177A9CB410FF61F20015AD248D6A619E
:10DB7000D20638B8E5C026930C3E6039A33CE45980
:10DB800064FF2167F6ECEDD419DB06C1CDC76E5CEE
:10DB90009914FB9281A1C7E284D73E67F1809A482D
:10DBA000A497200E046D39CCC7112CD003000000BF
:10DBB00038000000E803000061626300000000001C
:10DBC0000000000000000000000000000000000055
:10DBD0000000000000000000000000000000000045
:10DBE0000000000000000000000000000000000035
:10DBF000006162636462636465636465666465664C
:10DC00006765666768666768696768696A68696A98
:10DC10006B696A6B6C6A6B6C6D6B6C6D6E6C6D6E48
:10DC20006F6D6E6F706E6F7071000000000000000D
:10DC300000000000000000000000000000000000E4
:10DC400000000000000000000000000000000000D4
:10DC500000000000000000000000000000000000C4
:10DC6000000000000000000022AE28D7982F8A4252
:10DC7000CD65EF23914437712F3B4DECCFFBC0B501
:10DC8000BCDB8981A5DBB5E938B548F35BC2563901
:10DC900019D005B6F111F1599B4F19AFA4823F92EB
:10DCA00018816DDAD55E1CAB420203A398AA07D88F
:10DCB000BE6F7045015B83128CB2E44EBE85312489
:10DCC000E2B4FFD5C37D0C556F897BF2745DBE72E3
:10DCD000B196163BFEB1DE803512C725A706DC9B48
:10DCE000942669CF74F19BC1D24AF19EC1699BE42D
:10DCF000E3254F388647BEEFB5D58C8BC69DC10F47
:10DD0000659CAC77CCA10C2475022B596F2CE92DA6
:10DD100083E4A66EAA84744AD4FB41BDDCA9B05C3E
:10DD2000B5531183DA88F976ABDF66EE52513E982F
:10DD30001032B42D6DC631A83F21FB98C82703B01F
:10DD4000E40EEFBEC77F59BFC28FA83DF30BE0C6FC
:10DD500025A70A934791A7D56F8203E05163CA06AE
:10DD6000706E0E0A67292914FC2FD246850AB72740
:10DD700026C9265C38211B2EED2AC45AFC6D2C4D79
:10DD8000DFB3959D130D3853DE63AF8B54730A6573
:10DD9000A8B2773CBB0A6A76E6AEED472EC9C281CF
:10DDA0003B358214852C72926403F14CA1E8BFA22A
:10DDB000013042BC4B661AA89197F8D0708B4BC2C9
:10DDC00030BE5406A3516CC71852EFD619E892D151
:10DDD00010A96555240699D62A20715785350EF469
:10DDE000B8D1BB3270A06A10C8D0D2B816C1A4197D
:10DDF00053AB4151086C371E99EB8EDF4C774827A7
:10DE0000A8489BE1B5BCB034635AC9C5B30C1C39F2
:10DE1000CB8A41E34AAAD84E73E363774FCA9C5B2F
:10DE2000A3B8B2D6F36F2E68FCB2EF5DEE828F74AA
:10DE3000602F17436F63A57872ABF0A11478C88484
:10DE4000EC39641A0802C78C281E6323FAFFBE90BF
:10DE5000E9BD82DEEB6C50A41579C6B2F7A3F9BE1A
:10DE60002B5372E3F27871C69C6126EACE3E27CA34
:10DE700007C2C021C7B886D11EEBE0CDD67DDAEA55
:10DE800078D16EEE7F4F7DF5BA6F1772AA67F006F4
:10DE9000A698C8A2C57D630AAE0DF9BE04983F11CD
:10DEA0001B471C13350B711B847D0423F577DB287E
:10DEB0009324C7407BABCA32BCBEC9150ABE9E3C88
:10DEC0004C0D109CC4671D43B6423ECBBED4C54C1E
:10DED0002A7E65FC9C297F59ECFAD63AAB6FCB5F62
:10DEE0001758474A8C19446CCB00753F45A35E8B8D
:10DEF000B5A03D699AC65007272C32AB0EDED16320
:10DF00001A8B605A43FF5BED8086072BA1E7CC2379
:10DF100058BAECA134C825A700000000000000009A
:10DF2000000000000000000009330C33F71147E83F
:10DF30003D192FC782CD1B4753111B173B3B05D201
:10DF40002FA08086E3B0F712FCC7C71A557E2DB903
:10DF500066C3E9FA91746039000000000000000017
:10DF600000000000000000009D0E1809716474CBD1
:10DF7000086E834E310A4A1CED149E9C00F24852F2
:10DF80007972CEC5704C2A5B07B8B3DC38ECC4EBB1
:10DF9000AE97DDD87F3D89850000000000000000BD
:10DFA0000000000000000000DDAF35A193617ABAE7
:10DFB000CC417349AE20413112E6FA4E89A97EA2C6
:10DFC0000A9EEEE64B55D39A2192992A274FC1A873
:10DFD00036BA3C23A3FEEBBD454D4423643CE80E1A
:10DFE0002A9AC94FA54CA49F8E959B75DAE313DA44
:10DFF0008CF4F72814FC143F8F7779C6EB9F7FA130
:10E000007299AEADB6889018501D289E4900F7E46D
:10E01000331B99DEC4B5433AC7D329EEB6DD265487
:10E020005E96E55B874BE909E718483D0CE76964B4
:10E030004E2E42C7BC15B4638E1F98B13B204428B6
:10E040005632A803AFA973EBDE0FF244877EA60A0F
:10E050004CB0432CE577C31BEB009C5C2C49AA2EEB
:10E060004EADB217AD8CC09B0300000070000000E5
:10E07000E80300006162630000000000000000008F
:10E080000000000000000000000000000000000090
:10E090000000000000000000000000000000000080
:10E0A0000000000000000000000000000000000070
:10E0B0000000000000000000000000000000000060
:10E0C0000000000000000000000000000000000050
:10E0D0000000000000000000000000000000000040
:10E0E00000000000006162636465666768626364E3
:10E0F0006566676869636465666768696A646566BA
:10E100006768696A6B65666768696A6B6C66676889
:10E11000696A6B6C6D6768696A6B6C6D6E68696A59
:10E120006B6C6D6E6F696A6B6C6D6E6F706A6B6C29
:10E130006D6E6F70716B6C6D6E6F7071726C6D6EF9
:10E140006F707172736D6E6F70717273746E6F70C9
:10E150007172737475000000000000000000000080
:10E1600000000000000000000000000000000000AF
:10E17000000000000000000000000000000000009F
:10E18000000000000000000000000000000000008F
:10E19000000000000000000000000000000000007F
:10E1A000000000000000000000000000000000006F
:10E1B000000000000000000000000000000000005F
:10E1C000000000000000000009C0000044320020F0
:10E1D000050404000300000001000000030000002B
:10E1E00003000000000000000AC00000743200209C
:10E1F0000704040003000000010000000300000009
:10E20000030000000000000023C000009C3200203A
:10E2100005060400030000000300000003000000E6
:10E2200003000000000000002BC00000C4320020EA
:10E230000E060400030000000300000003000000BD
:10E24000030000000000000024C00000EC320020A9
:10E2500007070400030000000300000003000000A3
:10E2600003000000000000002CC000001433002058
:10E27000100704000300000003000000030000007A
:10E280000300000000000000ADC000003C3300208F
:10E290002D0604000300000003000000030000003E
:10E2A0000300000000000000AFC000006033002049
:10E2B0002D0604000300000003000000030000001E
:10E2C0000300000002000000ACC000008433002006
:10E2D0002B06040003000000030000000300000000
:10E2E0000300000000000000AEC00000A8330020C2
:10E2F0002B060400030000000300000003000000E0
:10E30000030000000200000072C00000CC330020B7
:10E3100014060400030000000100000003000000D8
:10E32000030000000000000073C00000FC33002068
:10E3300016070400030000000100000003000000B5
:10E34000030000000000000086C000002C34002004
:10E350001D0604000300000003000000030000008D
:10E36000030000000000000087C000005C340020B3
:10E370001F0704000300000003000000030000006A
:10E38000030000000000000008C000008C340020E2
:10E390002504040003000000010000000300000049
:10E3A000030000000000000013C00000B43400208F
:10E3B000050403000300000001000000030000004A
:10E3C000030000000000000014C00000D83400204A
:10E3D0000704030003000000010000000300000028
:10E3E000030000000000000027C00000FC340020F3
:10E3F0000506030003000000030000000300000006
:10E4000003000000000000002FC0000024350020A1
:10E410000E060300030000000300000003000000DC
:10E42000030000000000000028C000004C35002060
:10E4300007070300030000000300000003000000C2
:10E44000030000000000000030C000007435002010
:10E450001007030003000000030000000300000099
:10E46000030000000000000076C000009C35002082
:10E470001406030003000000010000000300000078
:10E48000030000000000000077C00000C835002035
:10E490001607030003000000010000000300000055
:10E4A00003000000000000008AC00000F4350020D6
:10E4B0001D0603000300000003000000030000002D
:10E4C00003000000000000008BC000002036002088
:10E4D0001F0703000300000003000000030000000A
:10E4E000030000000000000012C000004C360020B5
:10E4F00025040300030000000100000003000000E9
:10E5000003000000000000009F00000070360020A3
:10E5100010070200030000000300000003000000D9
:10E5200003000000000000009E0000009436002060
:10E530000E060200030000000300000003000000BC
:10E54000030000000000000067000000B836002053
:10E5500005060200030000000300000003000000A5
:10E5600003000000000000006B000000DC3600200B
:10E570000706020003000000030000000300000083
:10E5800003000000000000003300000000370020FE
:10E59000050402000300000000000000030000006A
:10E5A00003000000000000003900000024370020B4
:10E5B0000704020003000000000000000300000048
:10E5C00003000000000000009FC00000483700204A
:10E5D0002D060200030000000300000003000000FD
:10E5E0000300000000000000A3C000006837002006
:10E5F0002D060200030000000300000003000000DD
:10E6000003000000020000009EC0000088370020C8
:10E610002B060200030000000300000003000000BE
:10E620000300000000000000A2C00000A837002086
:10E630002B0602000300000003000000030000009E
:10E640000300000002000000BE000000C8370020E8
:10E650001406020003000000030000000300000095
:10E660000300000000000000C4000000F437002098
:10E670001606020003000000030000000300000073
:10E6800003000000000000004500000020380020CA
:10E69000140402000300000000000000030000005A
:10E6A000030000000000000088000000483800203F
:10E6B0001604020003000000000000000300000038
:10E6C00003000000000000007CC000007038002043
:10E6D0001D0602000300000003000000030000000C
:10E6E00003000000000000007DC000009C380020F6
:10E6F0001F070200030000000300000003000000E9
:10E70000030000000000000016000000C8380020D0
:10E7100025040200030000000000000003000000C8
:10E7200003000000000000009D000000EC38002005
:10E7300010070100030000000300000003000000B8
:10E7400003000000000000009C0000000C390020C5
:10E750000E0601000300000003000000030000009B
:10E7600003000000000000003C0000002C390020E5
:10E770000506010003000000030000000300000084
:10E7800003000000000000003D0000004C390020A4
:10E790000706010003000000030000000300000062
:10E7A00003000000000000002F0000006C39002072
:10E7B0000504010003000000000000000300000049
:10E7C0000300000000000000350000008C3900202C
:10E7D0000704010003000000000000000300000027
:10E7E00003000000000000009DC00000AC390020C4
:10E7F0002D060100030000000300000003000000DC
:10E800000300000000000000A1C00000C839002083
:10E810002D060100030000000300000003000000BB
:10E8200003000000020000009CC00000E43900204A
:10E830002B0601000300000003000000030000009D
:10E840000300000000000000A0C00000003A00200B
:10E850002B0601000300000003000000030000007D
:10E860000300000002000000BA0000001C3A002073
:10E870001406010003000000030000000300000074
:10E880000300000000000000C0000000443A002027
:10E890001606010003000000030000000300000052
:10E8A0000300000000000000410000006C3A00205E
:10E8B0001404010003000000000000000300000039
:10E8C000030000000000000084000000903A0020D7
:10E8D0001604010003000000000000000300000017
:10E8E00003000000000000007AC00000B43A0020DD
:10E8F0001D060100030000000300000003000000EB
:10E9000003000000000000007BC00000DC3A002093
:10E910001F070100030000000300000003000000C7
:10E9200003000000000000000A000000043B00207B
:10E9300025040100030000000000000003000000A7
:10E9400003000000000000000EC00000243B002077
:10E95000050409000300000001000000030000009E
:10E9600003000000000000000FC00000483B002032
:10E97000070409000300000001000000030000007C
:10E98000030000000000000029C000006C3B0020D4
:10E99000050609000300000003000000030000005A
:10E9A000030000000000000031C00000943B002084
:10E9B0000E06090003000000030000000300000031
:10E9C00003000000000000002AC00000BC3B002043
:10E9D0000707090003000000030000000300000017
:10E9E000030000000000000032C00000E43B0020F3
:10E9F00010070900030000000300000003000000EE
:10EA0000030000000000000078C000000C3C002063
:10EA100014060900030000000100000003000000CC
:10EA2000030000000000000079C00000383C002016
:10EA300016070900030000000100000003000000A9
:10EA400003000000000000008CC00000643C0020B7
:10EA50001D06090003000000030000000300000081
:10EA600003000000000000008DC00000903C00206A
:10EA70001F0709000300000003000000030000005E
:10EA800003000000000000000DC00000BC3C00209E
:10EA9000250409000300000001000000030000003D
:10EAA000030000000000000004C00000E03C002063
:10EAB00005040A000300000001000000030000003C
:10EAC000030000000000000005C00000043D00201D
:10EAD00007040A000300000001000000030000001A
:10EAE000030000000000000025C00000283D0020B9
:10EAF00005060A00030000000300000003000000F8
:10EB000003000000000000002DC00000503D002068
:10EB10000E060A00030000000300000003000000CE
:10EB2000030000000000000026C00000783D002027
:10EB300007070A00030000000300000003000000B4
:10EB400003000000000000002EC00000A03D0020D7
:10EB500010070A000300000003000000030000008B
:10EB6000030000000000000074C00000C83D002049
:10EB700014060A000300000001000000030000006A
:10EB8000030000000000000075C00000F43D0020FC
:10EB900016070A0003000000010000000300000047
:10EBA000030000000000000088C00000203E00209C
:10EBB0001D060A000300000003000000030000001F
:10EBC000030000000000000089C000004C3E00204F
:10EBD0001F070A00030000000300000003000000FC
:10EBE000030000000000000003C00000783E002089
:10EBF00025040A00030000000100000003000000DB
:10EC00000300000000000000A8000000A03E00205B
:10EC10000E060500030000000300000003000000D2
:10EC20000300000000000000A9000000C03E00201A
:10EC300010070500030000000300000003000000AF
:10EC40000300000000000000AE000000E03E0020D5
:10EC5000050605000300000001000000030000009D
:10EC60000300000000000000AF000000003F002093
:10EC7000070705000300000001000000030000007A
:10EC800003000000000000008C000000203F002076
:10EC90000504050003000000000000000300000060
:10ECA00003000000000000008D000000403F002035
:10ECB000070405000300000000000000030000003E
:10ECC0000300000000000000A5C00000603F00201D
:10ECD0002D060500030000000300000003000000F3
:10ECE0000300000000000000A9C000007C3F0020DD
:10ECF0002D060500030000000300000003000000D3
:10ED00000300000002000000A4C00000983F0020A3
:10ED10002B060500030000000300000003000000B4
:10ED20000300000000000000A8C00000B43F002065
:10ED30002B06050003000000030000000300000094
:10ED4000030000000200000094C00000D03F00203B
:10ED5000140605000300000001000000030000008D
:10ED6000030000000000000095C00000F83F0020F4
:10ED7000160705000300000001000000030000006A
:10ED800003000000000000008EC0000020400020B2
:10ED90001D06050003000000030000000300000042
:10EDA00003000000000000008FC000004840002069
:10EDB0001F0705000300000003000000030000001F
:10EDC00003000000000000008B00000070400020E5
:10EDD00025040500030000000000000003000000FF
:10EDE0000300000000000000AA0000009040002086
:10EDF0000E060600030000000300000003000000F0
:10EE00000300000000000000AB000000B440002040
:10EE100010070600030000000300000003000000CC
:10EE20000300000000000000B2000000D8400020F5
:10EE300005060600030000000100000003000000BA
:10EE40000300000000000000B3000000FC400020B0
:10EE50000707060003000000010000000300000097
:10EE6000030000000000000090000000204100208E
:10EE7000050406000300000000000000030000007D
:10EE80000300000000000000910000004441002049
:10EE9000070406000300000000000000030000005B
:10EEA0000300000000000000A7C00000684100202F
:10EEB0002D06060003000000030000000300000010
:10EEC0000300000000000000ABC0000088410020EB
:10EED0002D060600030000000300000003000000F0
:10EEE0000300000002000000A6C00000A8410020AE
:10EEF0002B060600030000000300000003000000D2
:10EF00000300000000000000AAC00000C84100206B
:10EF10002B060600030000000300000003000000B1
:10EF2000030000000200000096C00000E84100203D
:10EF300014060600030000000100000003000000AA
:10EF4000030000000000000097C0000014420020F1
:10EF50001607060003000000010000000300000087
:10EF6000030000000000000090C0000040420020AC
:10EF70001D0606000300000003000000030000005F
:10EF8000030000000000000091C000006C4200205F
:10EF90001F0706000300000003000000030000003C
:10EFA00003000000000000008F00000098420020D5
:10EFB000250406000300000000000000030000001C
:10EFC000030000000000000037C00000BC42002029
:10EFD0000506080003000000010000000300000017
:10EFE000030000000000000038C00000E4420020E0
:10EFF00007070800030000000100000003000000F4
:10F00000030000000000000035C000000C43002099
:10F0100005040800030000000100000003000000D8
:10F02000030000000000000036C000003043002054
:10F0300007040800030000000100000003000000B6
:10F0400003000000000000009AC0000054430020AC
:10F050001406080003000000010000000300000087
:10F0600003000000000000009BC00000804300205F
:10F070001607080003000000010000000300000064
:10F08000030000000000000034C00000AC4300207A
:10F090002504080003000000010000000300000038
:10F0A0000300000000000000AC000000D04300207E
:10F0B0000E0607000300000003000000030000002C
:10F0C0000300000000000000AD000000F443002039
:10F0D0001007070003000000030000000300000009
:10F0E0000300000000000000B600000018440020EB
:10F0F00005060700030000000100000003000000F7
:10F100000300000000000000B70000003C440020A5
:10F1100007070700030000000100000003000000D3
:10F120000300000000000000940000006044002084
:10F1300005040700030000000100000003000000B8
:10F14000030000000000000095000000844400203F
:10F150000704070003000000010000000300000096
:10F16000030000000000000098C00000A844002038
:10F170001406070003000000010000000300000067
:10F18000030000000000000099C00000D4440020EB
:10F190001607070003000000010000000300000044
:10F1A000030000000000000092C0000000450020A5
:10F1B0001D0607000300000003000000030000001C
:10F1C000030000000000000093C000002C45002058
:10F1D0001F070700030000000300000003000000F9
:10F1E00003000000000000009300000058450020CC
:10F1F00025040700030000000100000003000000D8
:10F20000030000000000000000000000202100209A
:10F2100000000000000000000000000000000000EE
:10F220000000000000000000A8CC0000A9CC0000F5
:10F23000AACC00002CC0000030C000009F000000DD
:10F24000ADC000009FC0000024C0000028C0000026
:10F250006B0000000AC0000014C00000390000006C
:10F26000AFC00000A3C0000087C000008BC000003A
:10F270007DC0000073C0000077C00000C400000023
:10F28000880000005DC0000061C0000053C00000A5
:10F2900049C000004DC0000045C000002BC0000068
:10F2A0002FC000009E000000ACC000009EC0000007
:10F2B00023C0000027C000006700000009C0000054
:10F2C00013C0000033000000AEC00000A2C0000068
:10F2D00086C000008AC000007CC0000072C0000030
:10F2E00076C00000BE000000450000005CC00000C9
:10F2F00060C0000052C0000048C000004CC00000C8
:10F3000044C0000008C0000012C000001600000049
:10F31000ACCC0000ADCC0000AB000000A7C00000EA
:10F3200038C00000B300000036C0000091000000AB
:10F3300091C000009BC0000097C00000ABC000005F
:10F340006DC0000071C0000067C00000AA0000008E
:10F35000A6C0000037C00000B200000035C00000A9
:10F360009000000090C0000096C000009AC000000D
:10F37000AAC000006CC0000070C0000066C00000A1
:10F3800034C000008F000000FFC000009D0000009E
:10F390009DC000003D0000003500000032C00000AC
:10F3A0002AC000000FC000002EC0000026C00000D0
:10F3B00005C00000A1C000007BC00000C00000002C
:10F3C000840000008DC0000079C0000089C00000EA
:10F3D00075C000005FC0000063C0000051C00000A5
:10F3E0004BC000004FC000003DC000009C0000006A
:10F3F0009CC000003C0000002F00000031C0000055
:10F4000029C000000EC000002DC0000025C0000073
:10F4100004C00000A0C000007AC00000BA000000D4
:10F42000410000008CC0000078C0000088C00000CF
:10F4300074C000005EC0000062C0000050C0000048
:10F440004AC000004EC000003CC000000A0000009E
:10F450000DC0000003C00000AECC0000AD000000F5
:10F46000B70000009500000093C0000099C00000A4
:10F470006FC0000069C00000AC000000B6000000D2
:10F480009400000092C0000098C000006EC0000010
:10F4900068C0000093000000ABCC0000A900000091
:10F4A000A5C00000AF0000008D0000008FC000006C
:10F4B00095C00000A9C000006BC0000065C000003E
:10F4C000A8000000A4C00000AE0000008C000000F6
:10F4D0008EC0000094C00000A8C000006AC00000F8
:10F4E00064C000008B00000007C0000011C00000D5
:10F4F00033C000008E000000050000000400000082
:10F500000CC0000002C00000920000008A00000051
:10F51000150000000900000006C0000010C0000037
:10F520003BC000003AC0000039C00000B500000038
:10F53000B40000002D0000003B00000002000000AD
:10F54000010000000BC0000001C00000B900000075
:10F55000B80000002E000000B1000000B000000064
:10F560002C00000000000000010000008C49002079
:10F5700002000000204A002004000000504A002041
:10F5800008000000984A002010000000D44A002023
:10F5900020000000084B0020400000001C4B002011
:10F5A00080000000344B0020000100005C4B002074
:10F5B000000200008C4B002000040000BC4B002027
:10F5C00000080000D84B002000100000044C002070
:10F5D00000200000384C002000400000684C002053
:10F5E00000800000A04C002000000100EC4C002036
:10F5F00000000200404D002000000400704D00207B
:10F6000000000800B44D00200000000000000000D1
:10F61000F0000000FFFFFF0FFFFFFF0F00080000DA
:10F62000600000000A0000000C0000000000000064
:10F63000E0000000FFFFFF0FFC08000000080000D2
:10F6400080C00F40000000031900000010000000FF
:10F65000E8841F4001000000FF000000FF000000E0
:10F660000000000000000000180000001000000072
:10F67000E4841F4001000000FF000000FF000000C4
:10F6800000000000000000001F00000079F00000F2
:10F6900070C00F40000C00001100000011000000BD
:10F6A000E0841F40020000002C0000001200000057
:10F6B000E0841F4001000000100000001100000065
:10F6C000DC841F40020000002D000000120000003A
:10F6D000DC841F40010000001E0000006DF00000EF
:10F6E00070C00F40C00000001200000013000000B6
:10F6F000D0841F4001000000FF000000FF00000058
:10F7000000000000000000001300000013000000D3
:10F71000CC841F4001000000FF000000FF0000003B
:10F7200000000000000000001C00000061F000006C
:10F730000101010016035500530042002000530050
:10F7400065007200690061006C000000180354003D
:10F75000650065006E007300790064007500690043
:10F760006E006F000403090409024B00020100C08F
:10F7700032080B000202020100090400000102022B
:10F7800001000524001001052401010104240206E2
:10F79000052406000107058203100010090401007A
:10F7A000020A00000007050302400000070584026A
:10F7B0004000000009024B00020100C032080B00AB
:10F7C00002020201000904000001020201000524F6
:10F7D000001001052401010104240206052406008D
:10F7E000010705820310000509040100020A000058
:10F7F0000007050302000200070584020002000062
:0CF800000A060002EF02014001000100B6
:10F80C0000000000000000000000000000000000EC
:10F81C0000000000000000000000000000000000DC
:10F82C0010B5054C237833B9044B13B10448AFF32E
:10F83C0000800123237010BDB08E0020000000005A
:10F84C0064AC0100084B10B51BB108490848AFF374
:10F85C0000800848036803B910BD074B002BFBD090
:10F86C00BDE81040184700BF00000000B48E002017
:10F87C0064AC0100C066002000000000002070474E
:10F88C0000207047034B186810B103681B681847B9
:10F89C00704700BF7CDF0020704700BF2DE9F043AC
:10F8AC0044F260235D4C91B0DFF884E1C150164600
:10F8BC00206810AC5A4B00901B6A5A48C3F30123C2
:10F8CC00056802462344046805F0807513F8407CF3
:10F8DC0044F0A0430EFB07FE0360BEFBF1F0BEFB41
:10F8EC00F0F7CF1B1368DC01FCD5052840F29380A0
:10F8FC0000221446931C0132B0FBF3FCBCF1190F2F
:10F90C000CFB03F3F6D84FF00108BEFBF3F3CB1A54
:10F91C00002BB8BF5B42BB426CDB18BF4FF000083A
:10F92C00ACF10C03062B03D8B8F1000F18BF14462A
:10F93C00BCF1050FDED8631CB7F5967FB0FBF3F076
:10F94C00A0F1050E59DCBEF1140F56D8364FE8461F
:10F95C0007F130093868103757F80C1CC44657F8B3
:10F96C00082C08F1100857F8043C4F45ACE80F0080
:10F97C00F0D10EEB4E0E10AB3868022E7344796842
:10F98C00BA68B7F80CE0BF7BA8E80700A8F800E05D
:10F99C0088F8027013F8400C13F83F1C00F00700B5
:10F9AC0013F83E3C4FEAC141204A40F480004FEA34
:10F9BC00034301F4601103F4E02341EA000143EA3C
:10F9CC00010343F4804343EA04641460136814BFD6
:10F9DC0023F0080343F00803136045B9114B196871
:10F9EC001A4621F0805119601368DB01FCD411B068
:10F9FC00BDE8F0831F46144692E7002DF7D1094B62
:10FA0C0019681A4621F0805119601368D901FCD489
:10FA1C0011B0BDE8F083012300248DE7C003002062
:10FA2C0000C00F4000801D40C403002004801D4016
:10FA3C0040420F000020704700207047082070479C
:10FA4C0010B50A4806F0EEF800B910BD044602469F
:10FA5C000749064806F088F8064B22460449186800
:10FA6C000368BDE810405B68184700BF0891002090
:10FA7C00CC8E0020C4540020104A11491368086829
:10FA8C001268096802F07F02C1F30361013204318C
:10FA9C00B2EB410F10D303F07F03C0F30360053BBF
:10FAAC000130A3EB4000C3B2044A106800F07F00A1
:10FABC000130C01AC0B270470023F5E700801D402A
:10FACC0034801D402DE9F041114C94F85B50C5F188
:10FADC005A05002D1ADD94F85910002794F8586037
:10FAEC0021440C4814F80680A75515F017F8042D7E
:10FAFC0004F806800ADD94F8545094F85510665DAD
:10FB0C0021440548675515F009F86655BDE8F081A4
:10FB1C0000E90020ACEC002068EA00200349012237
:10FB2C000B6802FA00F003430B60704730801D40F5
:10FB3C001049002230B4134601F1440411F8010FAE
:10FB4C000344A142DBB21A44D2B2F7D10A490B4D9D
:10FB5C0091F846000A4C98422B70227002D000207B
:10FB6C0030BC704791F84700801AB0FA80F030BC76
:10FB7C0040097047515F0020505F0020CEEC002000
:10FB8C00CFEC002030B40178447845880C44E3B2C3
:10FB9C005A191944D2B202EB15230A44DBB21A44A7
:10FBAC000373D2B2427375B18168013D11FA85F5C8
:10FBBC00013911F8014F2344A942DBB21A440373F3
:10FBCC00D2B24273F5D130BC704700BF2DE9F04181
:10FBDC009FED670A82B0022010F08EFD9FED640A43
:10FBEC00032010F089FD022122200FF05FFF02217B
:10FBFC0020200FF05BFF022125200FF057FF012181
:10FC0C0004200FF053FF052129200FF04FFF052191
:10FC1C0018200FF04BFF57480EF01CFC55481AF0FB
:10FC2C0013FC554805F0F8FA002850D01121534820
:10FC3C0012F00EF85248534F0FF020FB524C00209C
:10FC4C000FF0CAFF207001200FF0C6FF6070B4F9EE
:10FC5C000030B3F5166F45D04FF4166302A804229A
:10FC6C00002140F8043D10F047F910220A214748C2
:10FC7C0010F042F9DFF814810D2228214448444E3B
:10FC8C0010F03AF903223C21424810F035F998F86B
:10FC9C000110F0EE086A98F8053032795B1A3E498B
:10FCAC0007EE903AF8EEE77A87EEA67A81ED007AC5
:10FCBC00002A58D13B78002B3BD12121374811F039
:10FCCC00C7FF2F480FF0DAFA02B0BDE8F081044606
:10FCDC00152133482B4F11F0BBFF29480FF0CEFAFA
:10FCEC003C70ABE72F4C04F1010804F11006C8F18D
:10FCFC000B0528190FF070FF04F8010FA642F8D17C
:10FD0C00234E28243546204601340FF065FF05F8B4
:10FD1C00010B352CF7D11F4C3C200FF05DFF2070F0
:10FD2C003D200FF059FF60703E200FF055FFA07082
:10FD3C00ADE728211C4811F08BFF11480FF09EFAFB
:10FD4C0000210C200FF0A6FE01210B200FF0A2FECB
:10FD5C008021094805F05EFA0021074805F056FAA3
:10FD6C0002B0BDE8F081012103200FF09FFEA1E756
:10FD7C000000F5430C5600203CE00020E40D002070
:10FD8C0094530020D0620020BCEC0020A86200201C
:10FD9C0098620020546200202CE800203C0E0020C9
:10FDAC00F80D0020A7620020100E0020F0B50B4CBF
:10FDBC0083B0526805460E46094F019269461A46B1
:10FDCC002046009705F094FE32462946204605F061
:10FDDC00A3FE204605F094FE03B0F0BDD8900020A1
:10FDEC001C07002000000000AF4B1B7803B97047C4
:10FDFC002DE9F043AD4C89B0204605F013FF80B2DD
:10FE0C00042802D809B0BDE8F083A94D1822204679
:10FE1C00294605F0A9FE2B78802BF3D16B78812B2A
:10FE2C00F0D1AB787F2BEDD1EB78FE2B63D0FC2B94
:10FE3C0000F07881FB2B00F0C181C82B00F02D82E3
:10FE4C00C92B00F04382CA2BDCD12A79984B032AA8
:10FE5C00D8D15A79CA2AD5D19B79CA2BD2D1954BF4
:10FE6C00002294F814C04FF0800E1D788127D978A9
:10FE7C00CB268DF8155010469D7893F801801723EA
:10FE8C008DF812108DF8181007218DF8175004AD4D
:10FE9C008DF819C094F815C0A47D8DF816808DF8D6
:10FEAC001AC08DF81B408DF810E08DF811708DF88C
:10FEBC0013608DF814108DF81C30AB1801329B7840
:10FECC000A2A03EB0004A4B220B2F6D1FF267A4F23
:10FEDC00284642F20F7302AA0D218DF81C4002979E
:10FEEC008DF80C608DF80D608DF80E608DF80F603C
:10FEFC00FFF75CFF86E7714B1B78002B82D095F9DE
:10FF0C0009202B7AB5F8051043EA02236C4E07EE54
:10FF1C00101A6C4906EE103A6B4CB8EEC77B0A7897
:10FF2C00B8EEC66BEB793270D71A2468674A18BFE3
:10FF3C0001270B7066486749674E1460DA07377003
:10FF4C009FED554B9FED565B26EE046B27EE057B24
:10FF5C00B7EEC66BB7EEC77B80ED006A81ED007A19
:10FF6C0040F1DB81B7EEC77AB4EEC57BF1EE10FA47
:10FF7C0000F1D381594B1B78012B00F0CE81584BEB
:10FF8C0000221A70574927239FED577A0F22D1ED83
:10FF9C00007AB820554C222167EE877A544E237292
:10FFAC00544BFDEEE77A544FE2711A78CDED017A9D
:10FFBC00BDF90430B6F800C097F900E01E12637169
:10FFCC00A671BEF1020F4D4E6072AF7AA172E27251
:10FFDC004B49E87A2A7B4B4B84F80CC0377008707D
:10FFEC001A7040F3CF810222002013460133A25C29
:04FFFC00DBB2104420
:02000004600397
:10000000734500B21A46F7DBDFF8208104AD414F9B
:100010000E2104F80E002A46D8F80460294C3B88CB
:10002000354805960494FFF7C7FE3B4B1A7A1AB978
:100030005B7A002B3FF4ECAE384E33785A1C022B1F
:1000400032707FF6E5AE364B364AD3ED007A92F940
:1000500000E0FCEEE77ADFF8D0C0BEF1020F17EE49
:10006000903A8CF8053040F3958102224FF0000958
:10007000134601331CF80220DBB24A4473450FFAE1
:1000800082F91A46F5DBD8F804002A463B880E218F
:10009000059025480CF80E900494FFF78DFE002380
:1000A0003370B5E67B14AE47E17A843F9A9999990B
:1000B0009999B93FD0EC0020D890002068E000204A
:1000C000D49000201C070020D0620020EBEC002020
:1000D000E3EC00209CEC002028E8002080EA0020CF
:1000E00024E80020E4EC0020D8620020DA6200203E
:1000F00078EA00200000C84284530020C2EC0020AF
:10010000F5EC0020D2620020F7EC0020EFEC00209C
:10011000F0EC00205C62002098620020DAEC002005
:1001200060EA0020D162002074530020CC900020AF
:100130009E4B1B78002B3FF46BAE287A10222B7B52
:100140000A2107EE900A9A4C06EE103A6B7AB8EE46
:10015000677AEF7A05EE903AB8EE466AAB7AB7EE78
:10016000C77A6E79F8EE655A43EA0723B7EEC66A96
:10017000AD796380C4ED025A207120462670657106
:100180009FED864B9FED875B27EE047B26EE056B8C
:10019000B7EEC77BFCEEC77AB7EEC66B17EE903AA8
:1001A00084ED036A63700FF0ADFE6379F0EE086AC8
:1001B0006178804A5B1A07EE903AF8EEE77A87EEAC
:1001C000A67A82ED007A23E66B797B4C13F001026C
:1001D00018BF0122227003F0020202F0FF01002A80
:1001E00000F0AB800122627003F0040202F0FF0114
:1001F000002A00F0A0800122A27003F0080202F0A1
:10020000FF01002A00F095800122E27003F0100245
:1002100002F0FF01002A00F08A800122227103F01F
:10022000200202F0FF01002A79D00122627103F05E
:10023000400202F0FF01002A6FD00122A2711B06CA
:10024000AA794CBF01230023A272E3712B7A5A4A88
:1002500013F0010118BF0121D17203F0020202F074
:10026000FF01002A57D00122227203F0040202F09B
:10027000FF01002A4DD00122627203F0080303F04F
:10028000FF02002B4DD0012323730D2228214A4861
:100290000FF038FE2379002B3FF4BAAD0121032083
:1002A0000FF00AFCB4E5414B1B78002B47D1434BC0
:1002B0001B7823B9424B1B78002B3FF4A9AD414872
:1002C00004AA414B0B214568404C1B8840480595CA
:1002D0000494FFF771FD9BE52A793E4B052A7FF4D4
:1002E00097AD5A79C92A7FF493AD9A79C92A7FF4D8
:1002F0008FAD394C0322DE793C211D7A20465B7A92
:100300002670A37065700FF0FDFD344B344A1A60FF
:100310007EE56172B1E72172A7E7A1718FE7617194
:1003200085E72273B1E72F4B66221A7030E6217100
:1003300075E7E1706AE7A1705FE7617054E72A4BE7
:1003400004AA9FED2A7A0B21D3ED007A1D4867EEAF
:10035000877A274B274DB3F90030FDEEE77A4068E6
:10036000254C2F781D12CDED017A0590BDF90400C2
:10037000154E4FEA202E2572144DE3716071204610
:10038000338884F806E067720495FFF715FD8EE761
:10039000002039E64FF0000975E600BF33333333F0
:1003A0003333F33F7B14AE47E17A843FD0620020C1
:1003B000A86200202CE8002098620020FFEC0020BA
:1003C00000ED0020CC9000205C6200201C07002083
:1003D0003462002068E00020546200200CED00E050
:1003E0000400FA05DA62002078EA00200000C84222
:1003F000BEEC0020F5EC002028620020374BB0EE68
:10040000086A3748D3ED006A364BBDEEE67A3649C6
:1004100030B417EE105A027882B0344C002D07EE3B
:10042000902A334AB8BF6D42F8EEE77A07EE105AC9
:1004300067EEA67AB8EEC77AFDEEE76AC3ED007AFA
:10044000B4EEC67AC4ED007A82ED007ACDED016A91
:10045000F1EE10FABDF904300B8030D54278002B54
:1004600007EE902A234AF8EEE77AD2ED006AE7EE2B
:10047000267AFDEEE77ACDED017ABDF9042021DB85
:1004800003D0007903441BB20B809A4201DA134671
:100490000A8052429342184BB8BF0A809A7812B130
:1004A0000A8852420A80DB7A33B1B1F9003013F185
:1004B000FA0F0CDA41230B8002B030BC7047002BDE
:1004C0004279DDDA00791B1A1BB20B80DDE7FA2BCB
:1004D000A8BFFA239B1080331BB2ECE77CEA002014
:1004E000A862002088E90020C4EC0020FCE800207D
:1004F00040E400202CE8002098620020F0B52C2178
:1005000083B0674811F0AAFB66480EF0BDFE4FF4B9
:100510007A620021644805F0F1F805F02FFA00280E
:1005200000F0908005F01AFA022800F0B0805F4BCE
:100530005F48604C19785D789A780378217065700F
:10054000A270002B7BD178200346E0705A4E5B48A6
:100550008DF8041069468DF806208DF807308DF867
:100560000550009605F01AFA1421554811F076FB53
:100570004C480EF089FE1121524811F06FFB68467D
:1005800005F0FEF9474968464F4D0EF089FD454894
:100590000EF07AFE4FF0010EA278FF232778192182
:1005A00066784A48AA7180F800E0EB7148482F71DC
:1005B0006E7111F053FB684605F0E2F9394968465F
:1005C000444C0EF06DFD37480EF05EFE1821424897
:1005D00011F044FB334928460EF062FD31480EF01D
:1005E00053FE1A213D4811F039FB3D4900230A22F0
:1005F00009682C480EF060FE2A480EF045FE21885E
:10060000384805F025FA30BB374C3848218805F0CA
:100610001FFA70BB364C3748218805F019FA60B1D3
:100620003621354811F01AFB216800230A221D48A3
:100630000EF042FE1B480EF027FE03B0F0BD7E23F5
:10064000E37083E730212D4811F008FB15480EF0C8
:100650001BFE03B0F0BD2421294811F0FFFA2168E8
:1006600000230A220F480EF027FE0E480EF00CFE63
:10067000CAE72621234811F0F1FA216800230A2253
:1006800008480EF019FE07480EF0FEFDC2E74A21A9
:100690001D4811F0E3FA03480EF0F6FD47E700BFEE
:1006A000600E00209453002040620020546200201D
:1006B000D0620020D49000201C0700206891002008
:1006C000100F0020280F0020CC900020D0EC00203C
:1006D0003C0F002060620020580F0020740F0020A3
:1006E0005C620020389100205053002008910020C7
:1006F0004C530020D8900020E00F0020900E0020E6
:10070000900F0020B80F0020C40E002010B58948BB
:100710002DED048B8CB004F02DFB18B90CB0BDECA2
:10072000048B10BD0DF11B020BA90AA809AB0292A4
:1007300008AA019107A900907E4803F077FF9DED7C
:10074000076ADDED0A6A26EE067A9DED085ADDEDB0
:10075000095AA6EEA67AA5EE057AA5EEA57AB7EE19
:10076000C77AB1EEC70BB4EE400BF1EE10FA40F0D1
:10077000C680B7EEC00BB0EE004BB7EE001BC5EE67
:10078000007A85EE807A86EE005AC6EE805ACDED6C
:10079000087A27EEA78A8DED097AB0EE486AA7EEAF
:1007A000076A8DED075A65EE277AE5EE877ACDED7B
:1007B0000A5AB7EEC66AA6EE441B37EEA70AB7EE92
:1007C000C00AB7EEC11BB7EEC11A11F025FCB7EE97
:1007D000C00B594BB7EEC07AB1EE400A9FED516B9A
:1007E000B7EEC00A27EE067B83ED000BFDEEC77B5C
:1007F000CDED057ABDF9143007EE903AF8EEE77AC0
:10080000F5EEC07AF1EE10FA71D44C4BC3ED007ADC
:10081000DDED096AB7EE006A9DED077ADDED0A5A53
:1008200027EE660ADDED087AA5EEA70A30EE000A8B
:10083000B4EEC60AF1EE10FA4FDDB7EE000BA7EEEC
:10084000078A3F4B67EEA67AB0EE004B1B7BB7EEF4
:10085000001BE5EE877AB7EEC86AA6EE441B37EEBA
:10086000A78AF7EEC18BEBB911F080FB354BB7EEE1
:10087000E81A354C9FED2D9B20EE097BB7EEC80A98
:10088000B7EEC77B83ED007A11F0C6FB20EE090BB3
:10089000B7EEC00BB1EE400A84ED000A0CB0BDEC1F
:1008A000048B10BD9FED219B11F060FB264CB7EE31
:1008B000E81A20EE097BB7EEC80AB7EEC77B84EDD5
:1008C000007A11F0A9FB20EE099B1E4B94ED000A63
:1008D000B7EEC99B83ED009ADCE7BFEE006AB4EE89
:1008E000C60AF1EE10FA17D5BFEE000BA7E79FED91
:1008F000177A124B77EE877AC3ED007A88E7B0EE6D
:10090000470B11F0CBFCDDED0A6A9DED076A9DED0A
:10091000085ADDED095A2CE7B7EEC00A8FE700BF91
:10092000AFF300803B597E90A9E781C03B597E9090
:10093000A9E7814080E00020888E0020B8EC0020EC
:100940009862002084E9002098E9002000006145B9
:100950002DE9F041174E82B073782A2B27D0711CF5
:1009600000225A4011F8013F2A2BFAD1111102F04E
:100970000F04114B002702AD0E48D3F80080ADF8EC
:10098000007018F8013005F8083D14F03FF92946C9
:10099000304413F0BFFE18F8043002A9ADF804701B
:1009A00001F8043D14F0C0F802B0BDE8F081002465
:1009B0002146DEE794E800209C5F0020434B1B7833
:1009C00070B5434D82B0002B79D0424B93E80300C1
:1009D00085E803002C243E4814F018F93E492844C9
:1009E0003E4E13F097FE3E490470013013F092FE24
:1009F0003C490470013013F08DFE3B490470013016
:100A000013F088FE39490470013013F083FE384931
:100A10000470013013F07EFE36490470013013F08B
:100A200079FE35490470013013F074FE33490470C7
:100A3000013013F06FFE32490470013013F06AFE8A
:100A400030490470013013F065FE2F490470013005
:100A500013F060FE2D490470013013F05BFE2C4949
:100A60000470013013F056FE2A490470013013F06F
:100A700051FE294B1B880380FFF76AFF144814F0CE
:100A8000C5F8264B04462A189978188833782853D5
:100A9000917093B1224B6946224A5D68224B1288BD
:100AA00022488DE8280005F029F8A21C08491F48B3
:100AB00005F038F81D4805F029F802B070BD1C4B50
:100AC00093E8030085E8030084E700BF01ED002000
:100AD00094E800201810002048E40020D0EC00200A
:100AE0006CE8002068E8002080E800207CE8002016
:100AF00044E40020F8E800206C99002054E0002035
:100B000048E0002068EA002030E8002040E80020AB
:100B100038E8002048E80020281000202C10002091
:100B2000CC9000205C6200201C070020389100203F
:100B300020100020A74B0022A7492DE9F04F0646C0
:100B400085B01868726003900B6AB260C3F301232A
:100B5000F260326104AA134413F8043C002B00F045
:100B60005D819D4944F25C209A249C4B9C4A44F24E
:100B7000652E34504FF0030CC3F8A8221924D1F885
:100B8000843041F2B000974A002743F47073964DC9
:100B9000C1F88430954B06F80EC0C2F8A44019463F
:100BA000C2F89402C5F88C73C2F8A840C2F8980243
:100BB0001A6822F000421A601A6842F0A0421A60D5
:100BC0000B688A4ADB01FBD589481146036843F06C
:100BD00008030360136843F0804313600B68834A83
:100BE000DF02FBD41168134641F0007111601A68EE
:100BF00012F00072FBD17D4801687C4BCD01FBD522
:100C0000196818467B4C41F400311960196841F4A9
:100C100080311960196841F480511960196841F4F4
:100C200000511960196841F480011960196841F494
:100C300000211960196821F408411960216841F404
:100C4000E0212160196841F400111960196841F030
:100C5000806119601F68196807F0807441F0A04135
:100C60000094196003686149DC01FBD50C6800231E
:100C7000DFF8A0C10D4624F000545F4F18460C6009
:100C80001C46CCF800303B600B685C4B00F1010C5B
:100C90005B494FF000090344544F01445FFA8CF064
:100CA0001B018900DC609C605C601C600C602B6830
:100CB00003F07F0301339842E7D3524D4C46524B29
:100CC0004FF00068DFF850C14FF0010BC5F80090FD
:100CD0003D46C3F80090DCF80030DFF818A1194653
:100CE0004A4BD3F80090CCF8001044EA090042497E
:100CF000DFF8209118603B681EE02B6803F07F034B
:100D00000133B2EB930F34BF4FF080634FF08C632D
:100D10000360DAF8003013F4803318BF4FF08043DB
:100D2000CEF800302B680134304803F07F03E4B282
:100D3000013322469C421AD22B68304803F07F03CD
:100D40002F4F2044013327440001B2EB530F4FEAE9
:100D5000870ED2D3C0F800802B68980028D41F2CAF
:100D60000BFA04F22BD80B6813430B60DAE7009BF5
:100D70003BB90368024623F0805303601368D9012E
:100D8000FCD41A4B19681A4621F080511960136877
:100D9000DB01FCD444F25C2301221D49F35803F02B
:100DA0001F005B09824041F8232005B0BDE8F08FA9
:100DB0000191FEF767FE84420199B3D3CFE7A4F116
:100DC0002003D9F800200BFA03F31343C9F80030CD
:100DD000A8E700BFC003002000C00F40006400204F
:100DE0008500000000801F4000841F4000801D40DF
:100DF00004801D4034801D4028801D4008D8010417
:100E00002062071048801D4010801D4030801D402A
:100E100000E100E024801D402C801D400B6A0D4A3B
:100E200023F47F73106843F480730B6200283FF44F
:100E300098AE01F55C2144F26022036804315B68DE
:100E4000096811F0080FB15814BF02220022984718
:100E500087E600BF7CDF002070B5134C1121134DD5
:100E6000134810F0FBFE20460EF00EFA2846FFF75E
:100E700061FE284600220F49FEF716FD4FF47A70F6
:100E80000EF074FD0C4A0D4B012516680822122144
:100E90000B481E60DD71DA7210F0E0FE2046BDE8FE
:100EA00070400EF0F1B900BF9453002078990020F3
:100EB0003010002090D00300104F00205C53002021
:100EC000441000202DE9F04F40F6B83183B0C748F8
:100ED00004F08EFA4FF4E131C44804F053FA0121D2
:100EE000C24804F031FA002840F0D4810021BF4804
:100EF000012204F01BFB0121BC4804F025FA002864
:100F000040F0C0814FF4FA70B94D0EF02FFD012171
:100F10000D200EF0D1FD012105200EF0CDFD0121A7
:100F200006200EF0C9FD012109200EF0C5FD0121AA
:100F30000A200EF0C1FD01210B200EF0BDFD0121A4
:100F40000C200EF0B9FD95F87C70AA4B012FEB65D3
:100F500040F2AC81A84D0A200EF008FDA74C2E6887
:100F600040F2EE28A64FDFF8109304E0B3F5FA6FD5
:100F700015D810F0F9FE10F0F7FE237843B13B7856
:100F8000DB0705D52B68D9F800209B1A0E2B06D855
:100F90002B6822789B1B002AE8D14345E9D90A2017
:100FA000984C0EF0E3FC0B219748012510F056FEFB
:100FB00096480EF069F9206800224FF4E1210DF007
:100FC000AFFD20684FF4007291490DF00BFF2068CF
:100FD0004FF400728F490DF01FFF0A200EF0C6FC7F
:100FE00000224FF416518C480DF09AFD8B4C4FF4B3
:100FF00000728B4988480DF0F5FE0A200EF0B6FC11
:10100000206800224FF4E1210DF08AFD20684FF4A2
:10101000007284490DF0E6FE4FF4007220688249A8
:101020000DF0FAFE3A21814810F018FE77480EF0D4
:101030002BF917217E4810F011FE74480EF024F9A8
:101040007C4CFEF7C9FD16217B4810F007FE6F4867
:101050000EF01AF9FFF752FA1121784810F0FEFD50
:101060006A480EF011F9204619F0F4F9C023204621
:10107000294684F8A53084F8305184F82F510DF0BA
:101080009BFA064600283ED112216D4810F0E6FD7D
:101090003346102260215D480EF00EF95B480EF0D9
:1010A000F3F8DFF8D8810A216648674E10F0D6FDC4
:1010B00056480EF0E9F888F8005064200EF056FC0F
:1010C0000C21624810F0CAFD98F800104F480EF04D
:1010D00033F94E480EF0D8F80C215D4810F0BEFDF3
:1010E00031784A480EF028F948480EF0CDF8FFF75D
:1010F000B3FE2121574810F0B1FD444803B0BDE8CC
:10110000F04F0EF0C1B81B215348DFF8708110F08A
:10111000A5FD3E480EF0B8F898F80030002B40F0DE
:101120002E814E4F4A23DFF858A107F1010B464E9E
:10113000D14601253F488AF8003003FA05F22946D6
:1011400084F8305184F8A52084F82F510DF034FA3A
:10115000034601900221424833BB10F07FFD019B02
:10116000102299F8001029480EF0A6F80B213D48EE
:1011700010F074FD25480EF087F899F80010FF2351
:101180002C4A394803F0AAFF292138B337492948A6
:101190000DF07EFB4FF496700EF0E8FB1421324800
:1011A00003F07EFF357088E710F058FD0023102211
:1011B00099F8001015480EF07FF81E212C4810F009
:1011C0004DFD12480EF060F83378002B7FF475AFB8
:1011D000BB453FF472AF17F8013FAAE7254810F06E
:1011E0003DFD0A480EF050F8EEE700BFE0DB0020BE
:1011F00000E90020990000009CEC0020FCEC00209D
:10120000FBEC0020C45400208410002094530020E4
:101210006C9500206C97002004540020C8540020D6
:1012200030DC00206C9100206C9300209010002096
:10123000CC100020CC540020E4100020FC10002032
:101240001011002024110020FFEC0020A411002028
:10125000B4110020C4110020301100202406002009
:10126000201100204C11002080E00020801A060090
:101270008411002058110020A8EE002000ED00206D
:10128000DDEC002006213F4810F0E8FC3E4804F069
:1012900077F837E610213D4810F0E0FC0A213A4883
:1012A00004F046F8384804F06BF81FE6002F45D0EC
:1012B00095F86430472B01D02D2B3FD1344E354863
:1012C0003346341D10F8012F13F8011F8A4218BF4E
:1012D0002D2A01D02D2932D19C42F3D195F86430CA
:1012E0002D2B01D0472B47D12B4E2A483346341D96
:1012F00010F8012F13F8011F8A4218BF2D2A01D0C0
:101300002D2902D1A342F3D124E6012303EB4303A9
:101310000027224C05EB830396E80300586683F808
:10132000681095F87C3003EB4302013305EB820231
:1013300085F87C3082F86970D4660BE6144E07EBB2
:101340004703174C002705EB830396E80300586614
:1013500083F8681095F87C3003EB43020133DBB26D
:1013600005EB8202012B85F87C3082F86970D46627
:101370003FF6F0AD0BB1B1E70123074EC6E7094ECA
:101380009BE600BF7C100020E0DB002068100020FE
:101390006010002064E9002058100020C502000001
:1013A00019470000FFEC00201F2938B50D461446F0
:1013B00034D91C49A5F1200001230A688340134356
:1013C0000B60194B4FF00061E2792B441B0119604F
:1013D000BAB1217A2268002922F0604214BF4FF48A
:1013E000E0014FF4C0015A60E06800BA98602069DB
:1013F00000BAD860E27A41EA024242F040621A60E2
:1014000038BD2268207A9104084A002802EA0102C5
:101410000CBF00214FF480115A60E5E70846FEF743
:1014200083FBCEE72C801D4008D801040000FC1F80
:1014300043F25073C358DB004BD5414B2DE9F043C9
:101440001E680025C6F30366F600083605EB450E58
:1014500043F2507200EBCE04224413685B0F012B61
:101460000DD013685B0F022B28D013685B0F052B80
:1014700031D00135B542E9D10020BDE8F0831768CD
:1014800017F4607FF5D043F254773C59A14253D012
:1014900094464FEA4E0EDFB2DCF800207B1CC2F30C
:1014A000C2120EEB0304974204F6D454E1D250F872
:1014B0002440A142EFD10120BDE8F08343F25473F0
:1014C0001B598B42D5D843F258731B599942D0D837
:1014D000F1E701207047136813F4607FC9D043F22D
:1014E000647C43F25473A4442344DCF800401F6836
:1014F000DCF800300C403B409C42DCD04FEA4E0709
:10150000012314680133C4F3C214DBB2013407EBC6
:10151000030EA3420EF6D45EABD2DCF8008050F886
:101520002E90DCF8004001EA080E09EA0404A64502
:10153000E7D10120BDE8F0831846BDE8F08300BF85
:1015400034801D4030B401EB410143F65024C90002
:10155000044460586318C0002AD56058400F012821
:1015600029D06058400F022838D06058400F052815
:1015700002D0002030BC70476058C0F3C210C0B128
:1015800058695C68596910402140884210D0012197
:101590001C680131C4F3C214C9B20134A142E8D2BB
:1015A0005C6953F821505869144028408442EFD1B7
:1015B000012030BC70476158C1F3C211B9B15968FC
:1015C0008A42F6D01968C4B2C1F3C211601C8C42C1
:1015D000CFD253F820109142F4D1E9E759688A42FA
:1015E000C7D3986882428CBF00200120E1E70846FB
:1015F000DFE700BF38B504461A2500206388DBB258
:1016000005FB034383F806016388DBB205FB034354
:1016100083F807216088C0B205FB004000F58470A4
:1016200012F0F8FC6288238892B29BB283F4807334
:101630009A420DD063880133C3F308036380A38803
:101640009BB2FF2B03D8A38801339BB2A38038BD84
:1016500023880133C3F308032380EBE770B50D46FD
:1016600086B00646496828686C46AA68EB680FC4CD
:1016700028691822696903C441F61A306946304462
:10168000FFF7B8FF06B070BDF0B58B7D0546474C3F
:1016900087B00E462068002B38D110F0005062D180
:1016A00023680146424B0B441B011B68C3F30363D1
:1016B000082B24D03D4A04E02368C3F30363082BBE
:1016C0001DD01368481C3A4C03F07F03C1B20133AC
:1016D0000C4499424FEA0414EED30FCE6C46FF2718
:1016E0000FC496E8030084E80300284669468DF895
:1016F0001470FFF7B3FF4FF0FF3007B0F0BD28467E
:101700003246FFF751FE012007B0F0BD10F0005047
:1017100033D12368264B044603441B011A68110188
:1017200014D4224902E01A6812010FD40A68013069
:101730001F4B02F07F02C0B20132034404469042C4
:101740004FEA0313EFD31B4B4FF0FF341B68C3F377
:101750000363082B1AD128463246E1B2FFF724FE74
:10176000012007B0F0BDFEF78DF92368014603F0B4
:101770007F030133834295D8AFE7FEF783F92368EF
:1017800003F07F0301338342C4D8DCE70FCE6F46FA
:101790000FC796E8030087E80300284669468DF8DE
:1017A0001440FFF75BFF4FF0FF30A6E700801D40BD
:1017B00008D8010470801D400A4A30B552F8440F21
:1017C00083B0094C51686B4604F10C0503C313E95F
:1017D000030085E8030021460448FFF755FF03B0E6
:1017E00030BD00BFC00300205C530020789900206A
:1017F0000A4A30B552F84C0F83B0094C51686B4619
:1018000004F10C0503C313E9030085E80300214636
:101810000448FFF739FF03B030BD00BFC00300200C
:101820005C53002078990020224B1B78002B3ED07F
:10183000214BB3F90030002B3AD09FED207ADFED39
:10184000207A30EE070ADFED1F6A9FED1F7A1F49ED
:1018500020EE270A10B5C0EE267A82B0044608684A
:101860006B464968002C03C3B4BFFF2100218DF8EB
:1018700004108DF8051077EEC77AFDEEE77A17EEC3
:10188000903AC3F30720DBB28DF806008DF80730DD
:101890000F4B9DE8030083E80300A3F10C010D4802
:1018A000FFF7F2FE02B0BDE81040FFF7A1BF70479E
:1018B000FFF782BFE6EC0020C4EC002000007F436D
:1018C00000329C460000FF43002C1C4614040020FC
:1018D00068530020789900202C4B1B7810B593B1E9
:1018E0002B4CB4F90000002836D02A4B93ED000AA7
:1018F000FFF79AFFB4F90030274A002BB8BFC3F5B1
:101900008073138010BD254B214C1979A1B1B4F916
:1019100000104022224B00292CDBC3F884205B6896
:101920005A0602D41F4B204ADA6202200EF086FECD
:101930002288194B1A8010BDB4F90030002B0EDD3F
:1019400003200EF07BFEB4F9001002200EF076FEAC
:101950002288114B1A8010BDFFF72EFFCAE75B42A9
:10196000022023800EF06AFEB4F9001003200EF06E
:1019700065FEEDE7C3F888205B685B0602D4094B7F
:101980003822DA62494209B22180CEE7E6EC002033
:10199000C4EC002088E90020C2EC002098620020FE
:1019A00000C0004200801F4038F001002DE9F047E0
:1019B00082B0BA4DFEF71EFAB9492A680B68B948D9
:1019C000D31A0260182B16D8B74EB84A2B68116884
:1019D000B24A5B1AB3F57A7F80F02181B44913686B
:1019E00008681B1AC82B3AD83378AF4C002B5AD151
:1019F00002B0BDE8F087AF4F0120AB4E3B780A60E4
:101A0000FA2B307000F2348103443B70AA4C222040
:101A10000EF04CF8DFF8F892637989F80000012B9A
:101A200000F01E82A379012B00F02C82A34B1B78BF
:101A3000002B4ED0A24B1B78012B00F03682002BDE
:101A400047D1DFF8D08298F80030002B43D19D4A6F
:101A5000117801293FD188F8001013703BE09A48B3
:101A6000136890ED007A0B60B7EEC77A974B9FED45
:101A7000876BB4EEC67BF1EE10FA40F3D180187894
:101A80000022894C9FED836B27EE067BB7EEC77B68
:101A9000FCEEC77ACDED017ABDF804100DF0B0FC74
:101AA0003378002BA4D025200EF000F8884B89490C
:101AB0001A78087082429BD01870002898D023783A
:101AC000002B95D0844A00211378217001331370C4
:101AD0008EE7DFF84082E379774A2BB17E4B927A2A
:101AE0001B789A4240F22081237ADFF8CCA1002BA8
:101AF00040F02881637A704AE3B1784B1B78002B61
:101B000000F05781764B927A93F900307549002B9B
:101B100007EE903AB8BF5B42F8EEE77A9342C1ED28
:101B2000007A07DB01237048664A002188F80030FC
:101B30000370117025200DF0B9FF98F80010830094
:101B400099F80020DFF8D0E143EA4103DFF8CCC187
:101B5000E17813438CF800008EF8003009B14FF49F
:101B60008041DFF8BC81614803F058FB5F4803F017
:101B70007DFBA8F800005D4803F0B0FBB8F9002039
:101B80005B4952105B48DFF89C91114413B22278F4
:101B90000180A8F800305849002A62D04A8891EDA7
:101BA000027AC2F56542B1EE477A6B3213441BB23A
:101BB00007EE903AA8F80030F8EEE76AC6EE877AAA
:101BC000F5EEC07AC9ED007AF1EE10FA00F1388135
:101BD0003B78632B28D82379374A002B00F0E48028
:101BE0005378002B00F03781002103200DF058FFBF
:101BF000424BD9ED007A93ED007A414B77EEC77AEC
:101C0000C3ED007AFEF7FAFBFFF766FE01210C2018
:101C10000DF046FF00210B200DF042FFD5E62B4BC7
:101C200018780DF087FCDFE62179234B002900F0BE
:101C300003815978002900F00A81012103200DF069
:101C40002FFF00242F4B1C80FFF746FE224B012163
:101C50000B201C700DF024FF21460C200DF020FFFE
:101C6000B3E64A8891ED027AA2F5D452153A9DE77F
:101C70006623302124483B700FF0F0FF23480DF01D
:101C800003FB164B00221A70C0E600BF295C8FC20E
:101C9000F528BC3FF54A5986380E42409CEC00209E
:101CA000A05F0020C85F0020E1EC002028E80020B1
:101CB00074EA0020DA62002098620020E4EC002040
:101CC000E3EC0020ECEC002024E80020D9620020A6
:101CD000E8EC0020F6EC0020EDEC0020E6EC002023
:101CE000D3EC002060EA0020D76200203CE0002016
:101CF00070E5FFFFBEEC0020A862002080EA002013
:101D00007CEA0020C4EC0020E8110020945300205D
:101D100002ED0020D8620020F5EC0020F1EC00205C
:101D2000C8EC002078EA002001237A487A4A002192
:101D300088F800300370237A1170DFF8F4A1002BCB
:101D40003FF4D8AE18200DF069FC06EE100A9AF8A0
:101D50000A30BAEECF6A714A06EE903A704B9FEDA8
:101D6000654BB7EEC67A93ED005AF8EEE66A82ED5F
:101D7000006AB7EEC55A27EE047B9FED604BA5EED7
:101D8000047BB7EEC77BB4EEE67A83ED007AF1EE22
:101D900010FAFFF6AFAE01235E485F4A002188F8D3
:101DA000003003701170A5E6012104200DF078FECB
:101DB0001EE729200DF032FC07EE900A584AB8EED3
:101DC000E77ADFED587A92ED004A9FED575A77EEA9
:101DD000C77AA17AB7EEC44A05EE901AFDEEE77A0B
:101DE000F8EEE55A17EE903A002BB8BF5B4207EECB
:101DF000103ABAEEEF7B494B9FED422BB7EEC77B13
:101E00009FED423BB7EEC76A83ED007A26EE027B78
:101E1000A4EE037BB7EEC77BB4EEC57AF1EE10FA01
:101E200058BFB0EE457AF4EEC75A82ED007AF1EE73
:101E300010FA7FF677AE7DE604200DF031FE00E764
:101E400091ED037A67EE277AC9ED007AC0E60320A8
:101E50000DF026FEF5E6012103200DF021FEC7E678
:101E600020200DF023FE314B012818702AD0B8B97C
:101E7000294BDFF8C0801A78012A01D188F80000C8
:101E8000187028E620200DF011FE284B187038B984
:101E9000214B1A78012A1CD0DFF8988018701AE6B6
:101EA0001D4BDFF89080187015E6DFF8888098F8F1
:101EB0000030012B7FF40FAE174A117800297FF410
:101EC0000AAEC8E5DFF86C80134B88F80000187084
:101ED00001E61049DFF85C8091F800E0BEF1010FE7
:101EE00004D00A7088F800201870F4E50870C5E77F
:101EF000AFF300809A9999999999D93F3333333345
:101F00003333E33F333333333333D33F666666666D
:101F10006666E63FD7620020ECEC002064EA002011
:101F200060EA002000C0414400007F43EEEC002046
:101F300098620020D86200200B78632B70B50446AD
:101F400015460FD000EB830344F254029B580BB1AB
:101F50002846984744F25413E3584BB12846BDE84D
:101F60007040184744F25403C358002BF0D1F1E7F6
:101F700070BD00BF2DE9F04F8E468DB007460E466E
:101F80006C464FF001093D4607F11008DFF8A8A0A4
:101F9000BEE80F000FC49EE8030084E8030055F874
:101FA000044F64B19DF91420D4E9020109FA02F347
:101FB0000021184050EA010327D1237CC3B94545CD
:101FC000EDD144F25003FB5C53B3306806AC71684A
:101FD000B268F3680FC430691822716903C40DEB4D
:101FE000020107F11400FFF705FB0DB0BDE8F08F0B
:101FF0002368D3F800B0D345E1D020469DF81530D2
:102000004FF0FF326946D847D9E72368D3F800B0CC
:10201000D345D2D09DF8153069462046D847CCE745
:10202000337D0CA93846324601F8183DFFF784FF8E
:102030000DB0BDE8F08F00BF8100000044F25103F5
:10204000C35C002B00F0AC802DE9F04F0D468BB047
:102050000F46064604ACDFF868E20FCD0FC495E8E2
:10206000030084E80300DEF800309B0053D5934B57
:1020700000254FF0630A1B68C3F303694FEAC909DF
:1020800009F108090CE01868400F022800F095805B
:102090001868400F052800F0AC8001354D453AD056
:1020A00097F91430EAB2632B35D005EB450843F2BB
:1020B000507306EBC8010B44186810F0604FECD069
:1020C0001868400F0128DED11A68F979C2F300427E
:1020D0009142E2D11A6812F4607FDED04FEA4808DC
:1020E0009B46002206E0DBF80010E2B2C1F3C21109
:1020F0008A42D2D2541C049A08EB040303F6D45348
:1021000056F823309A42EED104A930468DF824A027
:10211000FFF730FFE7E70023694D8DF816302C6894
:1021200014F000543DD12B68DFF8948108E0D8F812
:102130000030013403F07F03E4B201339C4239D212
:1021400097F91430A342F2D004EB440143F6502334
:1021500006EBC1021344186810F0604FE7D018680E
:10216000FD79C0F3C0608542E1D11868400F0128B5
:1021700071D01968490F022900F091801B685B0F2C
:10218000052BD4D1049A21463046FFF7DBF900280D
:10219000CDD004A930468DF82440FFF7EBFEC6E70A
:1021A0007047FDF76FFC2B68044603F07F03013393
:1021B0009842B9D30BB0BDE8F08F1B68FA79C3F32E
:1021C00000439A427FF469AF43F25473049A0B447C
:1021D0001B689A42FFF461AF43F258735B589A420E
:1021E0003FF65BAF04A930468DF824A0FFF7C2FE8E
:1021F00053E7186810F4607F3FF44FAF43F2647BFD
:10220000019301238B4409E0019901330968DBB292
:10221000C1F3C21101318B42BFF43FAF03EB480160
:10222000DBF80000049C01F6D451204056F821E070
:10223000DBF800100EEA01018842E5D104A930461E
:1022400003938DF8162002928DF824A0FFF792FEDA
:10225000039B029AD8E71A6812F4607F3FF467AFD5
:102260001D464FEA410A002307E02A685FFA89F316
:10227000C2F3C2129342BFF45AAF03F10109049AA8
:102280000AEB090303F6946356F823309A42ECD123
:1022900004A930468DF82440FFF76CFEE5E743F6CD
:1022A0005423049913441B689942FFF440AF43F64A
:1022B00058239B5899427FF66CAF38E734801D4015
:1022C00000801D402F4AF8B5136813F0005353D017
:1022D000136813F400434BD02B4B1B6813F02003FF
:1022E0004AD02A4B0C462A4A05461B6844F2652010
:1022F000DFF8A4E0632103F40016C3F30347A380CF
:10230000E772002E12680CBF1226002622F06042EF
:10231000204F22FA06F214BF012600262260DEF8C2
:102320000020E671E273160C4FEA122E120E66734D
:1023300084F80EE0C3F300562273DB0D3A68267270
:10234000E274170A160C120EA774667422740D4AF2
:10235000285CA3716075217513681B040ED5214696
:102360002846FFF76BFE21682846FFF761F8F8BDA5
:10237000283212689206AFD51846F8BD0520FDF741
:10238000D3FBECE700801D4030801D4080801D4065
:1023900084801D408C801D4088801D40974B1B68A9
:1023A0002DE9F04F13F0005385B08946039040F0BB
:1023B0001E810293914E44F2642203993368885C33
:1023C00003F07F030133984200F2038144F2642852
:1023D000039B03279844E0E0002B00F0ED80B3FA64
:1023E00083F2C2F140029042C0F2E380306810F004
:1023F000005040F0F280013F88F8000017F0FF071E
:1024000000F0E78033689C0006D5029A824203D927
:10241000501EC0B288F80000336803F07F03013318
:1024200098420BD3306810F0005040F0C980013F53
:1024300088F8000017F0FF0700F0CB80704BC0F168
:10244000200E704AA0F120011B68D2F800C0019351
:1024500000230093DDE9002342EA0C0222FA00F493
:1024600003FA0EFE23FA01F1002344EA0E040C43A2
:1024700004F00102134340F08680634B03441B01C8
:102480001A6811017FD4110E01F00B0EBEF1020F7C
:1024900079D102F4001E5868C2F3005C01F00F010C
:1024A000BEF1000F20F0604089F808C015BF4FF062
:1024B000000C4FF0120C4FF0010E4FF0000E20FAFE
:1024C0000CF0062989F807E0C9F8000000F08B80BD
:1024D000C2F3034044F2652189F80B0003980144DC
:1024E00098F8000000F1010E88F800E089F8140067
:1024F000A9F804200A7899F8071089F815209A6835
:10250000002989F80F2008BF4FF080619A6818BF32
:102510004FF08C61120A89F80E209A68120C89F823
:102520000D209A68120E89F80C20DA6889F81320B9
:10253000DA68120A89F81220DA68120C89F8112078
:10254000DA68120E89F81020196099F814002F4BE0
:102550001F281B6844D9203801222D4B02FA00F0B5
:102560001B6818432A4B186049460398FFF766FD1D
:10257000D9F8002099F814100398FEF7E3FF00281B
:1025800039D198F800000130C0B288F800003368F3
:1025900003F07F03013398421BD81E4A4FF0000A14
:1025A0001B4B1B6811684AEA010252EA03017FF4DF
:1025B00013AF98F8000025E7B2FA82F2203210E754
:1025C000013FFDF75FFA88F8000017F0FF077FF47E
:1025D00035AF002005B0BDE8F08FFDF753FA0AE7EC
:1025E000FDF7A2FAC0E7012189F8091070E7FDF7AD
:1025F00049FA0290DEE60120ECE700BF00801D40B2
:1026000024801D4028801D4008D8010408801D40FA
:102610002C801D4030801D40000000000023082257
:102620000221184670B586B002930093019303937C
:10263000049305938DF80B200CF0E6FFB0B9494BDD
:102640001B68980012D5484B1B6899060ED4474B5F
:102650001B689A060AD569464548FFF733FE18B14C
:10266000444B009A9A4206D006B070BD6946404875
:10267000FFF794FEF3E79DF813203F4D02F00103AE
:102680003E4C297883F001032370002937D09DF850
:102690001030FF2B9DF811303DD007EE103A38492D
:1026A0009FED2C5BB8EEC77B91F9003006EE103A37
:1026B00027EE057BB8EEC66B9FED285BA6EE057B8B
:1026C000FDEEC77B17EE903A0B70002ACCD0D307F3
:1026D000CAD52C4E3578002DC6D12378002BC3D017
:1026E000102129480FF0BAFA0D2128480FF0B6FA48
:1026F00001232749274A33700B701570B4E75A211C
:1027000025480FF0ABFA25480CF0BEFD01239DF8DB
:1027100013202B70BBE7C3F580731949B3EE043B5C
:1027200007EE103A91F90030B8EEC76B05EE103A9B
:102730009FED087BB8EEC55B26EE077B9FED074B50
:1027400027EE037BA5EE047BFDEEC77B17EE903AE8
:102750000B70BAE79A9999999999B93FCDCCCCCC9D
:10276000CCCCEC3F00801D4028801D4030801D40B7
:102770007899002001000007E6EC0020E7EC00203B
:10278000D3EC0020D8620020781200208C120020A8
:10279000D7620020ECEC00201C1200209453002093
:1027A0002DE9F04F08219DB00025DFF898C0DFF833
:1027B00098E0224C2A460C950A958DF833100B951B
:1027C0000D950E950F95DCF800C0DEF800E024684A
:1027D0006346DFF878C042EA0E0A2146184C03909F
:1027E0009B462846DCF80050236840EA05001D049B
:1027F000CDE9040103D42368990000F10982DDE9E1
:10280000042342F00102002B00F0FE81B3FA83F5AD
:10281000DFF82C80C5F14005D8F80040EDB214F087
:10282000005440F07A81D8F8003044F26523039ACE
:10283000D318CDE9006708938BE000BF2C801D40C2
:1028400000801D4024801D4028801D4030801D4098
:1028500000F4001CD3F804E0BCF1000F2EF0604639
:102860000DBF4FF0120E4FF0000E0127002726FA81
:102870000EFE06298DF82F70CDF828E000F0598261
:102880000899C0F3034E8DF83C40BCF1000F097865
:102890008DF833E008BF4FF0806E8DF83D1018BF03
:1028A0004FF08C6E99681F2CADF82C008DF8371006
:1028B00099684FEA11218DF8361099684FEA114155
:1028C0008DF8351099684FEA11618DF83410D96888
:1028D0008DF83B10D9684FEA11218DF83A10D9686C
:1028E0004FEA11418DF83910D9684FEA11618DF81E
:1028F0003810C3F800E0BC4B1B6840F2168201217F
:10290000BA4B01FA02F21B681A43B84B1A600A9AD2
:1029100021460398FEF716FE002840F001820AA91E
:102920000398FFF78BFB0AA8AFF300800AA8AFF368
:1029300000800AA8AFF30080AD4B01341B68E4B2FD
:1029400003F07F0301339C4280F0F480A54240F203
:10295000F1802AFA04F2C4F1200300920BFA03F08A
:10296000009EA4F1200206432BFA02F130460843F0
:102970002BFA04F100900191DDE90001002100F043
:1029800001000143D8D0DDE9046707FA03F326FA12
:1029900004F8394648EA0308D14048EA0108002112
:1029A00008F0010050EA0103C6D0924B23441B01FA
:1029B0001868010E01F00B0E01F00F01BEF1020FBD
:1029C0003FF446AF042900F0CE810829B4D1C0F30A
:1029D0000341089ED3F804C096F800E08DF8331048
:1029E00000F400118DF83DE041F2560E8DF83C40A8
:1029F00000299968A644ADF82C002CF0604C8DF8A5
:102A0000371018BF0020996808BF1220039E4FEAB4
:102A100011212CFA00F056F82E6018BF4FF0010E6D
:102A20008DF8361008BF4FF0000E99680A90090C17
:102A30008DF82FE08DF835109968090E8DF8341057
:102A4000D9688DF83B10D968090A8DF83A10D96811
:102A5000090C8DF83910DB681B0E8DF838301EB16B
:102A60000AA80692B047069A44F2582303990B44E9
:102A70001B681BB10AA806929847069A039941F66B
:102A80001A33CB181846069319469B889BB2002B25
:102A900000F05D8110AA03884FF01A0E0DF1580C5A
:102AA000DBB21046099267460EFB031E02460EF586
:102AB000817E16465EF8060FDEF80410DEF8082068
:102AC000DEF80C30ACE80F00DEF81000DEF8141071
:102AD000ACE803000FCF0FC697E8030086E80300B9
:102AE0009DF954305A1C00F0D6819C427FF424AFEB
:102AF000099AE1B20398FEF757FC06990B88013357
:102B0000C3F308030B808B889BB2002B3FF414AFF8
:102B10008B88013B9BB28B800EE7FCF7B3FFD8F8A4
:102B20000030044603F07F030133834202D985421B
:102B30003FF67BAE304B314C18682168304A41403B
:102B40000A40002A47D0039A43F2206313449A882C
:102B500092B20F2A3FD89A8892B20F2A40F2F2809E
:102B600043F22066039A59885D88925B01F00F0159
:102B7000ADB292B2023182F0100243F821009542C8
:102B800000F06881598843F2E862039E01311D4DCF
:102B9000324401F01F0159802E689388B6B29BB26F
:102BA0000F2B40F2CA8043F2E867039B5188558897
:102BB000DB5B01F00F01ADB29BB202EB410183F090
:102BC0001003CE809D4200F03E8153882060013387
:102BD00003F01F035380084A136803431360BFF3D5
:102BE0004F8F1DB0BDE8F08F08801D402C801D4028
:102BF00000801D4008D8010420801D40E0DF002037
:102C0000BFFF07001C801D40B2FA82F52035FFE5AA
:102C10000AF02002002313433FF4F1AD00F020023C
:102C2000002313433FF4EBAD9F4A44F26521039820
:102C300063251268415CC2F3034402F400109B4B0D
:102C40008DF8334000281B684FEAD25014BF00248F
:102C5000122423F060438DF82E00ADF82C20C2F32F
:102C6000005223FA04F3924C4FF005000A932368B4
:102C70008DF8302018BF01228DF8373008BF0022B0
:102C800023688DF82F201B0A8DF8363023681B0C23
:102C90008DF835302268874B120E8DF834201A6873
:102CA0008DF83B201A68120A8DF83A201A68120C27
:102CB0008DF839201B68804A1B0E8DF83D108DF869
:102CC0003C508DF838301368FCF72EFFDDE9042303
:102CD000002302F04002134340F0D580DDE90423D5
:102CE000002302F08002134340F0C980039C0AA92C
:102CF0002046FFF7A3F90AA8AFF300800AA8AFF3B4
:102D000000800AA8AFF300800A992046FEF790FBE6
:102D100000283FF474AD0AA90398FFF72BF96EE57C
:102D20000AA90398FFF726F9F9E52046FCF7FCFE0F
:102D3000EDE501218DF83110A2E5938801339BB2B6
:102D4000938030E79A88013292B29A8008E71F2C6C
:102D500040F29D800121594B01FA02F21B68134396
:102D6000564A1360E8E5C0F30341089ED3F804C057
:102D700096F800E08DF8331000F400118DF83DE076
:102D800041F2560E8DF83C4000299968A644ADF8F2
:102D90002C002CF0604C8DF8371018BF002099687B
:102DA00008BF1220039E4FEA11212CFA00F056F8BA
:102DB0002E6018BF4FF0010E8DF8361008BF4FF08F
:102DC000000E99680A90090C8DF82FE08DF83510E7
:102DD0009968090E8DF83410D9688DF83B10D968C0
:102DE000090A8DF83A10D968090C8DF83910D9689C
:102DF000090E8DF838102EB10AA809920693B04733
:102E0000099A069B44F2582103980144096829B1A4
:102E10000AA8099206938847099A069B41F61A3137
:102E2000039841180E460691898889B2C9B1338842
:102E30004FF01A0E0DF1580C10AADBB2674609923A
:102E40000EFB036E33E60399CB5B013303F01F03E4
:102E5000CB53BAE603998A5B013202F01F028A5310
:102E600090E61F2C1AD90120144900FA02F20968D1
:102E70000A4312490A604FF000621A605CE50720BD
:102E8000FCF752FE32E70620FCF74EFE26E720460E
:102E9000FCF74AFE50E5099A21462BE620460693A8
:102EA000FCF742FE069BE6E780801D4084801D40C3
:102EB00088801D408C801D4008801D402C801D4056
:102EC00044F25003C25C2DE9F04305468FB00AB9C5
:102ED0000122C2542B8B9BB2002B54D144F25C23B1
:102EE00041F61A3601227149EB58B0462E4403F0E0
:102EF0001F005B09824041F82320B3889BB263B373
:102F000035F808301A240DF1200E02AFDBB2F4467A
:102F1000B94604FB036404F5817454F8060F616834
:102F2000A268E368AEE80F0020696169AEE80300BB
:102F3000BCE80F00A9E80F009CE8030089E8030043
:102F40009DF91C104B1C5FD0594B0B441B011B6897
:102F5000C3F30363082B00F0878044F25C23012253
:102F60005449EB5803F01F005B09824041F82320CD
:102F700000212B8BB0889BB280B21B0380B2184318
:102F80000FB0BDE8F0832A461A2408AE02AF32F82B
:102F9000143FB5F814E0DBB20EF1010E04FB03247C
:102FA000CEF3080E04F5817454F8060F6168A26828
:102FB000E3680FC62069002361690824A5F814E0BE
:102FC0002A8BBB6092B202937B60FB603B617B61AA
:102FD0008DF8134003C61AB12B8B013B9BB22B8398
:102FE00008AC3E460DF1380E0FCC0FC694E8030036
:102FF0003A4686E803009DF81C3028460EF8313D1D
:103000007146FEF799FF69E7DFF8AC80D8F8004019
:1030100014F000543ED1D8F80030DFF89C8008E06E
:10302000D8F80030013403F07F03E4B201339C424E
:1030300093D21F4B23441B011B68C3F30363082B6C
:10304000EED13A4621462846FEF7AEF933880133E1
:10305000C3F308033380B3889BB2002BE0D0B3885E
:10306000013B9BB2B380DBE73A46C9B22846FEF784
:103070009BF935F808300133C3F3080325F808300D
:10308000B3889BB2002B3FF468AFB388013B9BB27F
:10309000B38062E7FCF7F6FCD8F80030044603F092
:1030A0007F0301338342B8D857E700BF80E100E0D7
:1030B00008D8010400E100E000801D402DE9F8433C
:1030C00057480023574A082457494FF47A76574DFA
:1030D00041F61A38564F43F2206C037141F61E39FF
:1030E00003734361036243628362C3628660076065
:1030F0000561847741F61C30137196601373176075
:10310000156153619477136253629362D3628E6048
:10311000484A494E0B710B730F6043F222670D61F1
:103120004B618C770B624B628B62D6F800E0938226
:10313000D382138322F80830135243F2246022F81A
:10314000093022F80C3043F2E86CD35343F2EA67BB
:10315000135243F2EC6022F80C3044F2500CD3537B
:1031600044F251071352354802F80C3044F25C2CFB
:10317000C0F800E044F2602E3148D35544F2642791
:103180000560304DCB6243600E202F4915602F4DF6
:1031900042F80C304FF00C0C42F80E304FF0090E94
:1031A000D3550427A1F82841A1F82A410124A1F808
:1031B00024015A202A600A25254AC1F8843081F862
:1031C0008A3081F8BC3081F8CC30A1F88830A1F881
:1031D00026C182F85B00A1F82CE1D365136682F862
:1031E0007C3082F87E3082F8803082F8813082F83C
:1031F0007D3082F85A3082F87F40A1F82E71A1F814
:1032000030510CF0CBFC4821124801F0EFFF306840
:1032100011493268114B08601A60BDE8F88300BF9D
:103220003891002008910020D89000201C07002031
:1032300054060020789900209CEC002074EA0020BD
:10324000CC9000203006002080E000207CDF0020B1
:1032500000E900203CE0002028E8002074990020CC
:1032600000000000F0B58D4D83B02B78B3B18C4BCE
:1032700002218C4A042093ED000BB7EEC00B0CF03A
:103280001DFF894B894A0221042093ED000BB7EE04
:10329000C00B03B0BDE8F0400CF010BF844B1B78AE
:1032A000002B34D1834B1B7823B92B78002BDED134
:1032B00003B0F0BD804B0A227C49D3ED007AFDEECD
:1032C000E77ACDED017ABDF9040010F06DFB7B4B80
:1032D0000A227B49D3ED007AFDEEE77ACDED017A43
:1032E000BDF9040010F060FB764B0A226D49D3ED66
:1032F000007AFDEEE77ACDED017ABDF9040010F019
:1033000053FB0A227049002010F04EFBCDE76F4CB2
:10331000C02301261C21204684F8A53084F83061A2
:1033200084F82F610BF066F8314620460BF044F923
:1033300033460322204660210BF0AEF994F8A30037
:1033400094F8A220831A022BFDDD904240F2878080
:10335000511CA3185D4FC9B293F91A60814284F8D9
:10336000A2104FEA06267AD2394402328B7E87F8C1
:10337000A220334307EE903AF8EEE77AF1EE677A4F
:10338000C02301274F4E02215048C6ED007A84F831
:10339000A53084F8307184F82F710BF02BF8394682
:1033A0004A480BF009F93B460322602147480BF0DD
:1033B00073F994F8A31094F8A2208B1A022BFDDD68
:1033C000914252D9531CA018404FDBB290F91A0019
:1033D0008B4284F8A2304FEA00204BD23B440232A9
:1033E0009B7E87F8A220184306EE900A9FED257B6E
:1033F000B8EEE66B9FED255B26EE077B27EE057B9F
:10340000334B0A22294983ED007B10F0CDFA94F862
:10341000A23094F8A3102D4A994223D9591C134481
:1034200093F91A0082F8A2100A22254910F0BCFA7A
:10343000D6ED007A0A221B49FDEEE77ACDED017A3E
:10344000BDF9040010F0B0FA0A221F49002010F064
:10345000ABFA184B1B78002B3FF427AF2AE7F7EEA7
:10346000007A8DE74FF0FF30DEE74FF0FF309FED41
:10347000097BC5E79FED077B4FF0FF30C0E700BF3A
:10348000AFF300809A9999999999B93F399D52A2C1
:1034900046DF913FF561B70371985CBF01ED0020F5
:1034A000A88E002040E80020988E002030E8002000
:1034B00000ED0020FFEC0020B8EC002084E90020A3
:1034C00038E8002098E9002048E80020CC5400208B
:1034D000888E002038B5634B6348DA7F997F93F874
:1034E000205001EB022193F8214001EB054202EB51
:1034F000046207EE902A90ED006BB8EEE77B5B4824
:103500009FED4C4B9FED4D5BA7EE046BB4EEC56B8E
:10351000F1EE10FAA8BF36EE456BB5EEC06B80ED4C
:10352000006BF1EE10FA5FD4DD7E9A7EDC7D02EB5B
:1035300005221D7F997D02EB05425D7F01EB042191
:103540001C7E02EB05624A4D01EB04415C7E07EEF6
:10355000102A93F9292004EE102A01EB0462B8EE38
:10356000C77B444C00EE102A93F92820B8EEC44BD8
:1035700093F8423005EE102AB8EEC00B83F002013A
:1035800083F00402B8EEC55BC1F34001C2F38002D0
:103590009FED2C3B9FED2D2B0A43A4EE037BA5EE64
:1035A000030B26EE026B84ED007B85ED000B80EDB6
:1035B000006B18D103F0010282F001059AB1C3F348
:1035C000C103022B15D02C4B0A202C4A93ED007B13
:1035D0009FED206B117827EE067B83ED007B0CF0CE
:1035E0005FFA274B1D7038BD9FED147B36EE076BDD
:1035F0009AE7B5EE407BF1EE10FA03D137EE037B8C
:1036000084ED007B80EE070B0EF0B0FC1A4B01211D
:103610000A209FED127B20EE070B83ED000B0CF0D0
:103620003FFAFFF71FFE164B01221A7038BD00BF8C
:10363000AFF300802D431CEBE2361A3F0000000080
:103640000020AC407B14AE47E17A843F9A99999967
:103650009999B93FCDCCCCCCCCCCEC3FF8C1631A16
:10366000DCA54CC0505F0020184F0020988E002031
:10367000A08E0020808E0020A88E0020DCEC002090
:10368000E0EC00202DE9F04F8FB0FEF7C7FFA44B10
:103690001B7823B9A34F3B78002B00F09A80DFF80A
:1036A000ACA2DFF88492DFF894B20EF06DFA002835
:1036B00040F0A780D9F800009B4C03681B6998472D
:1036C00050B1984B20681B78002B6FD003685B6962
:1036D0009847C0B20EF0ACFA944B1B78002B40F028
:1036E000E28093480BF054F9002840F0D180914CCF
:1036F000237823B1904D2B78002B40F0E480DBF849
:1037000000008E4C03681B699847002840F09980A0
:103710008B4C2368472B00F3B4808A4942F2107225
:10372000DAF8003009685B1A934200F29E80864AFC
:10373000DAF80030116885485B1A142B02D9844BE3
:103740001B7873BB834B1B786BB1FEF72FF902F02C
:1037500005F902280DD002F001F90128044615D020
:103760000FB0BDE8F08FFCF745FB02F0F7F8022838
:10377000F1D1012105200CF093F9002106200CF075
:103780008FF902F0EBF801280446E9D10021052069
:103790000CF086F9214606200CF082F90FB0BDE846
:1037A000F08F03681360FCF7B1FFCBE703686A4C46
:1037B0005B69984794F87D30C5B2062B00F2AA8168
:1037C000DFE813F0F30067017E010C012A014601D6
:1037D0005101624BDFF874A11B784BB9604C42F287
:1037E0000F72DAF8003021685B1A934200F2C4804D
:1037F000DFF83491DFF844B10EF0C6F900283FF449
:1038000059AF0EF005FADFF86C81C3B21946009388
:1038100098F80030032B49D9042B00F06A8100236B
:10382000404F88F800303B78002B63D14B4B1B781E
:10383000002B5FD0DBF80000009903681B689847F5
:1038400038E720683E4C03685B699847434BC0B239
:103850001B78002B55D12268032A3ADC414B9B5C34
:10386000834212D10132226057E7002109200CF077
:1038700017F900210A200CF013F93B4B00221A70B3
:1038800055E7FCF75BF900283FD10023236044E7AC
:10389000D9F8004026480BF08FF82368C1B22046C3
:1038A0001B68984723E7FCF7D1F81AE72F4AD25C48
:1038B0008A42B4D12E495A1C9DF8000088F8002095
:1038C000C854184FAFE7FDF779F8002323702B7029
:1038D00015E72449531C885423601BE723445B7875
:1038E000442B40F0158100230E491C4A0B7088F8C8
:1038F00000301370D9F80000009903681B689847DE
:10390000D8E60EF095F9236804E7002109200CF0B1
:10391000C7F8154B01221A70FFF7DCFDB5E700BFB1
:10392000D2EC0020E9EC0020C4540020D0EC0020B0
:1039300004540020DFEC0020E0EC0020C8540020FC
:103940008CE9002020E800202CDC00209CEC0020EA
:10395000FFEC0020D062002000E90020EAEC00200B
:1039600028DC0020505F002001ED0020985F00203F
:1039700060E00020DBEC00201721DFF80093DFF887
:1039800000B3B3480EF06AF9B2480BF07DFCD9F8E9
:103990000030DBF80000B049DAF80020C9F8000078
:1039A000CBF800300B6022607FE60022242DAB4B69
:1039B0004FF0010184F87E2000F0C981DA6D83F8B0
:1039C0007E1002B1904700235A2284F87D3084F89B
:1039D0005A3084F87E3084F85B207DE6A5F1300310
:1039E000092B40F2A78028460FF0B8FF462D00F2C1
:1039F0009880002800F09580A5F137035BB2581C31
:103A000029D094F88120DBB2042142EA031384F820
:103A10007D1084F881305FE6A5F13003092B40F278
:103A2000948028460FF09AFF462D00F285800028EA
:103A300000F08280A5F137035BB2591C0BD094F8DB
:103A4000811005220B4384F87D2084F8813043E601
:103A50000D2D00F078810122E36D84F87E20002B8B
:103A6000B1D09847AFE70A2DF5D194F87F207B4B72
:103A7000002A00F0B48193F8811093F880209142DD
:103A800000F0AD810421DA6D83F87E10002A99D10F
:103A900099E728460FF04AFF00285FD094F85A2093
:103AA00094F85B106D4B914240F24581042A40F23C
:103AB000DF810321DA6D83F87E10002A82D182E74C
:103AC00094F85A1094F85B30644A99423FD22A2DF8
:103AD00000F05B812C2D40F04E8192F88000013B7C
:103AE00080F02C00DBB282F8800082F85B30D15489
:103AF000F2E55B4C9DF8003023710EF089F898F8E0
:103B000000306071E25C522A41D0452A3FF4E6AEB3
:103B1000544F88E60522E36D84F87E20002BA0D167
:103B200051E728460FF00CFF662D94D8002892D05C
:103B3000A5F157035BB262E728460FF001FF662D3F
:103B400089D8002887D0A5F157035BB275E7022119
:103B5000D36D82F87E10002B83D134E72A2D00F03C
:103B6000FB802C2D7FF477AF94F85B30022094F823
:103B70008020013B94F85A1082F02C0284F87D00DA
:103B8000DBB284F8802084F85B30E154A4E5234460
:103B9000354A364C5B78C9F80040312BCBF8002011
:103BA00000F07081322B00F0748100242D4F00232F
:103BB000062108220AA80A930B930C930D938DF803
:103BC00028108DF82920FBF7E3FF294908AB294885
:103BD000BDF82A200646086849681512CDF814B0C9
:103BE000B3460697CDF81C9003C39DF829308DF895
:103BF00024209DF828208DF823308DF822209DF870
:103C000035309DF834208DF825508DF826208DF81C
:103C100027305BF8043F132117481D4603930EF02D
:103C20001DF8002329460A220A480BF045FB0948E3
:103C30000BF02AFB2946002220460AF071FF64207F
:103C40000BF094FE2368FF2120461B6898471BE079
:103C50009C1200209453002030DE002000E9002058
:103C600060E00020E9EC0020A45300206454002010
:103C70001C040020A05F0020B4120020C4540020C7
:103C8000C85400205B699847236820461B69984701
:103C9000002823682046F5DC5B68082208A9204636
:103CA00098474FF000099DF828304D464E46029344
:103CB000DAF800709DF82930CDF804900493236859
:103CC00020461B699847002810DD236820465B6961
:103CD0009847C0B2A0F1B503B3FA83F35B09AB42D6
:103CE00020D8002D40F0DD800136E8E7DAF800301A
:103CF000DB1BB3F57A7FE2D3019B002B51D1804BC4
:103D00005B4586D12E217F48DDF814B0069FDDF893
:103D10001C900DF0A3FF7C480BF0B6FA002388F846
:103D2000003080E5B52802D001260025C7E700262F
:103D300001360125C3E70221DA6D83F87E10002ADF
:103D40007FF440AE3FE6062384F87D30C4E483F878
:103D5000802083F87D10BFE494F85B30032194F851
:103D60005A20013B84F8810084F87D10DBB284F88E
:103D70005B30E254B0E492F88030481C55545D400A
:103D800082F85A0082F88050A6E4013B0024032008
:103D9000DBB282F8814082F87D0082F85B30D1543A
:103DA0009AE406215948DDF814B0069FDDF81C900E
:103DB0000DF054FF1C2156480DF050FF03990023CD
:103DC0000A2251480BF078FA4F480BF05DFA0621B1
:103DD00050480DF043FF4C480BF056FA9EE794F81C
:103DE00059E0002594F87C8014F80E304A4E009378
:103DF00004F80E50B8F1000F31D016F865CBBCF1C5
:103E00002D0318BF0123019316F8013C9C4518BFF0
:103E10002D2B01D0019BEBB93F48371D334613F8DA
:103E2000012B10F8011F2D2A18BF8A4201D02D291D
:103E300010D19F42F3D16DB29DF800306A1C04F896
:103E40000E30354B0FD005EB450503EB8505EB6ECA
:103E50009847B8E501350C36EDB24545D4D19DF80B
:103E6000003004F80E30236E002B7FF4FAADAAE583
:103E700093F88010501C9D544D4083F85A0083F8ED
:103E8000805029E4254F0121254B002239701A70FA
:103E90008DE6224F0020224B012114463870197004
:103EA00085E616B9B5287FF43FAFA6F10103622875
:103EB000B3FA83F34FEA531303D013B1022600255C
:103EC000FDE6622802D1002B7FF40EAF022E02D154
:103ED00081460326F3E6032E7FF42AAFB9F1050FDE
:103EE0000BD0029B042699457FF41FAF049B8342AD
:103EF0007FF41BAF01230193E1E60426DFE600BF58
:103F0000C45F0020C81200209453002060E000200D
:103F1000F81200201813002000E90020E9EC00202E
:103F2000EAEC00202DE9F041704C94F85B50C5F1AB
:103F30005A05002D40F3948094F85910002794F806
:103F4000586021446A4814F80680A75510F0ECFD2B
:103F5000012D04F8068000F0838094F8581094F83E
:103F600057602144634814F80680A75510F0DCFD23
:103F7000022D04F8068073D094F8571094F8566018
:103F800021445D4814F80680A75510F0CDFD032D9F
:103F900004F8068064D094F8561094F855602144D3
:103FA000564814F80680A75510F0BEFD042D04F8FD
:103FB000068055D094F8551094F854602144504828
:103FC00014F80680A75510F0AFFD052D04F8068003
:103FD00046D094F8541094F853602144494814F89A
:103FE0000680A75510F0A0FD062D04F8068037D0F6
:103FF00094F8531094F852602144434814F8068012
:10400000A75510F091FD072D04F8068028D094F8EC
:10401000521094F8516021443C4814F80680A7558A
:1040200010F082FD082D04F8068019D094F8511084
:1040300094F850602144364814F80680A75510F0D3
:1040400073FD0C2D04F806800ADD94F84C5094F8AA
:104050004D10665D21442F48675510F065FD66558B
:104060002D4C217800293DD001210D200BF018FDA9
:1040700021780123294D5940294A2E782170137047
:104080000EB1284A1370284B1B78C3B9274B1B78F5
:10409000ABB976B909200BF003FD31460A200BF0CD
:1040A000FFFC0A2222494FF6FF700FF07DFCFCF75F
:1040B00085FC204A204B12681A60BDE8F081FFF7AA
:1040C000D1F8FCF77BFC174B00222C781A70002CDF
:1040D000EFD1012109200BF0E3FC21460A200BF06F
:1040E000DFFCE6E70D200BF0DBFCC1E700E9002078
:1040F00048E400206CE8002068E8002080E8002008
:104100007CE8002044E40020F8E800206C990020BE
:1041100054E0002048E00020DCEC002001ED00200D
:10412000D2EC0020DFEC0020FFEC002000ED0020AE
:1041300030E800209CEC002020E8002090F8A3202C
:1041400090F8A200101A704790F8A23090F8A320BF
:104150009A4205D95A1C034480F8A220987E7047E1
:104160004FF0FF30704700BF70B50446D0F8B8007C
:10417000072214490368651EE61C5B689847D4F85B
:10418000B8000122104903685B68984715F8011FC1
:104190000F290DD900231022D4F8B8000BF08CF8A9
:1041A000B542ECD1D4F8B800BDE870400BF06CB863
:1041B000D4F8B8000122054903685B68984729785C
:1041C000E8E700BF34130020A43100203C13002096
:1041D0002DE9F041037805464778461ED0F8B8002F
:1041E000072243EA072766490368EC1C3FB25B6875
:1041F0001FFA87F89847D5F8B8000122614903688B
:104200005B68984716F8011F0F2935D90023102243
:10421000D5F8B8000BF050F8B442ECD13E1FD5F8F9
:10422000B80006225849F6B20368282E5B6828BFFA
:10423000282698474EB3013EF6B204362E4407E0D6
:1042400000231022D5F8B8000BF036F8A6421CD097
:10425000D5F8B80001224B4903685B68984714F809
:10426000011F0F29ECD8D5F8B8000122474903688F
:104270005B6898472178E3E7D5F8B8000122434905
:1042800003685B6898473178C0E7002F3FDBD5F8BB
:10429000B80008223E4903685B6898474146D5F854
:1042A000B8000BF049F8D5F8B8003A49092203687C
:1042B0005B689847A978A9B1012943D002294ED05B
:1042C00003291CD0042952D005292ED000230A220C
:1042D000D5F8B8000AF0F0FFD5F8B800BDE8F04115
:1042E0000AF0D2BFD5F8B80007222B4903685B68F3
:1042F0009847D5F8B800BDE8F0410AF0C5BFD5F839
:10430000B8000D22254903685B689847E4E7D5F8B3
:10431000B84014222249C8F30E08236820465B687F
:10432000984720460AF0B0FFB1E7D5F8B8000B2255
:104330001C4903685B689847D5F8B800BDE8F041B0
:104340000AF0A2BFD5F8B8000A22174903685B68D3
:104350009847D5F8B800BDE8F0410AF095BFD5F808
:10436000B8000722114903685B689847B4E7D5F89D
:10437000B8000B220E4903685B689847ACE700BFA2
:1043800034130020A4310020401300203C130020EF
:10439000601300206C130020781300209413002079
:1043A00048130020B0130020801300208C1300203D
:1043B000A413002038B5044608460D4610F026FC2C
:1043C00023680246294620465B68984705462046F2
:1043D0000AF05AFF284438BD2DE9F84F817803468A
:1043E000D0F805200529C0F8042140781A781F7AF2
:1043F000DE799D795C7969D042EA0022DF7A9E7B82
:10440000C2F30E0293F80DE0DD7B07F0030C043AD3
:1044100093F810909C7C4EEA062812B2597C45EA2B
:1044200009290E2A41EA042436DC00210A46587A7A
:10443000012882463FD004287DD0022800F09580D4
:1044400003286DD0082818BF05287FD0A0F1280BBD
:104450005FFA8BFBBBF1010F78D9102800F0918037
:10446000112800F08B80132800F08E801E2800F0A9
:104470008E80BAF1140F00F09E80BAF1150F00F093
:10448000A180BAF1160F00F0A480BAF1F10F00F08C
:10449000A7800020BDE8F88F187D102AD97C41EA5A
:1044A000002140F3BD80987D5A7D42EA0022587A6F
:1044B00001288246BFD1A3F8D4C080B2A3F8CE8031
:1044C000A3F8D090A3F8D240BDE8F88F45EA0625BE
:1044D0009A7A93F804E02A20DE7A597A4EEA042E7A
:1044E00042EA06265C7B1A7B47EA0127D97B42EA2F
:1044F00004249A7BA3F8F05042EA01215D7C1A7CE7
:10450000A3F8EEE042EA0522A3F8F270A3F8F46003
:10451000A3F8FA40A3F8FC10A3F8FE20BDE8F88F3A
:10452000A3F8ECC0A3F8E680A3F8E890A3F8EA406B
:1045300080B2BDE8F88FA3F8DCC080B2A3F8D680C3
:10454000A3F8D890A3F8DA40BDE8F88FA3F8F8C034
:1045500080B2A3F8EE80A3F8F090A3F8F240A3F89D
:10456000F410A3F8F620BDE8F88FA3F8E4C0A3F890
:10457000DE80A3F8E090A3F8E240D9E7A3F8024177
:10458000D6E783F800E1D3E783F808E1D0E76FF0DE
:104590000E0003F10F0103F1170483F80961C01A3B
:1045A00001E011F8015FD3F80C21A1420A4415542F
:1045B000F7D1587ABCE7A3F81281A3F81491A3F8B5
:1045C0001641B5E7A3F81881A3F81A91A3F81C4186
:1045D000AEE7A3F81E81A3F82091A3F82241A7E734
:1045E0001C4693F8BC302BB9072FA1D1504684F854
:1045F00010619DE70B49D4F8B800FFF7DBFEE37AC2
:10460000072B01D0607A93E794F8BC3023B10649B8
:10461000D4F8B800FFF7CEFE94F809A0A67BE5E732
:10462000002204E70C0E0020BC1300202DE9F04707
:104630009146984690F82421B0EE000BB0F9EE3088
:1046400004468A4607EE103A53422DED028B01EEE6
:10465000103AB8EEC78A0A9FB8EEC11B0B9E0C9D9C
:104660000DF0DCFCB7EEC87A94F824315B4227EEFB
:10467000007B01EE103AB4F9F03006EE103AB8EED5
:10468000C11BB0EE000BB8EEC68AB7EEC77B8AED51
:10469000007A0DF0C3FCB7EEC86A94F82411B4F99F
:1046A000F23026EE006B07EE103A4B42B8EEC78AA6
:1046B00001EE103AB0EE000BB8EEC11BB7EEC66BC0
:1046C00089ED006A0DF0AAFCB7EEC87A94F82421AF
:1046D000B4F9F43027EE007B06EE103A5342B8EE00
:1046E000C68A01EE103AB0EE000BB8EEC11BB7EE71
:1046F000C77B88ED007A0DF091FCB7EEC86A94F89C
:104700002431B4F9F62026EE006B5B4207EE102A46
:1047100001EE103AB8EEC78AB8EEC11BB0EE000B3E
:10472000B7EEC66B87ED006A0DF078FCB7EEC87A7D
:10473000B4F8F83027EE000BB7EEC00B86ED000A98
:104740002B70BDEC028BBDE8F08700BF70B505464D
:104750006424174E0DE090F8A33090F8A2200120B9
:104760009B1A002B10DC0BF001F9631E13F0FF0401
:104770000CD0D5F8B00003681B69B342EBD0984762
:1047800003460120002BEEDD012070BD95F8BC0032
:104790000028FAD0D5F8B8500B2206492B682846D5
:1047A0005B68984728460AF06FFD204670BD00BF41
:1047B000314900004C14002070B505467D2406E008
:1047C00001200BF0D3F8631E13F0FF0416D095F808
:1047D000CA000BF06BF978B195F8BC30002BEFD024
:1047E000D5F8B86008220E49336830465B689847B0
:1047F00030460AF049FDE3E7012070BD95F8BC00A2
:104800000028FAD0D5F8B8500F2206492B68284660
:104810005B68984728460AF037FD204670BD00BF08
:104820005814002064140020002900F0A0802DE915
:10483000F8430646894600254E4FB9F11C0FC8467D
:104840004FF0010396F8B41028BF4FF01C08D6F8BB
:10485000B00008F10402D2B209F01EFF3046FFF7A3
:1048600075FF002800F08180D6F8B00003685B690E
:10487000BB4274D190F8A22090F8A310914206D9BF
:10488000013280F8A220D6F8B00003685B69BB4211
:104890005FD190F8A22090F8A310914251D9013233
:1048A00080F8A220D6F8B00003685B69BB424ED105
:1048B00090F8A22090F8A310914242D9013280F8DA
:1048C000A220D6F8B00003685B69BB423BD190F8E8
:1048D000A23090F8A3209A4204D9013380F8A23084
:1048E000D6F8B000002419E090F8A23090F8A32088
:1048F00003F1010EC1189A4221D980F8A2E0887E06
:1049000001347F2D05F1010206EB0503E4B201D865
:1049100095B21871444508D2D6F8B00003685B69B7
:10492000BB42E1D09847C0B2EAE7C8EB09091FFAD9
:1049300089F9B9F1000F80D10120BDE8F883FF208B
:10494000DEE7BB42CED09847D6F8B000CAE798471A
:10495000B7E79847D6F8B00003685B69A6E79847C1
:10496000D6F8B00003685B6991E7BDE8F8830120E1
:10497000704700BF3D4900002DE9F0470446D0F8DC
:10498000B000002879D00123042294F8B41009F073
:1049900083FE2046FFF7DAFE10B90020BDE8F0875D
:1049A000D4F8B0309B4E1A685269B24240F01A8176
:1049B00093F8A21093F8A300884240F288814A1C21
:1049C000194483F8A220D4F8B03091F81A801A68FC
:1049D0000FFA88F95269B24240F0F98093F8A200C8
:1049E00093F8A310814240F27681421C184483F868
:1049F000A22090F81AA0D4F8B0304FEA0A211A6821
:104A00000DB25269B24240F0DF8093F8A21093F8E1
:104A1000A300884240F263814A1C194483F8A22013
:104A2000887ED4F8B030C7B21A685269B24240F0FA
:104A3000C78093F8A22093F8A310914240F25581C9
:104A4000511C1A4483F8A210907E45EA090184F8AB
:104A5000008084F801A0C1F30E01A770E070002966
:104A60009BD00439204689B2FFF7DEFEA0780128EA
:104A700000F0C3800120BDE8F08794F8CA000BF075
:104A800015F8012889D0D4F8C030D4F8C400DA7CF5
:104A9000002A2ED072B6DA7CD70706D55E495A694D
:104AA0000D682A409A620A60DA7C960706D55B494F
:104AB0009A690D682A40DA620A60DA7C550706D5E1
:104AC0005749DA690D682A401A630A60DA7C1107CF
:104AD00006D554491A6A0D682A405A630A60DA7C7E
:104AE000D70605D550495A6A0D682A409A630A606C
:104AF00062B69A68904200F0E8804C4A98609269E9
:104B00004B49C2F30115C2F3826251F825100132FC
:104B1000B1FBF2F1002875D0B1FBF0F24AB1B1FB64
:104B2000F2F1884238BF0132B2F5817FC0F0DF80F8
:104B3000404ADA601B68002503213F4E01201D61B9
:104B4000596229461A641E66186194F8C8000AF072
:104B5000A7FFD4F8C06033685D66DA6D12F4F81F01
:104B6000FBD05A6F0021D2B25966D96D11F4F81FEB
:104B7000FBD0586F0021C7B25966D96D11F4F81FE8
:104B8000FBD05D6F0021EDB25966D96D11F4F81FAD
:104B9000FBD000025B6FA57000F4FE402270E37052
:104BA00050EA0205677049D194F8BC30002B3FF4FD
:104BB000F4AE2046FFF7D8FA2846BDE8F087FF2775
:104BC00018469047C0B240E71846904729E7184674
:104BD0009047D4F8B03001021A685FFA80FA0DB23B
:104BE00052690FE718469047D4F8B0305FFA80F862
:104BF0001A680FFA88F95269EDE62379012B03D080
:104C0000BDE8F0870A4689E784F8CC301846BDE84D
:104C1000F08700BF3D49000080E100E084E100E052
:104C200088E100E08CE100E090E100E000C00F408E
:104C300038070020FF7F7F00070000C02A1F91B2C5
:104C4000A1B1251D0020FF2732685766D36D13F4EC
:104C5000F81FFBD07F28536F00F1010005F101051B
:104C600098BF05F8013C83B29942EDD8012194F830
:104C7000C8000AF015FFD4F8C020D37CE3B1DE07EA
:104C800003D5214B916A1960D37C9D0703D51F4B37
:104C9000D16A1960D37C580703D51D4B116B19607D
:104CA000D37C190703D51B4B516B1960D37CDB06F2
:104CB00002D5926B184B1A6094F8BC30002B3FF46D
:104CC000D5AE2046FFF784FAD0E6DA6832E74FF037
:104CD000FF09C8467FE66FF0FF054FF0FF0AB242BA
:104CE0007FF46DAFFF200746AFE6FF20ADE6022A56
:104CF00008D9023A5008010442EA002201F47F0177
:104D00000A4316E7002214E700E100E004E100E0B6
:104D100008E100E00CE100E010E100E010B504461D
:104D200090F8CA00FF2803D00AF0C0FE01280AD07C
:104D30002046FFF721FE30B1A378032B05D0022BCC
:104D40000BD0052B04D0002010BD2379FB2BFAD10A
:104D50002046BDE81040FFF73FBB2379F12BF2D18D
:104D6000A379072B01D0F12010BD637A84F81031AC
:104D7000F9E700BF08B5FFF7D1FF003018BF0120E9
:104D800008BD00BF2DE9F84302F10408D0F8B030A7
:104D9000154606460F465FFA88F8002B5DD090F85E
:104DA000B42001204146824083F8300183F82F016E
:104DB00083F8A520D6F8B00003681B689847D6F89A
:104DC000B000002103681B689847D6F8B000394648
:104DD000374403681B689847D6F8B00097F88410EA
:104DE00003684A1C1B6887F8842098476DB1013D11
:104DF000F41CEDB204353544D6F8B00014F8011FA8
:104E000003681B689847AC42F6D10121D6F8B00080
:104E100009F0D2FB0546E0B196F8BC301BB900247E
:104E20002046BDE8F883D6F8B8002B227A49002442
:104E300003685B689847D6F8B860294623460A227B
:104E400030460AF039FA30460AF01EFA2046BDE82C
:104E5000F88301242046BDE8F883FFF7ADFC044643
:104E60000028DCD0D6F8C030D6F8C490DA7C002A0E
:104E70002ED072B6DA7CD00706D5684958690A6820
:104E800002409A620A60DA7C910706D56449986903
:104E90000A680240DA620A60DA7C500706D5614986
:104EA000D8690A6802401A630A60DA7C110706D5DD
:104EB0005D49186A0A6802405A630A60DA7CD206C1
:104EC00005D55A49586A0A6802409A630A6062B670
:104ED0009A68914500F09180554AC3F8089092690C
:104EE000DFF868E1C2F38261C2F3011C01315EF8B0
:104EF0002C20B2FBF1F1B9F1000F7CD0B1FBF9F23B
:104F000042B1B1FBF2F1894538BF0132B2F5817F80
:104F100075D3484ADA601B6800214FF0030CDFF8B4
:104F200030E101201961C3F824C01A64C3F860E0BD
:104F3000186196F8C8000AF0B3FDD6F8C0100B68E7
:104F4000C3F86480DA6D12F4F81FFBD00022586FAA
:104F50005A66DA6D12F4F81FFBD05A6F5F66DA6D8D
:104F600012F4F81FFBD037445B6F97F884305A1C5B
:104F700087F8842009684B66CB6D13F4F81FFBD0CB
:104F80004B6F75B1681EF21CC0B20430304412F889
:104F9000013F4B66CB6D13F4F81FFBD090424B6F73
:104FA000F5D1012196F8C8000AF07AFDD6F8C03094
:104FB000DA7C002A3FF44DAFD60703D51E4A996A22
:104FC0001160DA7C950703D51C4AD96A1160DA7C36
:104FD000500703D51A4A196B1160DA7C110703D503
:104FE000184A596B1160DA7CD2067FF532AF9A6BA2
:104FF000154B1A6014E70A4682E7DA688BE7022A43
:1050000001D8002286E7023A5008010442EA002251
:1050100001F47F010A437DE77414002080E100E081
:1050200084E100E088E100E08CE100E090E100E054
:1050300000C00F40FF7F7F0000E100E004E100E0DE
:1050400008E100E00CE100E010E100E0380700209A
:10505000070000C0F0B54FF47A7541711F0A4FF098
:10506000FD0E05FB02F21E0C002543741112427264
:105070001B0E80F804E081721114120E8774C17245
:10508000022102731122C67403758571C571057200
:1050900045738573C5730574BDE8F040FFF772BEB4
:1050A0000A4600230821FFF7D5BF00BF012210B533
:1050B000114602710446FFF765FE32200AF056FCE5
:1050C0002046FFF759FC0028FAD132200AF04EFCA6
:1050D0002046FFF751FC0028FAD110BDFF2B2DE927
:1050E000F041044680F8B410C0F8B02080F8CA300F
:1050F00003D0184602210AF0DFFC20460025FFF706
:10510000D5FFF92302226571237120461146FFF76E
:1051100039FE2046FFF730FC18B12379F82B02D076
:105120002846BDE8F08194F8BC60002EF9D0D4F890
:10513000B8001422284903685B6898472B46A17978
:105140001022D4F8B8000AF0B7F8D4F8B800152245
:10515000224903685B6898472B46E1791022D4F80E
:10516000B8000AF0A9F8D4F8B800A76813220368B9
:105170001B495B6898472B4639461022D4F8B80083
:105180000AF09AF8D4F8B800E768142203681549C1
:105190005B6898472B4639461022D4F8B8000AF0CD
:1051A0008BF8D4F8B800237C15220168677CD1F80D
:1051B00004800D4943EA0727C047D4F8B840394670
:1051C0002B46102220460AF077F820460AF05CF8B9
:1051D0003046BDE8F08100BFA0140020B8140020C4
:1051E000D0140020E4140020FC14002070B5094DF8
:1051F00004460E46284609F033F9284615F02AF9E8
:105200004FF4806500228023267020466580A280AE
:10521000A37170BD0C56002041807047818070479B
:105220008171704770B5012503780F4C0646AB407D
:105230000021204684F8305184F8A53084F82F519D
:1052400009F0D8F82946204609F0B6F92B463178FE
:105250002046022209F020FA94F8A30094F8A23024
:10526000C01A18BF012070BD0C56002070B5012572
:105270000378194C0646AB400021204684F8305193
:1052800084F8A53084F82F5109F0B4F82946204657
:1052900009F092F9317802222B46204609F0FCF9F8
:1052A00094F8A22094F8A3108A4211D25319A0189E
:1052B000DBB290F91A00994284F8A2304FEA00203C
:1052C00006D9234402329B7E84F8A220184370BD85
:1052D0004FF0FF3070BD00BF0C560020F8B581883C
:1052E000054642880126AF7948F203130A432D7818
:1052F0000E4C31463A43B540204684F830611343A2
:1053000084F8A55084F82F619DB209F073F8204607
:10531000290A09F06FF82046E9B209F06BF8314626
:105320002046BDE8F84009F047B900BF0C56002000
:1053300004480268114401E0994202D303689A428A
:10534000FAD970479CEC002010B40C4A044671B99D
:1053500041681368591A202909D8106800F12103FF
:10536000591A01E0994202D313689842FAD9136896
:10537000012063605DF8044B704700BF9CEC002087
:10538000704700BF2DE9F843154D4FF47A700AF0CD
:10539000EDFA144C2E6840F2EE28134FDFF84C90D3
:1053A00004E0B3F5FA6F19D80CF0DEFC0CF0DCFC6D
:1053B000237843B13B78DB0705D52B68D9F800206B
:1053C0009B1A0E2B08D82B6822789B1B002AE8D149
:1053D0004345E9D9BDE8F883BDE8F883BDE8F88323
:1053E0009CEC0020FCEC0020FBEC0020A8EE002050
:1053F00000234364436041B104480268114401E062
:10540000994202D303689A42FAD970479CEC002073
:1054100038B50F4C0D460621236843600D480CF04B
:105420001DFC0A22002329460B4809F045FF0621EE
:105430000A480CF013FC084809F026FF226802F124
:10544000320101E0994202D323689A42FAD938BD69
:105450009CEC00204C150020945300205415002093
:1054600038B5037E0BB9632038BD0D4604460CF0F9
:105470008BFB10F0FF0F01D1652038BD0CF084FBD1
:1054800010F0FF0FF8D00CF0C3FBC0B2A0F158032E
:105490001E2BF3D801A252F823F000BF195D0000C3
:1054A000715C0000715C0000715C0000715C0000C8
:1054B000715C0000715C0000715C0000715C0000B8
:1054C000715C0000715C00000D5D0000715C00000B
:1054D000715C0000715C0000715C00005B5C0000AE
:1054E000715C0000715C0000715C0000715C000088
:1054F000715C0000715C0000715C0000715C000078
:105500005B5C0000715C0000715C0000715C00007D
:10551000715C00005D5C000020462946FFF778FFC3
:10552000632038BD00236320237638BD70B505465F
:105530001646A9B101230B4C037600212846FFF73C
:105540008FFF63280CD02268511C23689A42F4D83C
:105550009942FAD200212846FFF782FF6328F2D150
:105560002E7670BD9CEC0020034B00229A60DA601E
:105570001A615A61704700BFE0DB002088B181B139
:105580000288012A30B410D01030002203E030F835
:10559000104B012C0AD0013205469142F7D130BCA4
:1055A00070474FF0FF329A60704705462A7A012112
:1055B0001A746A7A5A74AA7A9A74EA7A9960DA74CE
:1055C00030BC70474B684360704700BFF0B589B08E
:1055D0000D460446084601A9164603F0B7F9013006
:1055E00004D0019B0120736009B0F0BD00230122AB
:1055F0001B494FF45450A360059302930393049303
:105600000793ADF80420ADF814200691ADF806001C
:1056100004F03EFE04F0B4FF27796179A279E379C2
:10562000029001A8049507948DF80C708DF80D1068
:105630008DF80E208DF80F3001F0C0FF0028D3D078
:10564000A368002BFCD0A368013302D0A068012816
:1056500002D0002009B0F0BD2369736009B0F0BD2D
:10566000715D000000207047704700BF014B186853
:10567000704700BF9CEC002010B5044609F0C0FD47
:10568000204610BD0029194B14BF0121002130B55F
:10569000197083B013D01546044604F0F9FD04F0E8
:1056A00009FE00238DF804308DF805308DF80630A2
:1056B0008DF80730019B834208D003B030BD01F064
:1056C00013FF03B0BDE8304001F002BF084B18469D
:1056D0001C6001F08FFE0028EFD0204601F004FF8F
:1056E000296803B0BDE8304001F02CBFD5EC0020A4
:1056F000E4DF0020704700BF704700BF2DE9F04F86
:10570000844F93B0894604920390D7F8008004F048
:10571000BFFD04F013FD002840F0CD807E4B1B68D8
:105720001BB94FF480337C4A13607C4B1B68002B01
:1057300000F0E980DFF81CA2DAF800301BB94FF462
:105740000063CAF80030DFF810B29BF800000028B0
:1057500000F0D0808000724E0AF086FC9BF800308A
:10576000306098000AF080FC9BF800306D49706052
:10577000580001910AF078FC9BF80030B0605800A6
:105780000AF072FC9BF80030F06098000AF06CFCA4
:105790009BF80030306198000AF066FC624A9BF882
:1057A0000030106058000AF05FFC9BF80030706118
:1057B00058000AF059FC5D4A9BF8003010609800D0
:1057C0000AF052FC5A4B18609BF800000AF04CFC9F
:1057D00001999BF8003008607BB30024CDF8148059
:1057E000234625B2D6F80080DAF800000293019132
:1057F0000AF03AFC48F82500D6F80480DAF80000F0
:105800000AF032FC48F825000420D6F810800AF08F
:105810002BFC454B48F8250004F1010E1A6801994C
:10582000029B42F825300A6813555FFA8EF49BF804
:105830000020A242D5D8DDF81480384B0AA81A6897
:10584000354B0A921B683B4A0B933B4B0C920D93D2
:1058500005F0EAFF01303AD003990622374804F0F8
:105860000FFE013033D004F013FD80B304F010FDBF
:10587000334A34491368079013F0010F0891324BF3
:1058800003D1012104981160186007A8099302F060
:10589000D7F845F6BF522D492D4809F051FC04F0C8
:1058A000F7FC01F021FE01F01BFEB0B93B68C8EB2C
:1058B00003034B450BD204F0EBFC01F015FE01F0A5
:1058C0000FFE50B93B68C8EB03034B45F3D30020F0
:1058D00013B0BDE8F08F0A9B8BB904F0D9FC01F03E
:1058E00003FE0AA901F01AFE3B68C8EB03039945C1
:1058F000F1D8ECE7082320208BF800302BE70120BB
:1059000013B0BDE8F08F044B18680AF0ADFB034BF1
:1059100018600FE79CEC002098DF002094DF002047
:1059200000002020ACDF00208CDF0020A4DF00205E
:10593000A8DF00202007002030070020E05F0020C3
:1059400034DE0020795E0000F4DF002009C1000091
:10595000C059002090DF0020D4EC0020064B1B78BB
:1059600003F0FF002BB1A0F10100B0FA80F0400974
:1059700070470220704700BFD5EC0020032070471D
:1059800010B5044604F084FC04F094FC024B606003
:105990002046236010BD00BF1C07002038B50D460F
:1059A00004F076FC04466D6804F072FC04F08CFC94
:1059B000024629462046BDE8384004F041BC00BFFD
:1059C00030B4054B0024054D5C601D60044A054958
:1059D000054830BC0DF0A6BD9CDF00201C07002050
:1059E000485300206D5E0000C059002003689B6B87
:1059F000184700BF4969024A41600260704700BF12
:105A00001C070020008B7047C0897047808B80B2D4
:105A1000704700BF10B582B00468012202AB03F8E2
:105A2000011D19466368984702B010BD704700BF5A
:105A300038B5064D837F2A789A4205D90446184620
:105A400000F08EF92B78A37738BD00BFD4EC00208E
:105A5000104B1A7870B504460E460F4D82B10021E6
:105A60002A78197082773146022000F09DF92B7850
:105A7000A07783420BD90023E6810120A38370BD68
:105A8000807F2B788342EED900F06AF9EBE70020A3
:105A900070BD00BFD4620020D4EC0020F0B500231C
:105AA0008BB0154C0D461746069309930646029394
:105AB00005940894019404F0EBFB04F00FFC03A997
:105AC000049005A80394FFF77DFD294605A841F23F
:105AD000883301AAFFF77AFD012801D00BB0F0BD91
:105AE00033683A46029D03A99B6A304603940495A5
:105AF00098470BB0F0BD00BF1C07002008B500237D
:105B000004314383807F00F0FFFA08BD08B500210F
:105B1000807F00F035FB08BD08B5807F00F030FBCA
:105B200008BD00BF10B5044693B2807F0A46618B62
:105B300000F0B6FA638B0344638310BD838B9BB282
:105B400013B94FF0FF30704710B582B00446012200
:105B5000807F0DF1070100F035FA002807DDA38BE7
:105B60009DF80700013B9BB2A38302B010BD4FF02C
:105B7000FF30FAE7838B9BB2CBB1838B9BB293420E
:105B800010B504460CD912B2807F00F01BFA024611
:105B9000002A0FDDA38B10469B1A9BB2A38310BD76
:105BA000828B807F12B200F00DFA0246F0E74FF0D0
:105BB000FF3070474FF0FF3010BD00BF074A08B5F7
:105BC000837F12789A4202D9828B92B212B94FF037
:105BD000FF3008BD184600F055FA08BDD4EC00208F
:105BE000F0B5114D0446807F83B02B780F461646E2
:105BF000834215D80D4B32467F68694682208DE876
:105C0000880000F08DF92B78A077834205D9002316
:105C10000120E681A38303B0F0BD002003B0F0BDF6
:105C200000F09EF8E6E700BFD4EC00201C0700203F
:105C3000F0B5044687B0807F00F00AFAA08308B967
:105C400007B0F0BD1B4B0C271B4906ADA27F0DEB27
:105C50000706186800230968DFF864E051F822108D
:105C600050F82200DEF8002045F8107D00960195DE
:105C700005F0F0F9114A0023A17F126822F81130D3
:105C8000421C13D09842DBDDBDF80E309DF8146045
:105C90005BBA9DF815509DF816109DF817202383C8
:105CA00026756575A175E27507B0F0BD184607B099
:105CB000F0BD00BF8CDF0020040020201400202055
:105CC00090DF0020224B1A6852F82030C3B152F8FE
:105CD0002000204910B584B0012403AA0DF10B0364
:105CE00003940092072205F0B3FA01301CD09DF80E
:105CF0000B30042B15D8DFE803F005080B0E11005C
:105D000018467047002004B010BD1C2004B010BD20
:105D1000132004B010BD172004B010BD142004B02F
:105D200010BD012004B010BD02F016FA04460A218D
:105D300009480BF093FF0BF0C5FF2146074809F017
:105D4000FBFA064809F0A0FA0BF0BCFFCFE700BF52
:105D50008CDF002017E50300A415002094530020D9
:105D600070B50E4D04462B681A5C034452B9860088
:105D70000B4D00242A681C70905905F0CBF82B6855
:105D80009C5170BD074A03B212689E0052F823006E
:105D900001F080FE2B682344EAE700BFACDF00205F
:105DA0008CDF0020A8DF00202DE9F047564F88B097
:105DB00097F80090B9F1000F00F08580DFF85C8162
:105DC0000E460546D8F800301C68F4B104330024B0
:105DD00002E053F8042BC2B10134E4B2A145F8D17A
:105DE0004FF0000A534601E0994517D918461C4662
:105DF000FFF768FF00F0FB000AF1010A18285FFABC
:105E00008AF3F1D12046FFF7ABFF404B0121022D71
:105E10001B680391029352D0212D03D0387808B02B
:105E2000BDE8F08700220846D8F800A00FFA84F9F0
:105E300005F018FB4AF829004FEA8909D8F8003024
:105E4000DFF8D88053F80930002BE7D00C2200216E
:105E500005A876BA05F02AFED8F800304FF0000EFB
:105E600005A953F8090001230C22ADF81660ADF81E
:105E70001430CDF81CE005F059FB0130D8F80030A3
:105E800023D0042653F80900062202AB20490096CD
:105E900005F056F9D8F8001002AB052251F80900B8
:105EA0001B49009605F04CF9212D13D0194B002207
:105EB00020461B6823F8142008B0BDE8F087084688
:105EC00000222946B0E74846A9E753F8090005F043
:105ED00021F8A3E7D8F8005003AB0F49102255F87A
:105EE00009500868062100960490284605F028F914
:105EF000D8F8001004AB032251F8090004490096B9
:105F000005F01EF9D2E700BFD4EC002090DF00209E
:105F100017E50300A4DF0020240400208CDF00200C
:105F20002DE9F047022086B089461146FFF73CFF75
:105F3000224B05461B7883423BD099F8054000264A
:105F400099F804200FFA80F8240499F8073099F89A
:105F500006C04FF0080E04EB0264194F31460DF1F4
:105F600018091C443A6804AB4FF0040A04EB0C24F3
:105F700052F828001922CDF800E024BA05960494BE
:105F800005F0DEF83868FF233146182250F8280063
:105F900049F80C3D4B46CDF800A005F0D1F83A6821
:105FA0004B46314652F828001722CDF800A005F0E4
:105FB000C7F8284606B0BDE8F08700BFD4EC002043
:105FC0008CDF00202DE9F0411E4E45001E4B376846
:105FD0001B6837F810E02F449E452FD080460EEB0B
:105FE00002001446834212DD69B1184B08461B6853
:105FF00053F82810714405F0D7FC376837F818E0DB
:106000002F440EEB040038802046BDE8F081CEEB33
:106010000304A4B261B10D4B084622461B6853F835
:106020002810714405F0C0FC33685F1933F818E09C
:1060300004EB0E0120463980BDE8F0814FF0FF34BB
:10604000E2E700BF1400202090DF002004002020A1
:1060500010B509490246094C022309682068084C1A
:1060600051F8221050F82200226805F05FF8431C16
:1060700014BF80B2002010BD040020208CDF00205F
:1060800090DF0020044A054B12681B6852F820205C
:1060900033F81030D05C704704002020140020201A
:1060A00070B51D460B440E4604B2B3F5006F144B99
:1060B00010DA1B6811462A4653F82400304405F0D4
:1060C00073FC104B28461A6832F814301D4422F82D
:1060D000145070BD1B68C1F50065114653F82400CB
:1060E0002A46304405F060FC064BA8B21A6832F824
:1060F00014309E1B06F5006622F8146070BD00BFC8
:106100000000202008002020F0B40C780CB94B7857
:1061100023B3002A2AD0174D03B2174C00270120C1
:10612000266854BA2A6826F8137052F823600F784C
:10613000124A37702E684F7856F8236077702E68B1
:106140008F7856F82360B7702E68CD7856F82310F4
:10615000CD70126822F81340F0BC70478B78002B8A
:10616000D7D1CB78002BD4D11846F5E71046F0BC38
:10617000704700BF10002020080020200C002020C5
:10618000F0B51B4A87B01B4C012312680C2624680B
:10619000ADF80C300B4654F820700DEB060532F8C4
:1061A0001020DFF85CC0ADF80E2079783C78090447
:1061B000FA7897F802E001EB04640F4F0F4914449A
:1061C0003F68DCF8002004EB0E2457F820700968C3
:1061D00024BA32F8102051F82010384605948DE882
:1061E000600004F0C5FE013018BF012007B0F0BD0B
:1061F0000C002020100020208CDF00200000202038
:106200000800202040BA80B2704700BF00BA704733
:10621000002070472DE9F041514D0446514BEA6E84
:10622000514E194642F440625048EA66C3F8E860AD
:10623000C3F8E400D1F8E0304A4A002BFADA4C4DBA
:106240004FF480334B490527C2F8E83043F2E906A2
:106250006A684FF4004C484B4FF4804E1140474859
:1062600003224FF0160841F4003169604BF2E90552
:10627000C3F87471C3F878713127416841F4404123
:106280004160C0F884C04FF0020CC0F888E00120E3
:10629000C3F87C634FF0000EC3F88463C3F88053E7
:1062A000C3F89863C3F88853C3F88C53C3F890536A
:1062B000C3F8947307F16047C3F89021C3F88C21A9
:1062C00007F6D377C3F8A481C3F8A8213D46C3F8E5
:1062D0009421C3F8A021C3F89821C3F89C2102F1AE
:1062E00086422749274E02F5DE12C3F8B8E102F5CF
:1062F000F452C3F8B4E1C1F830C048638863C8639E
:106300000864C86238683368A2FB0332920C5200FA
:106310002B681D491B1A9A42FAD8184812221B4BA7
:106320004FF48045C0F8845008465A64184A0968FA
:106330003368A2FB0332920C02EB820203685B1A01
:106340009A42FBD84FF420721821204602F070F8D0
:1063500020468122172102F06BF80020BDE8F08171
:1063600000C00F4000800D400F10010001202100EF
:1063700000C00A40FFDF7DFF00801F400040004258
:1063800000841F4058530020041000E000802D407E
:1063900083DE1B43014B187803F02CB904ED00E0B9
:1063A000102832D91A4B1B4A9B68F0B453F820408E
:1063B000944218BF43F82020A0F110025309042B87
:1063C00020D89E00144D012402F01F0235440F29ED
:1063D00004FA02F2104FD5F8806128BF0F210F4C4C
:1063E0001643C1F10F0104440020C5F88061090182
:1063F00057F82350C9B22A4347F8232084F80013E2
:10640000F0BC70470020F0BC70474FF0FF30704781
:1064100000ED00E0896B000000E100E0F0E000E04A
:10642000E0B103691B78012B18D1C3681A68AAB1BF
:10643000A1B113680020D3F8E43030B4CB701D0E46
:106440001C0C1B0A0D704C708B701368D3F8E8306D
:106450001A0E1B0C0A714B7130BC70474FF0FF30A5
:10646000704700BF70B103691B78012B0AD1C36864
:1064700000201B681B68D3F80422D3F8843281E81B
:106480000C0070474FF0FF30704700BFC3681A68B8
:1064900013685968890103D44FF0FF325A6070477E
:1064A0004FF00071D1605960704700BFF0B4C6680A
:1064B0004FF400078904154D30684FF4803301F420
:1064C000F80144686760A768A06820F40000A06035
:1064D000307AC00500F0786005432943216401E06B
:1064E000013B0BD061680902FAD54FF4000300208C
:1064F0006360A760236CF0BC138070474FF4000307
:106500004FF0FF306360A760F0BC7047000002608E
:10651000F0B4C7684FF400008904154D3C684FF48F
:10652000803301F4F80164686060A668A06820F414
:106530000000A060387AC00500F07860024315437F
:106540002943216401E0013B09D062681202FAD5B7
:106550004FF4000300206360A660F0BC70474FF466
:1065600000034FF0FF306360A660F0BC704700BFCF
:1065700000000250002835D0F8B503691B78012BC4
:106580002DD1C3681F6857B349B30C460546062290
:106590001649204605F09AFA08B306221449204607
:1065A00005F094FAD8B1237813F0010617D1617879
:1065B0001B06E278284643EA0143A578396813436D
:1065C00043EA0523C1F8E430637922791B0443EAE6
:1065D0000263C1F8E83001F06BFE3046F8BD4FF0C1
:1065E000FF30F8BD4FF0FF30704700BFEC0B0020CC
:1065F000E40B002038B5C36800224FF0FF35044695
:1066000019680B6888685A645A629A605D6003F082
:1066100057F82046BDE8384001F03EBEC3689A698D
:106620002DE9F04F074683B01E6822B1904710B1A4
:1066300003B0BDE8F08F326801235362536A13F050
:106640000104FBD1306B4FF0FF314FF00C09946027
:1066500000F13F0800F18E03ED30516028F03F0853
:1066600023F03F0320F03F002546C6F81480A246E1
:10667000C6F82480B3613362A8F80090A8F80240FD
:10668000FFF7C4FD336BD6F814B0C8F8040003F26A
:106690002A709BF808306FF07F088BF8089020F084
:1066A0003F009BF8093040F23D698BF809409BF8A8
:1066B0000A308BF80A409BF80B308BF80B40FFF741
:1066C000A5FD0223CBF80C003377306BB36909FBCF
:1066D000050003EBC50413F8352000F6675003F8F6
:1066E00035800135637820F03F0084F801A0A3785D
:1066F00084F802A0E37884F803A0FFF787FD042D57
:106700006060E2D171692B4675770A89D6F818E086
:1067100042F02002B0680A81BEF818402D4A44F0C9
:1067200020042D49AEF81840009702F089FF002898
:106730007FF47EAFB46940F2FE5E7169182233685F
:106740004FF047084FF4807CC3F82001C3F82401C0
:10675000C3F81801C3F81C01C3F888E14FF06E0EAE
:10676000C3F880410F24C3F884111C49C3F8841076
:106770004FF00071C3F8C450C3F8C0210222C3F81F
:10678000C481C3F844C1C3F8900138463C627468C0
:10679000C4F844E099605A6201F07EFE00287FF45C
:1067A00047AF33684FF000424FF08071C3F8E40008
:1067B000C3F8E8005A66C3F80402C3F884025A6EAC
:1067C00022F000425A66B062F062196103B0BDE87F
:1067D000F08F00BF71700000816C00000401FE05A5
:1067E000F8B5C3681C68236A1A8815062FD40546B5
:1067F0004FF080761A8811072AD4236A21681A88F4
:10680000083302F0200223F8082C33F8082C42F059
:10681000800223F8082C33F8082C920648BFA3699D
:1068200023620E611A881707E9D51A8802F0200240
:106830001A801A8842F080021A801A8890064CBF8B
:10684000A369083323620E611A881206D2D5F8BDF7
:106850001A8812F47C5F02D0236A2168E5E7586841
:10686000FFF7D4FC236A07465888FFF7CBFC39466C
:106870000246284601F07CFCEEE700BF38B5C3684D
:1068800005461C6802F04AFFE3689A0105D523F02B
:1068900000732846E360FFF7A3FFBDE8384002F02D
:1068A00045BF00BFF8B50D46002933D04B690D2B0D
:1068B00030D9C3681E68736A1C8804F08004A4B2CF
:1068C000002CF9D15868FFF7A1FC21460346074682
:1068D0004FF0FF32284603F0AFF8AB6999061ED59A
:1068E000686980B2746AFFF78DFC736A60801A88E9
:1068F00042F080021A80BFF35F8F1A8892063268D6
:106900004CBF7369083373625369002BFCD14FF09D
:10691000807353612846BDE8F84003F0E1B9BB89B4
:106920006869082B19D02728DBD94DF68652934287
:10693000D7D1397D28230029D3D003F10E020629AF
:106940003A441ED0112915D00129CAD104339842E6
:10695000C7D300239370D370C3E71328C1D9BB8A70
:1069600023F04003002BBCD1BB7BF97D9B0003F0DF
:106970003C03E0E708339842B3D300239371D3710B
:10698000AFE714339842ACD3002313745374A8E7D1
:10699000C2684FF0FF33F0B4CE181768053116F80F
:1069A000014F082006E01E4B01384FEA540483EAE9
:1069B00005030AD084EA03025D08D207F3D4013844
:1069C0004FEA53034FEA5404F4D18E42E7D19B0EB1
:1069D000012203F01F011F2B3B6802FA01F208D8C5
:1069E000D3F824110A420FD0BB6A1A43BA62F0BC32
:1069F0007047D3F820110A420DD1D3F820110A4371
:106A0000F0BCC3F820217047D3F824110A43F0BC2E
:106A1000C3F824217047FB6A1A43FA62F0BC70473E
:106A20002083B8EDC2684FF0FF33F0B4CE1817687A
:106A3000053116F8014F082006E0184B01384FEADF
:106A4000540483EA05030AD084EA03025D08D207EE
:106A5000F3D401384FEA53034FEA5404F4D18E4281
:106A6000E7D19B0E0122386803F01F011F2B02FAA9
:106A700001F209D9F96AD0F8203161EA0202134023
:106A8000F0BCC0F820317047B96AD0F8243161EA0F
:106A900002021340F0BCC0F8243170472083B8EDE7
:106AA000F8B50F4C01270F4804F1900604F048FF99
:106AB00002E00C34B4420ED02368002BF9D02579C3
:106AC000002DF6D127710C3454F8040C984704F8C3
:106AD000085CB442F0D10348BDE8F84004F03CBF84
:106AE0004CE70020E0E70020F8B5C8B106460F46A5
:106AF00004F03EFF00220B4D1346AC580C320949FE
:106B00003CB101330C2BF8D1002404F03FFF2046A8
:106B1000F8BD03EB43039B00CC18CE50A760F4E70D
:106B20000446F4E74CE7002048B110B5044604F0F1
:106B30001FFF00232360BDE8104004F027BF70470B
:106B400008B50448902104F0B9FF0348BDE80840A7
:106B500004F0E8BE4CE70020E0E70020014804F024
:106B6000EFBE00BFE0E70020014804F0F5BE00BF23
:106B7000E0E7002038B5DC1C8C420BD81C460546EB
:106B800002701A4602346B700499023004F00CFF54
:106B9000281938BD002038BD70B590E84400531C5A
:106BA0009E4203D89AE0B24200F0D880147813468F
:106BB0000132002CF7D0FF2C00F0D0805A7802323E
:106BC0001A44B24200F2CA8002601C785D78013C2F
:106BD0003A2CE4D80FF2040E5EF824F0437500005E
:106BE00093730000357500009373000093730000E9
:106BF00027750000937300009373000093730000E7
:106C0000937300009373000093730000937300006C
:106C1000937300009373000093730000937300005C
:106C2000937300009373000093730000937300004C
:106C3000937300009373000093730000937300003C
:106C4000937300009373000093730000937300002C
:106C5000937300009373000093730000937300001C
:106C6000937300009373000093730000937300000C
:106C700093730000937300009373000093730000FC
:106C800093730000937300009373000093730000EC
:106C900093730000937300009373000093730000DC
:106CA000937300001975000001750000EF74000077
:106CB000E17400009373000093730000937300006D
:106CC000D3740000BD740000042D7FF468AFD3F8C6
:106CD00002308B61531C9E423FF668AF70BD042D9D
:106CE0007FF45DAFD3F802304B6158E7042D7FF499
:106CF00056AFD3F80230CB6051E7012D7FF44FAF90
:106D00009B7881F8203090E8440048E7012D7FF41B
:106D100046AF9B78032B3FF642AF81F8213090E8D5
:106D200044003CE7042D7FF43AAFD3F80230CB6146
:106D300035E7032D7FF633AFD3F802300B612EE732
:106D4000032D7FF62CAFD3F802308B6027E7042D9C
:106D50007FF425AFD3F802304B6020E770BD00BF51
:106D60002DE9F0410C2586B000F13406044606AB4F
:106D70000DEB050200680F4643F8105D31460193A4
:106D8000002300924FF40A7204F064F9054607F0FC
:106D90001FF8A3696269C01A904250D2EF2D03DD3B
:106DA00094F83430022B04D00025284606B0BDE804
:106DB000F081D4F83880A06AFFF728FA8045F3D133
:106DC00094F83620062AEFD104F1200104F1500096
:106DD00004F07CFE0028E7D104221A4904F59070E3
:106DE00004F074FE0028DFD12421384604F066FE4A
:106DF0006B1E616C04F592721E4404F12C0839601C
:106E0000394626634046E262FFF7C6FE97F8213016
:106E1000002BCAD09A07394640464CBF04F16003A4
:106E200004F1A003E36297F82130DB074CBF04F2C2
:106E30001F1304F19F032363FFF7AEFEB5E74FF086
:106E4000FF35B2E7E00B00202DE9F04F00F13407E9
:106E5000044689B04FF40A7100F12008384604F066
:106E60002DFE06250123A06A84F8365084F83430BC
:106E700084F83530FFF7CAF980232A46A063E387F8
:106E8000414604F1500004F5927504F08DFD04F5BF
:106E900090700422704904F087FD2379092B00F2D9
:106EA0008A80DFE803F08B88969EB888C3CE880579
:106EB00004F5187204F5177628460423711B009216
:106EC0003222FFF757FE0546002874D003234FF007
:106ED000FF398DF809300DF10900711B01233522AE
:106EE00000902846FFF746FE0546002863D09DF82F
:106EF000093003F0FD03012B1CD106F069FFD4F823
:106F00006432A0615BB104F51970711B0423332254
:106F100000902846FFF72EFE054600284BD04F482C
:106F2000711B0623372200902846FFF723FE0546F3
:106F3000002840D04FF40A70FFF764F90DF1200EDD
:106F4000711B02232EF8160D39222846CDF800E0D9
:106F5000FFF710FE054670B30DF1200B4FF0010A4C
:106F6000414606220DF10D000BF814AD04F01CFD96
:106F7000711B2846CDF800B007233D22FFF7FAFD2C
:106F80000546C0B1FF2305AE0C210370304604F066
:106F900095FD0C23EA1B20684FF48644019300966C
:106FA000524439460023ADF814A0CDF81C90ADF83A
:106FB000164003F0DDFF09B0BDE8F08FD4F86C2275
:106FC0000723D4F8789204F5177622648DF80930F7
:106FD00081E7012304F517764FF0FF398DF809306A
:106FE00079E704F5247204F5177628460423009205
:106FF000711B3222FFF7BEFD0028DCD004F5277597
:10700000311A042336220095FFF7B4FD0546002807
:107010007FF45CAFCFE7D4F86C22042304F5177635
:107020004FF0FF3922648DF8093054E7D4F86C2210
:107030000323D4F8789204F5177622648DF809308A
:1070400049E70322D4F86C3204F517764FF0FF3984
:107050008DF8092023643EE7E00B00203C6000200F
:1070600010B504460171092906D8DFE801F013289C
:10707000383D4A576778280610BDFFF7E5FE012026
:10708000A1694FF4FA524FF47A6320732161A26030
:10709000636110BDD0F86C32002B66D1D4F8B40215
:1070A00003F026F9022863D000232068637103F0FF
:1070B00031FFD4F8B802BDE81040FFF735BDD0F875
:1070C000B40203F015F9012805D00022D4F8B40267
:1070D000114603F0B5F8A36A0133A36210BDFFF7B0
:1070E000B3FEE369636110BDFFF7AEFE0120A16945
:1070F0004FF47A624FF47A53207321616261A36086
:1071000010BDD0F86C12D0F8B40200F01FFF06F0EA
:107110005FFE4FF47A73A061A36010BD83690622FD
:10712000D0F880022361431C227316D0FFF76EF85B
:107130004FF47A7303FB00F0A06010BDFFF784FEEC
:107140000723D4F884022373FFF760F84FF47A73AF
:107150004EF6602203FB00F06261A06010BDFFF7F5
:1071600073FE0123D4F88802EDE7FFF76DFE95E783
:107170000022D4F8B402114603F062F894E700BF8D
:1071800010B50446D0F87022D0F86C12D0F8B402D2
:1071900003F056F8D4F87412D4F8B40203F060F88F
:1071A000D4F87C12D4F8B40203F066F8D4F8B40230
:1071B000022103F0A9F820460521FFF751FFD4F87A
:1071C000BC323BB1D4F8C8222046D4F8B412BDE892
:1071D0001040184710BD00BF10B50446FFF7BEFCB5
:1071E00000212046FFF73CFFBDE81040FFF7BCBC84
:1071F0000279531EF0B504468DB0082B3ED8DFE867
:1072000003F04E56056F8805053F0500063A012A32
:1072100040F2B28006F0DCFD2369A268C01A9042F9
:1072200080F09E80204603A9FFF79AFD421C00F0E3
:10723000AA80002822DD9DF82C30052B40F0958097
:10724000039BDBB1069BCBB10A9DBDB1A369236152
:107250006B1C40F09C800895099503AD04F51B76E6
:1072600094F868720FCD0FC60FCD2D680FC635602C
:10727000002F5AD020460421FFF7F2FE0DB0F0BDDA
:107280000921FFF7EDFED4F8C032002BF6D0D4F878
:10729000C4222046D4F8B41298470DB0F0BD0221A4
:1072A000FFF7DEFED4F8C032002BF0D1E6E703A9E9
:1072B000FFF756FD411C5AD00028DFDD9DF82C3029
:1072C000022BDBD103AD04F524760FCD0FC60FCD15
:1072D0002D680FC6204635600321FFF7C1FECDE7BC
:1072E00006F076FDA369A268C01A90421DD2002262
:1072F000D4F86C12D4F8B40200F0C2FC01280546A0
:10730000BCD12046FFF7A0FD29462046FFF7A8FE86
:10731000B4E7D0F8B40202F0EBFF50B96379012B67
:10732000ACD12046FFF758FFA8E72046FFF728FF1B
:10733000A4E70C230CAA20680DEB030142F8283DBA
:1073400000238DE806004FF40A7204F1340103F0C3
:1073500081FE06F03DFD2369A268C01A90428DD9D6
:10736000217B2046FFF77CFE88E7062B86D120464E
:107370000121FFF775FE81E7D0F8B40202F0B8FFF3
:107380000028CBD046E72046FFF75EFD76E728468B
:10739000FEF73CFFB3281FD84FF034430A93089BF5
:1073A000C3B1099B0A9813B185423FF456AFFEF76B
:1073B0002DFF4008FEF72AFF08900A98FEF726FFE7
:1073C00005460A98FEF722FFA5EBD000FEF71EFF48
:1073D000099042E70A98EAE70A98FEF717FF034B7D
:1073E0009842DCD9024B0A93D9E700BF9BC4200026
:1073F0000020C49B2DE9F043054685B0FFF7AEFBA6
:10740000002D5AD02E68002E57D0304603F0B8F821
:107410008146002851D02C4C6779002F4DD10C218A
:107420004FF0010801A804F049FB4FF488433A46A5
:10743000404602210397CDF80890ADF80480ADF8DE
:10744000063004F00FF82060002836D001A90C2285
:1074500004F06CF870BB062204F12001304602F003
:1074600079FF38BB21461948FFF73EFBC4F8B80244
:1074700000B34FF47A63C4F8B462E3616B68C4F894
:107480006032A868FEF7C2FED4F860222B7B002A87
:10749000C4F86402204684F868320CBF0121082138
:1074A000FFF7DEFD84F80580FFF75EFB204605B0A0
:1074B000BDE8F083206803F02DFDFFF755FB0020A9
:1074C00005B0BDE8F08300BF54E40020E57900007A
:1074D00010B14379012B00D07047FFF77DBE00BF8C
:1074E00000B14079704700BF38B590B10546FFF74D
:1074F00035FB094B5A79012A04D00024FFF734FBED
:10750000204638BDD3F8B40285420CBF1C46002487
:10751000F4E70446F4E700BF54E4002089B180B1E9
:1075200038B505460C46FFF719FB05F51B750FCD61
:107530000FC495E80F0084E80F00BDE83840FFF75E
:1075400013BB704718B119B94FF47A63C361704720
:10755000C16170472DE9F843804608460D4604F0A6
:10756000CFFA0646404604F0CBFA2EB1731C98427F
:1075700005D00020BDE8F8830120BDE8F883013D77
:10758000002715F8013F7C1C2E2B20460AD018F846
:10759000040004F0E3FA8146287804F0DFFA81451C
:1075A000204608D1A6422746EBD8301AB0FA80F020
:1075B0004009BDE8F8833846F7E700BF2DE9F04FF2
:1075C0004FF4007389B004460393FFF7C7FACCB1B8
:1075D0006369BBB14FF48071E06804F09DFA013833
:1075E000FE280FD80C22214605A804F0DDF905A8D5
:1075F00004F0EEF8012800F09F80DFF8A89199F8D8
:1076000008302BB1FFF7B0FA002009B0BDE8F08FC9
:107610004FF41C71484604F051FA6269A369C9F835
:107620000C20C9F81030228AE368A9F82C20C9F888
:10763000183004F0C7FAA9F82800238A012B76D065
:10764000022BDFD14FF4E053A9F82A3000220221A7
:10765000BDF8140003F006FF524EC9F800000028E0
:10766000D0D004250622504903AB009503F068FDF5
:10767000306803AB009505224B4903F061FDBDF86E
:1076800016301BB94FF45453ADF8163005A90C222F
:10769000D9F8000003F07EFB0130424E72D0358DE8
:1076A00001224FF48073E1680DF12008002406F1F7
:1076B0003B003286F58506F13A0B738648F8104D8B
:1076C000B6F82AA004F03CFA4246384906F13B00DD
:1076D00004F04CFA06E000208CF83A300EF1010478
:1076E00004F044FA601C2F4D584405F13A0704F0A9
:1076F00007FA06EB040C0346424604EB000E2B4946
:107700000028E8D12744012611342946A7F801A012
:10771000FB703E7126486C62FFF7E6F9686088B33B
:107720002E72FFF721FA284609B0BDE8F08F4FF41A
:107730008073A9F82A3089E7069802F02BFF0546E6
:1077400028B3002603E002F0A7FC054620B3BDF8ED
:1077500014302846771C0BB1DB0703D502F0BEFDC1
:107760000790D8B9069B30463E46002BEBD005A8C3
:1077700004F02EF800287FF445AF284602F000FF01
:1077800006903AE7D9F8000003F0C4FB3AE702F0AC
:107790007FFD05460028D4D10025E8E70123ADF898
:1077A0001430E4E7B8E1002017E50300FC4D0020A9
:1077B000418000002DE9F04F4FF0000A83B01746DA
:1077C000814688461646554601933C7804F0C00031
:1077D000C0281ED0A8BBB9F1000F30D0B8F1000FFF
:1077E0002DD0A0452ED9621CC4EB08084846394666
:1077F000934608F1FF3804F0D7F8D9445A461744A5
:10780000BE4238BF3E46002CDFD1304603B0BDE853
:10781000F08F05B9023624027D780C9B04F47C5469
:1078200025449D420DD20AF1010A019BBAF1040FD1
:1078300003EB0507C9D95C5D04F0C000CAE7621C10
:10784000DDE7002003B0BDE8F08F00BF037A022B14
:107850002DE9F0430446ADF5037D30D0032B16D05F
:10786000012B03D00DF5037DBDE8F0830023426AB0
:1078700000F12E01006803F0E3FB636A984200F018
:10788000A480032323720DF5037DBDE8F083FFF789
:1078900065F9206803F03EFB6068FFF745F90023B7
:1078A0002372FFF761F9216A00297AD10846E56859
:1078B0002369A269A8470DF5037DBDE8F08300F1B7
:1078C0002E0600234FF400720068314603F02EFCB0
:1078D0000C28054668D9E28D238D9A42C2D1B4F9AD
:1078E0003030002BBEDA608EFEF78CFC0128B9D157
:1078F0000095334604F13A0202A8FF21FFF75AFF30
:1079000007460028AED0A16902A8FFF723FE012890
:10791000A8D104374FF0000806EB050909E0B3F5DC
:10792000A06F58D0388908F10108FEF76BFC0A30C7
:107930000744A08EFEF766FC80455CD24F455AD2C4
:107940003A4600953346FF2102A8FFF733FF07466A
:10795000002850D0A16902A8FFF7FCFD0128E1D161
:107960003B88628D9A42DAD17B88B3F5807FD9D18A
:10797000B2F5807F236A43D103F12302D7F80A10BE
:107980001201A0522244916004EB03120133796882
:10799000032BC2F83C122362C4D9002B7FF471AFD1
:1079A00060E704F50C7082E706F012FA6369C01A0A
:1079B000B0F57A7F7FF656AFE3690133052BE361BB
:1079C0003FF65FAF012323724CE706F001FA022372
:1079D0006061237246E77B88B3F5807FA2D133468E
:1079E000009507F10A02FF2142A8FFF7E3FE0DF21E
:1079F0000913A36196E7236A002B7FF442AF31E7B6
:107A000023330220102207F10A011B01E052E01883
:107A1000083003F0C9FF236AB6E700BF10B504467B
:107A2000006802F073FD237B834207D02073014678
:107A3000236962692068BDE81040184710BD00BF87
:107A4000F8B50546FFF78AF835B12B6823B16B68A6
:107A500013B10E4C26790EB10020F8BD1821204636
:107A600004F02CF82F686A682146AB680848276044
:107A700022616361FFF738F8A0600028ECD0012391
:107A800026732371FFF770F82046F8BD28E7002021
:107A90001182000068B110B50446FFF75FF8204678
:107AA00012F0D4FC204612F0D9FCBDE81040FFF7DC
:107AB0005BB8704702F05CBD70B50F4E00F1F00589
:107AC000044602E01834AC4214D0A368002BF9D06D
:107AD00006F07EF9E368C01AB042F3D9236918466C
:107AE0000BB102F0FDF820461834182103F0E6FF30
:107AF000AC42EAD170BD00BF804F12002DE9F047C3
:107B00000023164604460F46804602469168183206
:107B1000B9424AD001330A2BF8D1234600259A688E
:107B2000183312B301350A2DF9D10025A946AA460A
:107B300006E00AF1010A08F11808BAF10A0F14D098
:107B400006F046F9D8F80C30C01A4845F1D9554628
:107B50000AF1010A06F03CF9D8F80C30BAF10A0F24
:107B600008F11808C3EB0009EAD14FEA450909EB0F
:107B7000050804EBC808D8F8100030B102F0B0F8DE
:107B80000023C8F81030C8F814304D44314606229E
:107B900004EBC5052846AF6003F006FF06F018F9B0
:107BA0002B46E8601846BDE8F08703EB43033146F7
:107BB000062204EBC304204603F0F6FE06F008F9A3
:107BC0002346E0601846BDE8F08700BF08B301B364
:107BD000F8B507460E4601F1F0050C46B96520469A
:107BE0001834182103F06AFFAC42F8D132460C4930
:107BF0000C4806F025F9C6F8F00068B139460A4885
:107C000001F040FDB0FA80F3C6F8F4005B09584279
:107C1000F8BD4FF0FF3070474FF0FF30F8BD00BFA8
:107C2000AD820000E0930400A982000010B5846DCD
:107C300034B1D4F8F00006F023F90023C4F8F03092
:107C400010BD00BF806D0023024610B59468183245
:107C50008C4205D001330A2BF8D10024204610BDF8
:107C600003EB43030622054900EBC304204603F05F
:107C70002DFF0028F1D0204610BD00BFEC0B0020E6
:107C800070B5D0B1846D94B104460E46154601F02E
:107C900045FD31462046FFF7D5FF60B14DB10146A5
:107CA00006222846012403F07FFE01F03FFD204616
:107CB00070BD0124F9E70446F7E70446204670BD8D
:107CC0002DE9F04385B00B46019149691B2904D980
:107CD000DC682288B2F5807F05D0184602F000F8F3
:107CE00005B0BDE8F0832279062AF6D16288082A19
:107CF000F3D16279042AF0D11C290546D0F85890B6
:107D000008D10622284602A902F00CFB064638B12B
:107D1000019BE2E7C1F11C0101A802F075F8F0E750
:107D200004F10807062202A9384603F0CFFE002816
:107D3000EED006223449384603F0C8FE0028E7D0CA
:107D4000D4F80E10EB6AD4F8188099424DD09845BB
:107D500015D03346AA6D4FF0180E01E00A2BD7D08C
:107D60000EFB03260133B0688142F7D10622394663
:107D7000304603F019FE06F02BF8F06005E03A46B5
:107D8000A86DFFF7BBFE064650B1336943B13246DA
:107D90004FF40061284600F033FA00233361736129
:107DA000E388B3F5807FB3D1EB6A9845B0D1022365
:107DB00004F1120600210622E3713046A171394612
:107DC00003F0F2FD02A93846062203F0EDFDD4F8D7
:107DD0000E10EB6A3246A1612846C4F80E3040F618
:107DE0000601019B00F00CFA7AE721B9AB6DD3F8DC
:107DF000F8309845D4D10123D9F8F40085F85430EF
:107E000001F0BEFCCCE700BFE40B0020002849D005
:107E10002DE9F043D0F8588083B0B8F1000F22D09C
:107E20000546894601F07AFC01211C2001F0A8FDDD
:107E30000646B0B1C4680023082104224FF0010EA9
:107E40000627A1702846627169463A462370E3709E
:107E5000A37184F801E084F807E0277102F062FA68
:107E600020B101F063FC03B0BDE8F0833A460E494F
:107E700004F1120003F098FD3A46694604F1080047
:107E800003F092FDEB6AC4F81890C4F80E300BB9F9
:107E9000C8F8F89033462846044A40F6060100F038
:107EA000AFF9DEE7704700BFEC0B0020E40B0020C9
:107EB0002DE9F047D0F8588007460D46914600243A
:107EC00001F02CFC43469A681833AA4219D00134B9
:107ED0000A2CF8D11C4A2946B86DFFF70FFE06465A
:107EE000006908B101F0FCFEC6F8109005F070FFC3
:107EF000294670613846FFF789FFBDE8F04701F079
:107F000015BC04EB440608EBC606336906F1100AFB
:107F10009BB105F05DFF7369C01AB0F57A7FDAF89E
:107F2000000008D848B101F0DBFEC6F81090BDE8AB
:107F3000F04701F0FBBB0028D4D1182303FB0484D5
:107F4000C4F81090D2E700BFEC0B002038B504460F
:107F50000D4603F00DFD29462046FFF757FFBDE80B
:107F6000384003F013BD00BF70B5846D002501F0EB
:107F7000D5FB04F1F006236918461BB101F0B0FEF1
:107F8000256165611834B442F5D1BDE8704001F057
:107F9000CDBB00BFB1F1200C2DE9F04F3ED402F172
:107FA0002003E64633F8204CBEF1200E33F81E1CA9
:107FB00003F1200333F83C5C214433F83A4C33F8A6
:107FC000387C294433F8366C33F8345C214433F878
:107FD000324C33F830BC394433F82EAC33F82C9C97
:107FE000314433F82A8C33F8287C294433F8266C42
:107FF00033F8245C214433F8224C59445144494419
:10800000414439443144294421440844CAD54FEA03
:108010005C114B1CACEB411102EB4312B1F10807B0
:1080200018D402F108033E4633F8084C083E33F8F2
:10803000061C03F1080333F80C5C214433F80A4CA6
:10804000294421440844EFD5F9084B1CA7EBC10192
:1080500002EBC3028D1E0CD42B46114631F8024BA5
:10806000023B2044FAD569084B1CA5EB410102EB09
:10807000430209B113781844BDE8F08FF0B50569E3
:1080800083B007460C468D424FF00006C26828BFF9
:108090000D462946304624B1641BFFF77BFF064698
:1080A00014B9304603B0F0BD3F6815F00105FA6819
:1080B0002B4605D139692546A14298BFCD18E8E77E
:1080C00012F8010B013C00920192FEF79BF84FF071
:1080D000FF330644009AEDE708B5FFF7CFFF4FF6F0
:1080E000FF7303441A0C03D012FA83F31A0CFBD16A
:1080F000D84380B208BD00BF70B515460E46114684
:10810000FFF7BCFF04462846FEF77CF84FF6FF73E6
:1081100033441C442044030C03D013FA80F0030CB6
:10812000FBD180B270BD00BF38B51C4615460A466B
:108130001946FFF72FFF2A462146FFF72BFF4FF680
:10814000FF7303441A0C03D012FA83F31A0CFBD109
:10815000D84380B238BD00BF014B93F9000070478F
:10816000D1EC0020014B1870704700BFD1EC00200B
:10817000002818BF0E2A0CD959B170B582B00D462F
:10818000144606226946064602F0CCF810B102B049
:1081900070BD704706226946A81803F097FC0028B6
:1081A000F5D0A4F10E01012205F10E0001F034FC1E
:1081B0000028ECD02B78FF2B0ED0012B03D1836944
:1081C00043F004038361AB89B3F5C16F0DD0082B75
:1081D00010D001F085FDDAE76B78FF2BF3D18369CE
:1081E00043F0020383612B78E7E7034B01463046F7
:1081F0009847CCE7014BF9E7B5840000C193000034
:108200002DE9F04705460F4690461C4643B15A6992
:1082100083689A4204D92046BDE8F04701F060BD6A
:1082200001210E20D5F80CA001F0AAFB064600287B
:10823000F1D0D0F80C900622284609EB020102F09A
:1082400071F80028E7D141460622484603F0ACFB0E
:108250003846FDF7D7FFA9F80C0024B13046214677
:1082600001F086FE0646DAF80C3031462846BDE8B5
:10827000F0471847C16851B1203108B5FFF7A6FC97
:1082800020B9044A13680133136008BD08BD4FF0DC
:10829000FF30704720E7002008B5FFF7C7FC024A0F
:1082A0001368013B136008BD20E70020FFF75CBEA8
:1082B000C16A10B582B039B906226946044602F097
:1082C00031F828B102B010BDFFF7A0FD02B010BD1B
:1082D00003466A4620464FF6FF71FFF791FF02B052
:1082E00010BD00BFF0B50C4683B0054601462046E0
:1082F000174600F0EBFC98B904F0F002E02A1DD01C
:10830000214628466A466E46FFF7BAFC78B13B46DE
:10831000324628464FF40061FFF772FF03B0F0BD0C
:108320000622154968466E4603F03EFBEFE73A46E3
:1083300021462846FFF7BCFD03B0F0BD03460121EE
:108340005E2220468DF800106E468DF802208DF8D2
:108350000130FDF75BFFC0F3064320468DF8033084
:10836000FDF754FF030A20468DF80430FDF74EFF59
:108370008DF80500CBE700BFE40B0020C368F0B523
:108380005A6985B00191CAB19DF805304FF0010ED0
:1083900000275E2603F07F039DF806509DF80740F6
:1083A00002A98DF80B308DF808E08DF809708DF872
:1083B0000A608DF80C508DF80D40904705B0F0BD67
:1083C000C368F0B51A6985B00191CAB19DF805304E
:1083D0004FF0010E00275E2603F07F039DF8065044
:1083E0009DF8074002A98DF80B308DF808E08DF854
:1083F00009708DF80A608DF80C508DF80D4090478B
:1084000005B0F0BD80B1036910B41C78012C06D111
:108410005B6B23B11B6813B15DF8044B18474FF039
:10842000FF305DF8044B70474FF0FF30704700BFDE
:1084300080B1036910B41C78012C06D15B6B23B1A9
:108440005B6813B15DF8044B18474FF0FF305DF8DF
:10845000044B70474FF0FF30704700BF10B5044623
:1084600082B018B103691978012903D094F8240067
:1084700002B010BD5B6B002BF8D01B68002BF5D051
:108480000DF1060298470028F0D1BDF80600C0F3B0
:10849000800002B010BD00BFF0B583B000234FF4E0
:1084A0000042054602AE194642F21074C76826F82B
:1084B000023DFFF7BDFF01E0013C40D03246002104
:1084C0002846FFF79FFFBDF90630002BF4DBFB6960
:1084D00023B12846984708B103B0F0BD32460021C9
:1084E0002846FFF78FFFBDF806200021284622F41A
:1084F000B0521204120C42F49052FFF799FF05F0AB
:1085000067FC04462B691978012902D0002003B0CA
:10851000F0BD5B6B32462846002BF7D01B68002B62
:10852000F4D098470130F1D0BDF806309B06EDD469
:1085300005F04EFC001BB0F5FA6FE3D3E6E7FB69EC
:10854000ABB1284698470028C6D132462146284676
:10855000FFF758FFBDF806202146284622F4B05206
:108560001204120C42F49052FFF762FFCEE732463B
:1085700021462846FFF746FFBDF80620284621463B
:1085800022F4B0521204120C42F49052FFF750FF42
:108590002046A1E72DE9F0431C46002387B088461A
:1085A000E56891460646AB70EB7010B1036A9B0715
:1085B00015D461692046FFF78FFD688000254027AC
:1085C0004A46414601230294304605950495039599
:1085D0008DE8A00000F02AFE07B0BDE8F0836169D5
:1085E00000F0CEFA0028E4D1A36943F02003A36190
:1085F000E4E700BF2DE9F0410E46516988B013460B
:108600002329019227D92429074601AC29D12046E4
:1086100001F088FB0130019B1DD0D3F80C800021B4
:10862000012098F8112002F02DF8054690B18369D9
:1086300083B105AB02AA08F10801384600F0A8FA98
:1086400020461C2101F0E0FB05AA02A9AC693046D6
:10865000019BA047019B184601F042FB08B0BDE812
:10866000F081C1F12401204601F0CEFB019B2046A0
:10867000596901F057FB0130019BCED1EBE700BFF8
:10868000F0B583B004460E4615460898019301F0F4
:1086900027FB01989CB190B104210DEB010001F082
:1086A00041FB013001980AD08369AF689B06B66828
:1086B000C56808D44169FFF70FFD20B1019801F0AA
:1086C0000FFB03B0F0BD2146304600F0FFFA002852
:1086D000F4D106F0F003E02BF0D02B78033B092B0C
:1086E000ECD801A252F823F0618F0000598F0000EE
:1086F000B18E0000B18E0000B18E00002D8F000001
:10870000B18E0000B18E0000178F0000058F0000B1
:108710006B78012BD2D82046019A0921FFF76AFF16
:10872000CFE76B78002B39D0012BC7D10821204629
:10873000019AFFF75FFFC4E701984369072BBED991
:108740002146384600F0C2FA0028B7D107F0F003FE
:10875000E02BB3D02870324639462046019BFFF704
:1087600019FFAEE769780029A8D1E0E76B780C2BF8
:10877000A4D8DFE803F00907110F0D0B090707095B
:10878000070907000221D2E70621D0E70521CEE73D
:108790000121CCE70421CAE70321C8E70721C6E786
:1087A0002DE9F04F83B00193BBB1DC681746E28836
:1087B00022F0E00272B9627A05460E46012A63D0C1
:1087C000D4F80C802946D4F81090404600F07EFA88
:1087D00030B1019B184601F083FA03B0BDE8F08F79
:1087E00008F0E003E02BF4D02946484600F06EFA8A
:1087F0000028EED109F0F003E02BEAD0019B9A6942
:1088000012F0060AE6D15146082001F0B9F80246F6
:108810000028DED0D0F80CB00C2E8BF804A08BF81A
:1088200005A08BF806A08BF807A039D1042F37D10B
:10883000002D37D000902889FDF7E4FCABF8040048
:10884000009A8BF800608BF80170237801999B00E7
:10885000486903F03C0303F10804844208D2C0F1E4
:10886000080101A80092194401F0CEFA0199009A7A
:10887000104601F07DFB0446034642464946284621
:108880000194FFF787FEA8E72278920002F03C02ED
:10889000A15C12299ED8084ACA40D2079AD58FE710
:1088A0000C2ECED138460092FDF7ACFCABF804009C
:1088B0000027009AC5E700BF01E707002DE9F04156
:1088C00082B000238C460A270DF1080E1E461A4678
:1088D00098460EF8043D714610F8014BACB1A4F176
:1088E0003003DDB2092D1BD80C7817FB043304B913
:1088F0003ABBFF2B25D80B7012B90136042E20D8B5
:1089000010F8014B0122002CE9D1032E19D9604641
:108910007146042203F048F8204602B0BDE8F08119
:10892000A6F104032E2C14BF002402F00104B3FAB4
:1089300083F35B09A34204D281F801800022013154
:10894000CAE74FF0FF3002B0BDE8F081FFF7B6BFD5
:10895000F8B5044615460E4600F0E0FE6A69636805
:108960001344B3F5804F14D80021042001F008F817
:1089700078B1676829466B69C6603B44636001F063
:10898000F7FA0146204601F00FFB00F0CFFE002071
:10899000F8BD00F0CBFE4FF0FF30F8BD70B50568B4
:1089A000A5B1EB6804462E680B6000F0B7FE1EB15F
:1089B000636872699B1A63600023204629462B6016
:1089C00001F0FEFA00F0B2FE304670BD2E46FBE725
:1089D00070B5049C16461A460546231C18BF012391
:1089E000002918BF002353B14AB143699B88DB07B4
:1089F00005D52346314600F091FD10B970BD6FF0EA
:108A0000050085F88400FFF7ADFB4FF0FF3070BD27
:108A100070B5049C05467BB174B116461A462368AE
:108A200053B149B943699B88DB0705D523463146D5
:108A300000F040FD10B970BD6FF0050085F88400AE
:108A4000FFF790FB4FF0FF3070BD00BF38B54369B2
:108A50000446BBB100250BE0D968D160D9680A6132
:108A600062699A4208BF616101F03AF963694BB1EA
:108A70001A6998689A42EFD1656101F031F963692A
:108A8000002BF5D163685BB122681A60226802B1DD
:108A90005360204601F0BEFABDE8384000F046BE03
:108AA000226801490A60F2E758E8002038B500F072
:108AB00035FE0B4B1C686CB1237A013BDBB2237291
:108AC00063B9256800F02AFE20462C46FFF7BEFF5A
:108AD000002CF1D1BDE8384000F028BE2468EAE758
:108AE00058E8002010B500240E4B0F494FF4FA70DF
:108AF00022461C6005F0A4F90C4B186070B1782177
:108B00000B4802F0DBFF21460A4800F0BBFDB0FA3B
:108B100080F3094A5B091060584210BD4FF0FF30E6
:108B200010BD00BF58E80020A192000064E80020BA
:108B300060ED00202995000054E8002038B5044677
:108B400001F0B2FB0D4B1D6865B12B46DA6B1AB113
:108B5000D96A6140114206D05B69002BF6D138B169
:108B6000836C2BB10346184638BD6D69002DF9D0D2
:108B7000AB6C002BF9D02B46F5E700BFD8ED0020F9
:108B800080681431814294BF00200120704700BFEB
:108B90002DE9F04180460E4610460C211C46154634
:108BA000012702F08BFFD8F81C3020462F800C21C3
:108BB0006B60F368AB6002F081FFD8F81C3027804F
:108BC00063603369A360BDE8F08100BF70B169B133
:108BD00010B50C46014608482246FFF7B9FE30B9E9
:108BE000064BBDE81040186800F0CABD704720462B
:108BF000BDE8104001F074B85CE8002054E80020A3
:108C000038B50E4D00F08AFD2C683CB100F086FDB1
:108C10002046FFF71BFF2C68002CF7D1084C216879
:108C200029B1074801F0CCF921680029F9D10023C6
:108C30006360BDE8384000F079BD00BF58E800200F
:108C40005CE8002010B5044CFFF7DAFF206805F05F
:108C500017F90023236010BD64E8002070B5154E9D
:108C6000002533462A4606E01C68844213D00132B0
:108C70000C330A2A07D09C68002CF5D101321D461E
:108C80000C330A2AF7D125B1AB680133012BAB6055
:108C900009D0284670BD5C688C42E8D102EB4202E4
:108CA00006EB8205F0E785E8030001F0F9FB2846B2
:108CB00070BD00BF60ED002018B18368013B836088
:108CC00003B1704703C801F0F1BB00BF431E03337B
:108CD00010D86FF4AB7398420CD069B10B6C98420A
:108CE00008D04B6C984205D08B6B181AB0FA80F004
:108CF000400970470120704710B582B0044602F069
:108D000037FE0B4B186840B90BE0436C9C4207D010
:108D1000836B9C4204D0406918B1036C9C42F4D12F
:108D20000120019002F032FE019802B010BD00BF98
:108D3000D8ED00202DE9F0470026AE4F8CB000F0B2
:108D4000EDFC03A9AC48FFF729FE049008B3466088
:108D5000142104A800F0E6FF013016D0049BDC6863
:108D60006088D4F81090FDF74DFA054604984369E1
:108D7000132B07D99D4205D894F800804FEA1812AA
:108D8000042A0BD000F0ACFFDBE7049800F0A8FF4A
:108D9000D7E700F0CBFC0CB0BDE8F0874FEA8808BD
:108DA00008F03C08B8F1130FECD94545EAD3039914
:108DB000CA6A914507D04846FFF788FF002800F0AF
:108DC000BB80049843699D42C0F0AF80E28822F0E6
:108DD0004002002A3BD1039A126A110706D5627A33
:108DE00002F0EF0101292DD0062A2BD0B3F5004F58
:108DF000C8D8002308F10802194600F0C7FE414612
:108E0000054604A801F000F809AB06AA214603981C
:108E1000FFF7BEFE039809AA06A9049B009501F07E
:108E200077FD627A0021012001F02CFC002800F07F
:108E30009881039C09AA009506A945692046049BD0
:108E4000A8477EE7826942F020028261CEE70DF1F9
:108E50003009194649F81C0D484600F063FF0130FF
:108E600000F07C81059B3C68D3F80C80002C75D009
:108E7000B8F8042002E02468002C6FD06389934284
:108E8000F9D1617A98F809309942F4D1E168D8F8BB
:108E90000C309942EFD12169D8F810309942EAD1CB
:108EA00098F800504846AD0005F03C05294600F012
:108EB000ABFFB8F80200FDF7A5F9B8F80630401B83
:108EC0009A06A8F8020005D598F8012042F00102A0
:108ED00088F801201846FDF795F9DDF814E0C00088
:108EE000C8F808E082B2A8F8062063691D4603E0CE
:108EF000ED68AB4200F01A81E9889142F8D9AB42A3
:108F000000F014812869B0F806C041886144B1EBD3
:108F1000020A00F0E280B8F802309A45C0F03481CD
:108F2000704600F0DDFE04960BE7E91A04A800F095
:108F30006BFF0498436949E7039B0498DA6A002AA7
:108F400000F0BD8009F0F009B9F1E00F04D01B6911
:108F50001B78032B7FF416AF436934E798F8004081
:108F60004846A40004F03C04214600F04DFFB8F848
:108F70000200FDF747F9041B1820A8F8024001F091
:108F800059F80446002800F0E9803B68236003B1EB
:108F90005C60142326716671A671E67123723C60D1
:108FA000B8F80430638198F809306372D8F80C304F
:108FB000E360D8F810302361B8F80600850605D5BF
:108FC00098F8013043F0010388F80130FDF71AF9F1
:108FD000059BC1004046C8F80C8089B2C8F81080D3
:108FE000C8F80830A8F80610C4F814800346002218
:108FF00005E000BF58E800205CE80020D9888A42DC
:1090000091D15988DB680A44834292B2F6D11A6939
:109010005278D00787D49A680592D3F80C80984587
:1090200000F0C7801046D8F8081000F0A1FF0590A6
:10903000D8F80C8002466569A845F3D195F800E0A0
:1090400050694FEA8E0E1369D1680EF03C0E7044E1
:10905000506180B295F800E04FEA8E0E0EF03C0EA3
:10906000734413612B789B0003F03C03CB1AD3604D
:10907000FDF7C8F86880E2686B78EA60226923F03F
:1090800001032A61627A6B706A7262682368002A3F
:1090900000F08D801360236803B15A60204600F011
:1090A000B9FF0598049000283FF44BAEC4684369AB
:1090B00094F800804FEA880808F03C0896E6826938
:1090C00092073FF549AF3DE7D168D960D1680B61A0
:1090D00063699A421BD0B8F806209D4226D0B8F8A2
:1090E0000230B5F806E013447345CEEB03011DDDF5
:1090F0006B8899420ED3ED682B69986800F0F0FDFB
:109100002A6913699A42DFD166610023E3E70B46BF
:109110006161E0E78AB205F108009B1A96446B8012
:10912000A5F806E000F070FEB8F806202B6913B32E
:10913000616901B3D968C8F81030C8F80C10D96853
:10914000C1F81080C3F80C806069C18891427FF635
:109150004DAFC4F814801146404647E7DDF814E0EF
:10916000DEE6049800F0BCFD2B46022203210398A2
:10917000FFF716FBE5E5C8F80C801146C8F810802B
:109180004046C4F8148031E75146484600F03CFEA2
:10919000B8F806201FFA8AF1B8F802300A44591AC2
:1091A00092B2A8F80210A8F80620636995E73B6020
:1091B00072E71D4642E700BF2DE9F041154698468B
:1091C000036A0022EF680446DB070E46BA72FA72A1
:1091D00023D5AB6943F01003AB6121463046FFF75E
:1091E00075FD90B906F0F003E02B0ED0B8F1000F3A
:1091F0000BD1E36AE26B7340134206D04FF6A963CA
:109200001A463340934200D0A66C23692A46314661
:1092100020461B69BDE8F041184739782846890087
:1092200001F03C01FEF758FF7881D6E72DE9F04FB9
:1092300087B01F46059104929DF840509DF84480E8
:109240009DF84C609DF85090002800F0DE800446A8
:10925000059B73B1129A53691433B3F5004F0BD9C0
:109260006FF00704104600F03BFD204607B0BDE854
:10927000F08FE36A0593EDE70121142000F080FBF5
:109280008246002800F0BD80159B43B11598042349
:1092900004AA05A90088FEF747FF159B1880DAF895
:1092A0000CB0814A9BF80030108803F00F03411C7A
:1092B00043F0400311808BF80030FCF7A3FF8BF8DC
:1092C00001509BF80030129A23F00F03ABF8040012
:1092D000556943F0050314358BF80030ADB2002E0C
:1092E00040F088808BF806608BF80760059A284666
:1092F000049BCBF80C20CBF810308BF808808BF84F
:109300000970FCF77FFF1299ABF80200504600F09D
:109310002FFEA66802461290B54240F281809BF86B
:109320000070BBF80630BF005B0607F03C07A6EBF9
:10933000070626F0070693D4072E91D900903946E8
:1093400012A800F0EFFC0130009A5AD0BB19DDF8EA
:1093500048A09D42DAF80C10019300916AD9131DC0
:10936000CDF80C90DDF80480DDF800B09946029449
:109370001EE0C8EB0506E080414600233246504619
:10938000B04400F003FC002800F0868001461298EB
:1093900000F0EEFD0346808A1293FCF733FF129B28
:1093A00045456080C9F80030129B03F104093ED99D
:1093B0000021384600F0E4FA3A4659461290002857
:1093C00065D0C06802F0F0FA129BC7EB0800DC68B9
:1093D000C0F3CF00237823F00F0343F0050323707D
:1093E000FCF710FF08EB060340F020029D42C0D9B5
:1093F000E280C1E7002240238BF807208BF806307B
:1094000074E7129A6FF002042CE71046FFF796FB00
:10941000044600287FF41CAF129A6FF00F0421E776
:109420004B4620460499FFF7C7FE00201EE7029C2A
:10943000DDF80C90009D0027CDF848A06888FCF767
:10944000E1FE019B191A12A800F0DEFC129B988A1B
:10945000FCF7D8FEEB88688043F02003EB80002601
:10946000CDF848A006E00499FFF7A6FE1295AA469B
:10947000002DDAD0DAF804504B4652462046CAF89E
:109480000460002FEFD0504600F02AFCEEE7029C6B
:109490000127DDF80C90E2E712980127029CDDF825
:1094A0000C9000F01DFCDAE7C0EC002047F6C47019
:1094B000704700BF172910B420D0182912D01629E0
:1094C00004D06FF008005DF8044B70471968032959
:1094D00020D990F86D4004210020146019605DF8D7
:1094E000044B70471968032914D990F86E40042181
:1094F0000020146019605DF8044B70471968032957
:1095000008D990F86C4004210020146019605DF8BF
:10951000044B70476FF00500D5E700BFF8B5A1F127
:109520001604042C62D8DFE804F03A322503030065
:10953000054650681F4614460E4600283AD001F0F2
:1095400043F8082F32D188B3216801F0F003E02BF3
:109550002CD16B6953B39B79022B27D1D5F890405E
:109560005CB32368984231D0192E1FD16FF00D04DF
:109570002046F8BD032B19D94369BBB19B79022B57
:1095800014D11368002480F86E302046F8BD032BF8
:109590000CD91368002480F86C302046F8BD032BEA
:1095A00004D91368002480F86D3001E06FF00504E1
:1095B0002046F8BD00F078FEC3E7192EF6D1FFF77C
:1095C0004DFBC5F890000028F2D1CFE763689942BF
:1095D000CAD1192ECAD0A368013BA3601BB10024D5
:1095E000C5F89040E4E700F061FFF8E76FF0080489
:1095F000DEE700BF104B10B51C684CB163689842A1
:1096000003D106E06368834203D02468002CF9D1BB
:1096100010BDA3680BB160699847084B1B683BB944
:10962000E2682374002AF3D06069BDE81040104757
:109630000123237410BD00BF24E7002040E7002071
:109640002DE9F04705461820894690469A46089F1E
:1096500000F0F0FC80B10A4E044645605146336884
:109660002846C4F80890C4F80C8067612360346011
:10967000BDE8F047FCF794BE4FF0FF30BDE8F0873F
:1096800024E700200C4B70B51C68064618200D46D8
:10969000621C1A6000F0CEFC50B1084B00224460FE
:1096A0001968C6604561016018608260204670BD1F
:1096B0000446204670BD00BF4460002024E700201F
:1096C00010B4154C216851B14B68984220D00B461C
:1096D00002E05A68824205D01B68002BF9D15DF880
:1096E000044B7047994204D112E05468A04208D05C
:1096F00011460A68002AF8D118465DF8044B00F0BC
:1097000089BC126818465DF8044B0A6000F082BC00
:109710000A680B462260EFE724E70020024A13683C
:1097200001331360704700BF40E700202DE9F0418E
:10973000114E3368012B04D03368013B3360BDE820
:10974000F081DFF838800027D8F80040002CF3D0F3
:10975000002201E0246864B1257C012DFAD1E36880
:109760002774002BF6D06069984724682A46002C9D
:10977000F2D1002AE8D1DFE740E7002024E700200B
:1097800038B5124D124A2B68146801332B6014B996
:109790000DE024685CB163689842FAD1A3680BB10C
:1097A000606998472B68012B05D001232374BDE81D
:1097B0003840FFF7BBBF0022E3682274002BF6D0CD
:1097C00060699847BDE83840FFF7B0BF40E7002028
:1097D00024E7002000230249024A0B60136070470F
:1097E00040E7002024E70020072A98BF0822A8B1FC
:1097F00002F10B038B4212D2014430B4C51C544217
:1098000025F00305EB1D6A60284613442340C91A5E
:109810005B60B1FBF2F21A602B6030BC7047002035
:10982000704700BF00230360704700BF39B370B5B5
:1098300005460C46FFF772FF68682B68211A5A68C4
:109840008B4207D2914209D3934207D213468B42EF
:109850005A68F7D39342F9D39142F7D20C6804FBCC
:109860000016964216D04A601C6804FB0030814204
:1098700006D059602B60BDE87040FFF757BF7047B6
:109880000A6814441C604A685A602B60BDE8704046
:10989000FFF74CBF166834440C6052684A605A683F
:1098A0009342E1D10B46E0E72DE9F04180460D46B9
:1098B000FFF734FF0024D8F80400D8F80060411EF8
:1098C0007368B64629443546B1FBF0F1013100E03A
:1098D0005B681A68914205D814B12768BA4201D270
:1098E000AE461C46B3421D46F2D17CB1DEF80430D0
:1098F00062689A42236811D099420CD05B1A2360A7
:1099000003FB004421600444C8F800E0FFF70EFFA9
:109910002046BDE8F081CEF80420F4E79942EDD16D
:109920000024F3E738B50546FFF7F8FE2968F9B1DA
:109930000C680B46013C06E0994207D01A68944235
:1099400038BF02F1FF345B68002BF5D14B689942B8
:1099500005D0FFF7EBFE686800FB04F038BD002C73
:10996000F7D0013CFFF7E2FE686800FB04F038BD69
:109970000C46FFF7DBFE686800FB04F038BD00BF53
:109980002DE9F0470E46DFF88C8007461C21003693
:10999000D8F8000018BF0126FFF786FF044600B97B
:1099A000DEB964B307F10409D8F80000DFF864A059
:1099B0004946FFF779FF054600B9BEB915B3002344
:1099C00001212A1D2046236063602960A361A560F0
:1099D000E26027616761BDE8F08700F075FE1C2139
:1099E000D8F80000FFF760FF0446DAE700F06CFEED
:1099F0004946DAF80000FFF757FF0546DEE7204644
:109A0000BDE8F087D8F800002146FFF70FFF284691
:109A1000BDE8F08744E7002070B50D4606461146C4
:109A20002846FFF7ADFF044620B12A463146C068FC
:109A300001F0BAFF204670BD82B3F8B50546164660
:109A40001F4602460020136912681844002AFAD102
:109A5000731C24D07318984217D3884215D32B69EE
:109A6000994213D21C4601E000212C69641AEB686C
:109A70003846B442194428BF3446361B224601F00A
:109A800093FF27442D68002EEED1F8BD2D682C6978
:109A900023449942FAD22144C91AE7E77047461A8B
:109AA000DDE700BFA0B181680B68012B70B50446EB
:109AB00009D0013B074E0B60256821463068FFF74F
:109AC000B5FE284670BD034E3068FFF7AFFEF3E7E2
:109AD000704700BF44E700202DE9F04704687CB3DD
:109AE00081EAE17AD4F81490AAEBE17AD14527D340
:109AF00000290E468046256924DDA769204674B1F9
:109B0000B5420CD82368C8F80030FFF7CBFF0446F5
:109B10000028F3D0036920461D44002CF0D1E4B1A5
:109B20002369AA1BA7611E44E3682261751B1D44BB
:109B3000E560CAEB09036361C8F80040BDE8F0873F
:109B4000BDE8F08709EB0102274601E03B691D44AF
:109B5000954204DA3F68002FF8D10024ECE73B6916
:109B600038684B441E44751B3D6128B1FFF79AFFCE
:109B700038600028FAD13D69002DDAD13846FFF768
:109B800091FF04460028D4D1E7E700BF2DE9F84F44
:109B900004460D469146014600200A6909681044B2
:109BA0000029FAD1B9F1FF3F00F08D8009EB0502E1
:109BB00082427DD885427BD8484E13F100084FF091
:109BC0001C01306818BF4FF00108FFF76DFE074613
:109BD00010B9B8F1000F6ED1002F69D022690021B1
:109BE000A3699542C7F814907960BB6138D2A36825
:109BF000E1681A682944BB600132F9601A60236980
:109C0000C3EB090BAB44BBF1000F5FDD5B1BDFF85F
:109C1000CCA03D464FF000093B611C213068FFF7A6
:109C200043FE0246286010B9B8F1000F26D1002A81
:109C30002FD024681546C2F80490A368A16918685B
:109C4000936001309161E16818602369D160C3EBD2
:109C50000B0100290BDB8B461361DED109E01A46AC
:109C60002468236913449D42F9D2AD1ABFE7C2F8B4
:109C700010B0002338461360BDE8F88F00F024FDD3
:109C80001C21DAF80000FFF70FFE02462860002AC8
:109C9000CFD13846FFF706FF2B680146984207D020
:109CA00030680C68FFF7C2FD2B682146A342F7D14C
:109CB0000020BDE8F88F00F007FD1C213068FFF799
:109CC000F3FD074688E7C5EB000975E73A46002330
:109CD000C7F8109038461360BDE8F88F44E70020BD
:109CE000E0B170B504460E4E06E00B6021463068C8
:109CF0002C46FFF79BFD85B1A16825680B68012BF9
:109D000003F1FF33F1D13068FFF790FD2146306851
:109D10002C46FFF78BFD002DEED170BD704700BFC4
:109D200044E700202DE9F047076882B0002F58D0A3
:109D3000B1FA81F35B09002B53D13A69914250D9B2
:109D40007C69A1424DD83E4601E026B132691344F8
:109D500036689942F9D82B4C8846814604312068F0
:109D6000FFF7A2FD8246002849D003460122F96888
:109D700043F8042B18463A69019301F015FEB968BF
:109D80003D690A68019B012A34D0013A0A603C68A7
:109D9000C7F808A0FB600AE02269E16801F004FE50
:109DA000236920461D44FFF77DFEFB680446A6425A
:109DB00003EB0500F0D1C5EB0806E168324601F07F
:109DC000F3FD23699B1B23617BB1E3681E44E660BE
:109DD00000203C60C7F81080C9F8007002B0BDE8F0
:109DE000F087002002B0BDE8F0872046FFF75AFE5A
:109DF0000446EDE72068FFF719FD019BC7E74FF028
:109E0000FF30EFE744E7002009B1FFF765BE704778
:109E1000002A00F086802DE9F043D0F8009083B04E
:109E2000CDF80490B9F1000F1AD0D9F814E0531806
:109E30009E4515D317460D468046A9B1D9F8104066
:109E40004E464846002204E019690C44A54228BF4A
:109E50001846A54212D3336801221E46002BF3D1C7
:109E6000002003B0BDE8F08301A81146FFF734FEDF
:109E70000198C8F8000003B0BDE8F083002A74D14F
:109E80003369E21A95423DD0621B974228D2B168ED
:109E9000C7EB0E00C9F814000968012943D0C7EBCD
:109EA000020900214846FFF76BFD0646002856D000
:109EB00001994A46C0680B69C9682B441F443F1B7F
:109EC000394401F071FD019A136911681D44316034
:109ED0002C1B16601461D8F8000003B0BDE8F083B5
:109EE00035D02C1B3268234439193361C2F814E091
:109EF00027D14846D9F81430DF1BC9F8147003B0D5
:109F0000BDE8F0833946C6F814E0FFF7E5FDD9F85F
:109F10001430D8F80000DF1BC9F8147003B0BDE896
:109F2000F083002070472B44F168D21B181B3B18AC
:109F30000844194401F038FD019A1369DB1B1361D1
:109F4000C9E73046FFF7C8FDD8F80000D2E7DB1BB1
:109F5000C7EB0E0748463361C9F8147081E7D8F89B
:109F6000002053693B4453617BE7019688E700BFBB
:109F7000F0B498B1B1B1024600E01A461368002B64
:109F8000FBD18C6905464B69876946693C43116082
:109F90003344846143612846F0BC70470D4628462F
:109FA000F0BC70470546F6E702680AB905E01A46B4
:109FB0005368002BFBD1516070470160704700BFB0
:109FC00090B170B504684CB18C42054608460CD07F
:109FD0006368984203D01C46002BF9D170BD4568D8
:109FE000FFF77EFE656070BD704766682046FFF72C
:109FF00077FE2E6070BD00BF08B50822FFF7F4FBA6
:10A00000B0FA80F3024A5B091060584208BD00BFF5
:10A0100044E70020024B01461868FFF707BC00BF69
:10A0200044E70020024B01461868FFF73DBC00BF23
:10A0300044E7002038B5064B014604461868FFF790
:10A0400033FC054610B1214601F038FD284638BDE5
:10A0500044E70020014B1868FFF764BC44E7002088
:10A06000FFF7F8BF014B1868FFF7DCBB44E700209F
:10A0700010B5FFF753FB074B1C683CB12369204622
:10A080009B6903B198476469002CF7D1BDE8104083
:10A09000FFF74CBBD8ED002038B5054601F068FC51
:10A0A000054B1C6824B11DB16469013D002CFAD137
:10A0B00001F06CFC204638BDD8ED002090B103883B
:10A0C000012B0ED1084B8268186858B1C36A9A42B6
:10A0D00003D108E0C36A9A4204D040690028F9D14C
:10A0E0007047002070477047D8ED0020F0B138B5B8
:10A0F000104D2B6813B914E05B699BB19842FBD1FA
:10A1000003690446DB680BB120469847A36962697E
:10A110006BB15A61626902B19361074B1A6894424C
:10A1200001D038BD38BD2A681A6038BD70472A6032
:10A13000F1E700BFD8ED0020DCED002010B50446AB
:10A1400001F016FC084B1B6813B908E05B6933B1DA
:10A150009C42FBD1012401F019FC204610BD1C4695
:10A1600001F014FC204610BDD8ED0020002837D0A7
:10A1700070B504460D461646FFF7D0FA0023E56297
:10A1800084F8503084F85430BDB1B6B92B0628D5C8
:10A1900005F0C003802B32D005F0E003C02B3CD08B
:10A1A000636BE26BD943D0432B402A4029432843B9
:10A1B0002363A2632164606406E005EA060265EA9F
:10A1C0000603E663A2636364284601F00DFD23697C
:10A1D0005B690BB120469847BDE87040FFF7A6BA0F
:10A1E0007047E26B2AB1D043FF236FF0FF01636336
:10A1F000DAE7FF236FF0FF001A46E363F4E7E26B50
:10A200002AB1D0434FF6FF730C496363CCE74FF696
:10A21000FF730A481A46E363F4E7E26B3AB1D043AE
:10A220006FF07F464FF07F4133466663BCE76FF0C7
:10A230007F434FF07F401A46E363F1E70000FFFFE2
:10A2400070B504460D46164601F092FB294620469D
:10A250003246FFF78BFFBDE8704001F097BB00BFAF
:10A2600048B138B504460D4601F082FBA564BDE84F
:10A27000384001F08BBB704748B138B504460D46F5
:10A2800001F076FBE564BDE8384001F07FBB704724
:10A2900010B501F06DFB034B1C6801F077FB204605
:10A2A00010BD00BFDCED0020014B1868704700BFF7
:10A2B000DCED002010B5044620B101F059FBE46A42
:10A2C00001F064FB204610BD10B5044620B101F03A
:10A2D0004FFBE46B01F05AFB204610BD10B504465D
:10A2E00020B101F045FBE46C01F050FB204610BDAD
:10A2F00010B5044628B101F03BFB94F8504001F042
:10A3000045FB204610BD00BF50B138B504460D4690
:10A3100001F02EFB84F85050BDE8384001F036BB08
:10A32000704700BF002918BF002A10D078B1036918
:10A330006BB110B45C68A24204D3DB6913B15DF861
:10A34000044B18474FF0FF305DF8044B70474FF057
:10A35000FF30704770B504460D46164601F008FB05
:10A36000294620463246FFF7DDFF044601F00EFB8A
:10A37000204670BD032A70B5154682B004460DD83C
:10A38000DCB1D1B12369C3B15A68954215D11B6ABA
:10A390009BB1204602B0BDE8704018474A780B7860
:10A3A0001204CE78887842EA03630191334343EA8A
:10A3B000002001F019FC0199E2E74FF0FF3002B0F4
:10A3C00070BD00BF2DE9F04158B103694BB1DFF812
:10A3D000AC80D8F8003013B908E05B6933B198421B
:10A3E000FBD14FF0FF342046BDE8F081054617460B
:10A3F0000E46FFF793F9D8F800306B6103B19D6109
:10A4000000230124C8F80050AB612B46D869A04254
:10A4100017D05B69002BF9D12869EC6184682B6245
:10A420008CB12846A047044678B906B1AFB92B696C
:10A430001B78013B012B19D90F4B1A6842B91D60DB
:10A4400006E00134E1E74FF0FF342846FFF74EFE07
:10A45000FFF76CF92046BDE8F0813A4631462846C0
:10A46000FFF788FF0028E2D00446EEE72846FDF714
:10A4700001FF0028E0D0F7E7DCED0020D8ED002058
:10A4800070B504460D46164601F072FA294620467C
:10A490003246FFF797FF044601F078FA204670BD78
:10A4A00018B10369DB6A03B11847704718B1036933
:10A4B0001B6B03B118477047F8B518B303695B6AA3
:10A4C00003B3044603F084FC0646A36AC31AC82BF0
:10A4D00003D894F824502846F8BD2369204694F800
:10A4E00024705B6A984787420546A66284F8240078
:10A4F000F1D0002FEFD123695B69002BEBD0204610
:10A500009847E8E701252846F8BD00BF10B5044686
:10A5100001F02EFA2046FFF7CFFF044601F036FA8D
:10A52000204610BD10B5044601F022FAFFF7F6F8F8
:10A53000034B1C60FFF7FAF8BDE8104001F026BAA3
:10A5400048E7002038B5084D0020FFF7EBFF2C68E6
:10A550002CB12046FFF7CAFD6469002CF9D1002315
:10A56000024A2B60136038BDD8ED0020DCED0020DE
:10A57000024B1B6803B11847704700BF48E7002033
:10A5800010B5044620B101F0F3F9E46901F0FEF9D9
:10A59000204610BD38B5054601F0EAF965B1094B12
:10A5A0001C6814B904E0646914B1E3699D42FAD1EE
:10A5B00001F0ECF9204638BD2C4601F0E7F92046C1
:10A5C00038BD00BFD8ED002050B1074B1B6813B950
:10A5D00004E05B6913B1DA699042FAD1184670471A
:10A5E00003461846704700BFD8ED002070B5FFF74E
:10A5F00095F8134B134C0025DA6804F10C061D6026
:10A6000012B19047431C0AD0B4420DD054F8043F15
:10A61000DA681D60002AF7D09047431CF4D1044645
:10A62000FFF784F8204670BDFEF75CFA01304FF06A
:10A63000FF3418BF0024FFF779F8204670BD00BF33
:10A640007C600020340C002038B5FFF767F80B4B16
:10A650000B4C1B6904F10C0503B19847AC4206D0C2
:10A6600054F8043F1B69002BF7D1AC42F8D1FEF738
:10A67000E9FABDE83840FFF759B800BF7C60002018
:10A68000340C002070B40E4C0E4B04F10C069D8867
:10A69000284206D09D798D4208D011B99D68954217
:10A6A00009D0B44209D054F8043FF0E71AB19D68CC
:10A6B0000DB1AA42F1D1184600E0002070BC7047ED
:10A6C000340C00207C60002038B50B4B0B4CDB6950
:10A6D00004F10C0503B19847AC4206D054F8043F8E
:10A6E000DB69002BF7D1AC42F8D1FEF789FABDE85F
:10A6F0003840FFF7BDBC00BF7C600020340C002058
:10A7000003464FF40062402100209A6483F86C10E5
:10A7100083F86D009A63704738B50C460546FEF71E
:10A72000FDFFE20708D4A30702D5012385F85030C6
:10A73000FEF7FCFF002038BD012305F1340085F849
:10A74000403000F063FEEEE72DE9F047044686B0A6
:10A7500015461E4688460E9FFEF7E0FFA36CAB42EF
:10A7600067D3002F60D0404600222946FFF754F9F6
:10A770008046002860D016F0040611D17868D4F81D
:10A780001090FFF721FF3B88012B49D094F98530C9
:10A79000002B4CD1FEF7CAFF284606B0BDE8F08773
:10A7A000012394F88C90786884F88C30D4F810A049
:10A7B000FFF70AFF3B88012B0FD0002084F88C9014
:10A7C0000028E3D00146204600F0AAF9FEF7AEFFCC
:10A7D0004FF0FF3006B0BDE8F0875FFA8AF3BA6841
:10A7E000A16E02F0F00794F86DC0E02F4FF0000763
:10A7F0000CBF94F86EA094F86CA0CDF8088094F883
:10A800008CE0CDF804A0CDF800C005970397CDF8F3
:10A8100010E0FEF70BFD002ED0D10028B6D0D1E716
:10A820005FFA89F3B146DAE704F154079BE70020A9
:10A83000C8E76FF00700C5E76FF00200C2E700BF8E
:10A840002DE9F0411C4686B005460F4684F002040F
:10A85000904603A80C21C4F340040C9E01F02EF98D
:10A8600003AB4246394605F13400009400F05AFF2C
:10A87000431C13D095F985304BB9044626B103A883
:10A88000314600F0B7FF204606B0BDE8F081002158
:10A89000284600F045F94FF0FF30F5E76FF007016B
:10A8A000F6E700BF38B504460D46FEF737FF0C2229
:10A8B000294604F1540001F077F80025032304F140
:10A8C0003400A4F862502373A4F8565000F09EFDA3
:10A8D000FEF72CFF284638BD10B50446FEF71EFFD4
:10A8E0000348214600F0A6FDFEF720FF002010BD22
:10A8F000BC61002010B5054C216829B1034800F067
:10A9000099FD21680029F9D110BD00BFBC6100206C
:10A910002DE9F84F0A9C002B18BF002C43D00028CB
:10A9200041D05D69002D3ED00D88012D00F0AD8035
:10A9300000278A468146014610469846164600F092
:10A940003DFF002878D0534B1C68002C00F0A080FD
:10A950004FF0000B01E02468FCB12569BD42FAD13B
:10A96000304600F01BFF00284CD03388012BF2D179
:10A97000D4F890100029EED04A68B3689A42EAD120
:10A980000B689945E7D1BBF1000F02D09BF840302E
:10A9900013B3A3462468002CDFD1BBF1000F02D013
:10A9A0009BF840300BB1BDE8F88F23462146404666
:10A9B0004FF0FF32FFF7EAF804460028F3D0524682
:10A9C0000BF13400214600F059FE0130EBD1204656
:10A9D000BDE8F84FFFF784B919464FF0FF32404603
:10A9E000FFF7D4F805460028D3D00BF134005246C7
:10A9F000294600F043FE0130CBD12846A346FFF79D
:10AA00006FF9A8E704F16005284600F0E1FE28B9D7
:10AA10002846314600F0E8FE00289CD004F1540599
:10AA2000284600F0D5FE0028ADD12846514600F05A
:10AA3000DBFE00288FD0A6E7304600F0AFFE0028EE
:10AA400081D114483B4631465246006800F0DAF89E
:10AA500004460028A7D090F84030002BA3D14046F0
:10AA600019464FF0FF32FFF791F8054600289AD0BB
:10AA7000524604F13400294600F000FE013092D124
:10AA80002846BDE8F84FFFF72BB9E468677A50E72E
:10AA9000BDE8F88FBC61002038B50D4CFEF73EFED6
:10AAA0000023224652F8041B39B101330C2BF9D193
:10AAB0000025FEF73BFE284638BD4FF0FF3204EB81
:10AAC000830544F82320FEF731FE284638BD00BF39
:10AAD000E4E7002002880B88934201D000207047F1
:10AAE00013F0010306D083688868181AB0FA80F062
:10AAF000400970471846704703880A46DB0700D4B0
:10AB00007047014610460C2200F04EBF08B53021B8
:10AB1000024800F0D3FF002008BD00BFE4E700209A
:10AB200090F985301BB11946002380F8853080F8F4
:10AB300084100846FDF716BB38B505460C46FEF7EF
:10AB4000EDFD2B68236003B15C60002363602C6023
:10AB5000BDE83840FEF7EABD38B50C460546FEF7BD
:10AB6000DDFD63684BB122681A6023680BB162682F
:10AB70005A60BDE83840FEF7D9BD23682B60F4E782
:10AB80002DE9F0410446002839D00E461746984674
:10AB90004D8802E02468002C31D0B4F86230AB421A
:10ABA000F8D13388DB070FD5B3686BB1314604F1B8
:10ABB0006000FFF78FFF0028ECD07FB9B8F1000FDD
:10ABC0000CD00120BDE8F081B8F1000FF5D131467D
:10ABD00004F16000FFF77EFF0028DBD004F1540091
:10ABE000002FD7D03946FFF775FF0028D2D0B4F830
:10ABF00056207B889A42E4D02468002CCDD1204690
:10AC0000BDE8F0812DE9F0470446002874D00E46D7
:10AC100090461D464FF0030A4FF0000902E02468F9
:10AC2000002C47D02169A942F9D1B4F86210738889
:10AC30009942F4D1636E13B172689342EFD1B4F8C4
:10AC40006030DF074AD5A36E002B47D03388D80782
:10AC50004ED5B368002B47D0314604F16000FFF7B2
:10AC600039FF0028DBD004F154000027B4F8543039
:10AC7000D90722D5E36D03B3B8F1000F28D0B8F897
:10AC80000030DA0724D5D8F808300BB34146FFF777
:10AC900021FF0028C3D0B4F85620B8F802309A42F9
:10ACA000BDD1BA4501D9A14627B124684FF0010AA8
:10ACB000002CB7D14846BDE8F087B8F1000FF0D0BE
:10ACC000B8F80030DB07ECD5D8F80830002BE8D016
:10ACD0000137BA45A3D9BA46A146A0E7378817F08D
:10ACE000010706D0B76827B104F154000127BDE77A
:10ACF000012704F15400B9E78146DBE7F0B585B0E0
:10AD0000144F05460C2201A843F6FE763C8800F05D
:10AD10004BFEFEF703FD44F20103621C234494B290
:10AD20009BB2B34288BF4FF440442046FBF76AFA17
:10AD30000123ADF80600002201A92846FFF720FFF5
:10AD40000028E8D13C80FEF7F1FCBDF8060005B014
:10AD5000F0BD00BFCE62002038B505469420FFF755
:10AD600061F90446A0B12946942200F01DFE00239B
:10AD700023606360A3602373A3612363E361636261
:10AD80006363E3636364E36484F8843084F8853048
:10AD9000204638BDF0B587B004460E46154600F093
:10ADA000E7FD5B4B1B78002B00F09880002C00F037
:10ADB00095802468002C00F09180237B042B00F008
:10ADC000998067693A6A12782AB1032B00F09D8056
:10ADD000022B00F08C802DB126B13388D90778D5AD
:10ADE0000B2D14D86FF0050594F98500F0B1002300
:10ADF00084F8853084F88400FDF7B4F92846FDF71F
:10AE0000B1F900F0C3FD4FF0FF3007B0F0BD96E898
:10AE100007008DE80700BDF800306D46DB0707D45A
:10AE200094F985006FF006050028E0D12846E1E797
:10AE3000029B002BF4D0BDF8023013B9BB79032B71
:10AE400052D10C2204F160060DEB0200314600F0F5
:10AE5000ABFDBDF80C20BDF800301340DA07ADF8AB
:10AE60000C3027D40198FFF7AFFBBDF80C30012B55
:10AE70002FD1002841D0C36A0593BDF80E3003B32B
:10AE8000606901232A4603A90068FFF779FE40BBE9
:10AE900003A930460C2200F087FD63691B6ADB685A
:10AEA000D3B1204629469847044600F06FFD20465E
:10AEB00007B0F0BD059B002BD4D0BDF80E30002BA1
:10AEC000DED1636903A91868FFF718FFADF80E001B
:10AED000D6E76FF00B0587E71C46E6E76FF01B052A
:10AEE0008CE76FF00D057FE76FF00E057CE76FF0E4
:10AEF000150579E76FF00A0576E70298FDF71EFE63
:10AF00000028B8D16FF00F056EE76FF012056BE700
:10AF1000D9EC002038B5054600F02AFD134B1B780C
:10AF2000D3B1CDB12C68BCB1D4F8900008B1FDF715
:10AF3000C3FE63691B6A9B683BB120469847044681
:10AF400018B100F023FD204638BD002004462860DB
:10AF500000F01CFD204638BD6FF01B00FDF702F924
:10AF600000F014FD4FF0FF3038BD00BFD9EC0020D9
:10AF70002DE9F04182B00D46064617469846089CDA
:10AF800000F0F6FC2D490978002951D0002E4FD051
:10AF9000306800284CD054B1099B43B12388DB07AB
:10AFA00027D5099B0B2B1ED86FF0050323E0B0F8C3
:10AFB0005430DA072ED5C36D63B30024002DF3D0CF
:10AFC00090F8503073BB43691B6A9E696EB300945E
:10AFD00043463A462946B047044600F0D7FC20468F
:10AFE00002B0BDE8F081A368002BE7D16FF0060343
:10AFF00001E06FF00B0390F9852072B980F884307E
:10B000001846FDF7AFF800F0C1FC4FF0FF3002B07A
:10B01000BDE8F0816FF01303EDE71346002280F8DE
:10B020008520EBE76FF01403E5E76FF00A03E2E732
:10B030006FF01B00FDF796F8E5E700BFD9EC0020A4
:10B0400010B5002482B001940094FFF791FF02B084
:10B0500010BD00BF2DE9F04383B00E469946074668
:10B0600090460A9C0B9D00F083FC2F4B1978002919
:10B0700054D0002F52D0386800284FD066B3B0F8B3
:10B0800062301BB943699B79032B3ED1002C18BF5A
:10B09000002D14BF0122002216D190F84030002B61
:10B0A00036D143691B6A5D69ADB3002A4B464246FF
:10B0B000314608BF00240094A847044600F066FC0F
:10B0C000204603B0BDE8F0832B682BB1B0F86010C8
:10B0D000C90712D50B2BE0D86FF0050390F9852036
:10B0E00072B980F884301846FDF73CF800F04EFC49
:10B0F0004FF0FF3003B0BDE8F0836FF00B03EDE7D6
:10B100001346002280F88520EBE76FF00403E5E7A3
:10B110006FF01403E2E76FF00A03DFE76FF01B0044
:10B12000FDF720F8E2E700BFD9EC002010B50024BD
:10B1300082B001940094FFF78DFF02B010BD00BFF4
:10B140002DE9F04182B01C4607460E469046089D08
:10B1500000F00EFC3C4B1B78002B6FD0002F6DD005
:10B16000386800286AD0002C50D0002D4ED0374BC4
:10B170009E4212D04369002B48D01B6A1F6A002FE1
:10B1800044D02346009542463146B847044600F075
:10B19000FDFB204602B0BDE8F08108F1FF33052B2E
:10B1A00049D8DFE803F0291F0E480303032D2DD9EA
:10B1B0002368B8F1050F4FF000040CBF836483636C
:10B1C000E5E7032D22D961884FF47A7223780024B1
:10B1D00002FB01F21B1BC0F8882018BF012380F876
:10B1E0008E30D4E7032D11D9236800241B1B18BF10
:10B1F000012380F88C30CAE7032D07D92368002487
:10B200001B1B18BF012380F88D30C0E76FF00503CA
:10B2100090F985201AB11346002280F8852080F825
:10B2200084301846FCF79EFF00F0B0FB4FF0FF3073
:10B2300002B0BDE8F0816FF00803E9E76FF01B0092
:10B24000FCF790FFF0E700BFD9EC002017E5030002
:10B250002DE9F04182B01E4607460C469046089DF7
:10B2600000F086FB664B1B78002B00F0C480002F9B
:10B2700000F0C1803868002800F0BD800EB305B32F
:10B28000604B9C4210D04369DBB11B6A5F6AC7B157
:10B290002146009533464246B847044600F076FB07
:10B2A000204602B0BDE8F081B8F10D0F00F2A08099
:10B2B000DFE808F01B28323C9E4D4D5B64717C7CBE
:10B2C0008A946FF0050390F985204AB980F884309C
:10B2D0001846FCF747FF00F059FB4FF0FF30E0E75E
:10B2E0001346002280F88520F0E72B68032BE8D96D
:10B2F000037B042200249B1A2A60B3FA83F35B09C0
:10B300003360CBE72B68032BDBD990F88D30042218
:10B3100000242A603360C1E72B68032BD1D990F851
:10B320008C30042200242A603360B7E72B68032B9B
:10B33000C7D9042390F88E10334A00242B60D0F82C
:10B3400088303170A2FB03239B097380A6E72B682A
:10B35000032BB6D90423B8F1050F4FF000042B607E
:10B360000CBF836C836B336098E72B68002BA8D0ED
:10B37000037B012200242A6033708FE72B68002BA7
:10B380009FD090F98420002301211C46296032704F
:10B3900080F8843082E72B68002B92D04369012229
:10B3A0002A6003B19B793370002477E72B68032B65
:10B3B00087D90423B8F10A0F4FF000042B600CBFAB
:10B3C000436B436C336069E72B68032B7FF679AFDF
:10B3D000042300242B60C36A33605FE72B68032BD0
:10B3E0007FF66FAF042300242B60836A336055E738
:10B3F0006FF0080367E76FF01B00FCF7B3FE6AE726
:10B40000D9EC002017E50300D34D621038B505468E
:10B41000FEF784F94DB1A86838B14468FEF760FCC6
:10B420002046002CF9D1AC602C60BDE83840FEF716
:10B430007DB900BF38B50C460546FEF76FF92146C9
:10B440002846FFF789FB04F13400FFF7DFFF04F122
:10B450004400FFF7DBFF2046FEF7DCFDBDE8384087
:10B46000FEF764B92DE9F04107460C46904600F01E
:10B470007FFA2D4B1B78002B3AD0FFF70DFB0546CA
:10B4800000283ED0214642463846FFF7FBF80646E4
:10B49000002839D09420FEF7CDFD0446002838D08E
:10B4A0000023286085604661A0F86070C0F81080B5
:10B4B0000373B8F1000F18D0A4F85470FEF72EF9FA
:10B4C0003368236003B15C60002363603460FEF77F
:10B4D0002DF9336A5B681BB12046984701301BD0B9
:10B4E00000F054FA2846BDE8F081B3680361E3E751
:10B4F0006FF01800FCF736FE00F048FA0020BDE8B7
:10B50000F0816FF00100F5E76FF0090000232B6078
:10B51000F0E76FF00200F9E721466069FFF78AFF64
:10B52000FCF71AFEF2E700BFD9EC002070B5044624
:10B530000D46164600F01CFA404B1B78002B77D0C6
:10B54000002C75D02468002C72D046B33DB32A88F5
:10B55000D1074AD50B2E22D9B4F86230FBB9B4F822
:10B56000603013F0010001D0A16EC1B9A96801F0EB
:10B57000F006E02E2DD16E88934239D06B68636659
:10B58000DEB1A4F8626004F13400FFF73FFF04F17C
:10B590004400FFF73BFF00F0F9F9002070BD6FF0A9
:10B5A000050094F9853043BB84F88400FCF7DAFD8C
:10B5B00000F0ECF94FF0FF3070BD63699A79032A0F
:10B5C000DFD0186804F16001FFF798FBA4F862006F
:10B5D000D9E721B1B0B92846FEF770FD28B36E88CF
:10B5E000BEB9B4F860302A88C6E76FF00B00D8E720
:10B5F000DB07C3D5AB68A366C0E71846002384F811
:10B600008530D1E70021A06EFDF760FB0028E6D170
:10B61000E1E762690023294610681A46FFF7B0FA8D
:10B620000028DED06FF00D00BBE76FF00E00B8E72A
:10B630006FF01B00FCF796FDBAE700BFD9EC0020C5
:10B6400038B504460D46FEF769F8696923686268F3
:10B650000B4493420CD82946A068FEF789FC6B691D
:10B660002268A06013442360FEF760F8002038BD14
:10B67000FEF75CF84FF0FF3038BD00BFF8B5044668
:10B680000D461746FEF74AF86969236862680B445D
:10B6900093421CD800210C20FEF772F90646B0B187
:10B6A00039460C22C068274600F07EF922686B6993
:10B6B00029463046134447F8083BFEF759FC01463B
:10B6C0003846FEF771FCFEF731F80020F8BDFEF7B2
:10B6D0002DF84FF0FF30F8BDF8B58568F5B16C690D
:10B6E0001E4607460B46944228464FF0000128BFED
:10B6F00014462246FEF7A0F9012E01D02046F8BDDF
:10B70000FEF70CF807F108002146FEF77DFB3B68C9
:10B710001B1B3B60FEF70AF82046F8BD2C4620466E
:10B72000F8BD00BF2DE9F84385689DF820908DB3E2
:10B730002F68984606460B4657B37C690021384669
:10B74000944228BF14462246FEF776F940460C2262
:10B75000E96800F029F96B690C3B9C4238BF4FF057
:10B76000FF34B9F1000F02D12046BDE8F883FDF7A0
:10B77000D5FF1FB17A6933689B1A336006F1080060
:10B780002946FEF71DFCFDF7D1FF2046BDE8F883F2
:10B790003C46DBE72C462046BDE8F88368B10388C9
:10B7A00013F0010308D0806800F0F000A0F1E00081
:10B7B000B0FA80F0400970471846704710B103880E
:10B7C000DB0701D4002070478068FDF77FBA00BF17
:10B7D00038B10388DB0704D58068B0FA80F04009EF
:10B7E00070470120704700BF10B109B1FFF772B96F
:10B7F0000020704710B109B1FFF77EB9704700BF54
:10B8000048B10388012B07D110B504464068FEF704
:10B81000DBFE18B110BD704700207047A068BDE87E
:10B820001040FDF78BB900BFF8B5002830D0416853
:10B8300000292DD083680446304D314AC0682B6002
:10B840001060002B4AD01B6813B32E4E3046984729
:10B85000F0B92B68CBB19A682B4F8AB1316879B1B6
:10B86000304690473B78BBB14FF0FF342B682BB18B
:10B87000DB681BB12348026802B198472046F8BD37
:10B880003A784AB14FF0FF34F2E71F4F3B781BB1D3
:10B890004FF0FF342046F8BD61682068FEF7ACFB2E
:10B8A00004460028E2D1FBF74BF904460028DDD11D
:10B8B000FDF790FF154A164B0A2014601C6002F039
:10B8C0006BFA01300FD0FEF791FE01300BD0FFF77D
:10B8D0001DF9013007D001233B70C7E70A4F3B78C1
:10B8E000002BD5D1D9E7FEF72DFE4FF0FF34FEF740
:10B8F000ABFE02F05FFAFEF7B5FBB7E72CE00020E5
:10B9000034E0002014E80020D9EC0020D8ED00201D
:10B91000DCED002008B502F089FABDE80840FBF72D
:10B92000BFB800BF054B1B681BB11B681BB110B132
:10B930001847184670474FF0FF3070472CE0002042
:10B94000044B1B682BB19B681BB110B1026802B19C
:10B95000184770472CE00020044B1B682BB1DB68B4
:10B960001BB110B1026802B1184770472CE00020EB
:10B97000044B1B682BB19B681BB10348026802B1E2
:10B98000184770472CE0002014E80020044B1B6887
:10B990002BB1DB681BB10348026802B1184770473E
:10B9A0002CE0002014E80020032AF0B470D9CE0760
:10B9B0000B4606D50B780131013A013000F8013C05
:10B9C0000B469D0705D50B88023A0231023020F85C
:10B9D000023C97094DD000F1400401F140033D467F
:10B9E00053F8406C013D03F1400304F1400444F876
:10B9F000806C53F87C6C44F87C6C53F8786C44F899
:10BA0000786C53F8746C44F8746C53F8706C44F8A8
:10BA1000706C53F86C6C44F86C6C53F8686C44F8B8
:10BA2000686C53F8646C44F8646C53F8606C44F8C8
:10BA3000606C53F85C6C44F85C6C53F8586C44F8D8
:10BA4000586C53F8546C44F8546C53F8506C44F8E8
:10BA5000506C53F84C6C44F84C6C53F8486C44F8F8
:10BA6000486C53F8446C44F8446CB9D1BF01384475
:10BA70003944C2F383075FB1051F3B460C4654F8B7
:10BA8000046B013B45F8046FF9D1BF0038443944D9
:10BA9000940704D50B880230023120F8023CD3070A
:10BAA00001D50B780370F0BC704700BF22B102448F
:10BAB00000F8011B8242FBD1704700BF29B101444D
:10BAC000002300F8013B8142FBD17047AAB130B49A
:10BAD000044603780878181A0AD12244013405E094
:10BAE00014F8013B11F8015F5B1B03D19442F7D1BD
:10BAF00030BC7047184630BC70471046704700BFD6
:10BB0000014640B100784B1C28B1581A13F8012B9C
:10BB1000002AFAD17047704770B10278431C6AB1AD
:10BB2000B1FA81F0400910B108E0814205D013F864
:10BB3000012B0130002AF8D1704770470020FBE745
:10BB400050B149B10B782BB100F8013B11F8013F1E
:10BB5000002BF9D100230370704700BFA0F141030F
:10BB6000192B01D82030C0B2704700BFF0B408B321
:10BB700007460C4617F8015B01E09D4214D014F80B
:10BB8000013B002BF9D1CDB13D460C4615F8016BB8
:10BB900000E05BB114F8013B9E42FAD146B10023AC
:10BBA0003B701560F0BC70473846E1E72F46EBE785
:10BBB0003546F6E710680028DAD1F3E72846156025
:10BBC000F0BC704710B5074C44F2A7116FF000426B
:10BBD00000232068A0FB010107F0AAFC22601046A8
:10BBE00010BD00BFDCE70020024A13681844106053
:10BBF000704700BFDCE70020F8B5154687690022D2
:10BC00000E462A70BB8BA3B1144643F00170FAF7BD
:10BC1000FDFA30512C780D480434E4B22C70BB7F0F
:10BC20001B021843FAF7F2FA30512B7803332B70CA
:10BC3000F8BDC06DFCF782FF28B18368283B9BB23A
:10BC4000BB832C78E1E72C78BB8BDEE70000030395
:10BC500038B58469054688212046FFF72FFFA96B78
:10BC60001A4A4FF406702B6F9142A087A38323D802
:10BC70009BB2A160994200D2A183A37F4FF44050B0
:10BC800000FA03F28A4206D20133DBB200FA03F271
:10BC90008A42F9D3A377696B4FF0FF330C220B482C
:10BCA0002367E3666366E3676367A366A367A264CB
:10BCB000E264A06319B938BDA2601146DDE705F161
:10BCC0003400BDE83840FFF7A1BB00BF0000FF0F04
:10BCD00088B138B50546006828B14468FEF700F819
:10BCE0002046002CF9D1002328466B602B60BDE86C
:10BCF0003840FEF78FB9704706292DE9F041069DBF
:10BD000004D00695BDE8F041FCF782BEA2F10E0416
:10BD10001F46072C28D8DFE804F020271C13270F24
:10BD20000B04C36F3B60042300202B60BDE8F0814F
:10BD3000836F5B083B60F6E7436F5B083B60F2E7AD
:10BD40008369D3F8843013F0080307D001233B60E4
:10BD5000E9E790F880303B60E5E7036F3B60042340
:10BD600000202B60BDE8F0816FF00801FEF7D8FEDF
:10BD70004FF0FF30BDE8F08138B5456AA5B1044603
:10BD8000FDF7CCFC656A00E025462C68002CFBD151
:10BD90002B6B29469A6A03F12400013A9A62FEF756
:10BDA000DBFE2C63FDF7C2FC284638BDF8B504461F
:10BDB0008820FEF73FF9F8B10246002301214FF435
:10BDC000615E96270826A26140254FF4004218467E
:10BDD000236784F88C3084F88E3084F86D3084F8D2
:10BDE000801084F88D10C4F874E0A767E66784F8C3
:10BDF0006C50A264A263F8BD20466FF00201FEF70A
:10BE00008FFE4FF0FF30F8BDF8B506460D46FDF742
:10BE100085FC344B1C68002C56D0002701E02468B8
:10BE2000A4B1B4F862206B889A42F8D1237B042B2A
:10BE300033D1002FF3D104F160073846FFF7C8FC77
:10BE4000002846D027462468002CEAD1002F3BD09A
:10BE5000FC696CB1314604F15400FFF7C5FC20B118
:10BE6000B4F8562073889A4213D02468002CF1D17C
:10BE70007C6A6CB1314604F15400FFF7B5FC20B187
:10BE8000B4F8562073889A4203D02468002CF1D16C
:10BE90003C46FDF74BFC2046F8BD294604F1600006
:10BEA000FFF7A2FC0028BAD0237B002BB7D0314685
:10BEB00004F15400FFF798FC0028B0D0B4F85620E5
:10BEC00073889A42ABD1E4E70024FDF72FFC2046AB
:10BED000F8BD38462946FFF787FC00280CBF00272D
:10BEE00027469CE7E061002091F88030042B17D0B2
:10BEF00015D3062B1AD8052B1CD0CB6E0A22013B7A
:10BF000081F88020033312D84FF0FF3201238A6674
:10BF10000370D1F8843043F00803C1F884307047CF
:10BF20000722012381F880200370F2E77047302355
:10BF3000CB66E9E70B6A9342DFD0082381F88030B3
:10BF4000E7E700BF002944D0CA682DE9F84F177B06
:10BF50008B46824614244FF00C083F09BD00AC42CA
:10BF600029D2A35CA11833B3012B26D004F1010917
:10BF7000A94520D24878661E0644B5421BD9022B3B
:10BF80001DD0032B11D18B780C2B98BF8AF83E3033
:10BF9000DAF8843088BF8AF83E8043F02003DBF86B
:10BFA0000C20CAF88430177B3F0912F80930BD0015
:10BFB0001C44AC42D5D3BDE8F88F0134CEE74888A5
:10BFC000FAF720F9DBF80C20AAF83C00177B3F09B0
:10BFD000EBE7704770B5056B0446E5B1037B022BB8
:10BFE0000CD0AB6A8069013BAB62FFF771FE214662
:10BFF00005F12400BDE87040FFF71CBA2B6A806988
:10C00000013B2B62FFF764FE214605F11C00BDE8F1
:10C010007040FFF70FBA8669D6F88430DB0716D474
:10C02000306828B14568FDF75BFE2846002DF9D140
:10C03000002504F1440075603560FFF7E7F92573CA
:10C0400004F154000C21BDE87040FFF737BD3046C5
:10C05000FFF73EFE21460248BDE87040FFF7EAB90F
:10C06000E061002006292DE9F041069E14D1152A31
:10C07000054614461F4606D80123934013F4651F56
:10C0800001D0042E3CD10E3C072C2CD8DFE804F064
:10C09000092B0F2B2B171E250696BDE8F041FCF748
:10C0A00097BC3B6863B32B670020BDE8F08138681C
:10C0B00010B30123002085F88030BDE8F0813B6893
:10C0C000F3B15B0000206B67BDE8F0813B68BBB15A
:10C0D0005B000020AB67BDE8F0813B6883B1EB6794
:10C0E0000020BDE8F0816FF008012846FEF718FD3A
:10C0F0004FF0FF30BDE8F08185F88000BDE8F081A9
:10C100006FF00501F1E700BF002A18BF002B2FD008
:10C11000F8B5E1B1DB68054610469F7893F803E077
:10C120001E785B7847EA0E2746EA032357804B8048
:10C13000FFF76AFE58B1092D09D8DFE805F015119F
:10C140000D05050D0D080809027B042A11D1F8BD63
:10C15000F72280F88520F8BDE82280F88520F8BD18
:10C16000F82280F88520F8BD83699A8F1A63F8BD9C
:10C170007047EE22BDE8F84080F88520FFF72ABF1F
:10C1800038B5144D00221449C82001F059FE28602A
:10C19000A8B1002211494FF4FA7001F051FE104B82
:10C1A0000446186070B1FFF70DFD0E4A00211368B8
:10C1B00003F57A4353FA80F01060084638BD4FF01B
:10C1C000FF31FAE7286801F05BFE2C604FF0FF3189
:10C1D000F3E700BF18E8002029CF0000E1E40000E9
:10C1E0001CE8002030E000202DE9F047044688B02C
:10C1F0004069FEF7E9F9002107461420FDF7C0FB6E
:10C2000000286ED005461421C068FFF757FCE66A87
:10C2100026B194F83080B8F1000F6BD1EB68502252
:10C220001A73EE68E388E0693380638A7380F9F7F4
:10C23000EDFFD5F80C807060206AF9F7E7FFEB6836
:10C24000C8F8080094F824205A73EE68E08CF9F7D7
:10C25000D9FF616BF0812846FDF78AFE0546208DE7
:10C26000EE68F9F7CFFFEB68002270821A8203F1C3
:10C270001006238A012B0FD0AA8A4FF4C0612846EA
:10C28000FBF73AFFEB6830801033228A012A0CD08A
:10C29000002008B0BDE8F087002F6CD03B6A9B07F8
:10C2A00059D4EB6803F11006E6E72068E168A2695B
:10C2B00000285CD0447890F800E090F82000002638
:10C2C00005930623049002953846CDF804E00094C7
:10C2D0000396FCF7ABFF08B0BDE8F0872846FDF7F2
:10C2E000FFFC606B08B1FDF7FBFC6FF0020008B0CB
:10C2F000BDE8F087002128200795C146FDF740FBE7
:10C3000082460028EAD02821C068FFF7D7FB5146B3
:10C310000798FDF72DFE0023721E0668079012F89D
:10C32000010FF168C85401339845F8D118F0030F94
:10C3300005D028F0030808F104085FFA88F9A9F18C
:10C34000280107A8FDF760FD3369079A1433D26806
:10C350009B00137365E769693846FCF711FC0028F8
:10C360009FD1AA69034642F02002AA618DE70446E4
:10C370004FF0400EA3E7A069FCF7E0FB074600285A
:10C380008CD18EE72DE9F04784698EB0426C05466A
:10C39000266AE368C06DF31AC3EB02088845474676
:10C3A00028BF0F46FDF782F807F11403984238BF03
:10C3B000A0F11407C7EB0803B3FA83F35B09002F5E
:10C3C00061D0002B5FD04FF0180995F850200AB1CA
:10C3D000002B69D1A9696B6B8A68D31A62D488690A
:10C3E000984204D2B1F81CE0191A714553D3A361E5
:10C3F000002F46D0696C00233A46E86CC8EB010177
:10C40000FDF7C4FB804600285ED005F16C030DF1FA
:10C41000380A05F160010C2201A84AF8383DFFF7FF
:10C42000C3FA05F154010C2204A8FFF7BDFA226AF1
:10C43000636A4FF0FF318DF8249000250893504631
:10C44000A3690792A27FA167D340CDF83480ADF8ED
:10C450002850ADF826300B958DF83050FFF7C4FE0C
:10C460002369B91925645A1C03F1005321629A42C9
:10C470000CD9914201D2994200D821610EB0BDE899
:10C48000F087B846C1E74FF010099EE79142F2D21B
:10C490000EB0BDE8F087B1EB520FA8D2002818BF4C
:10C4A0000346A4E70023A2E794F8803049F001098D
:10C4B0000136042B0DD0072B0FD0D4F8843043F075
:10C4C0000403C4F8843085E7B9196FF002002162D3
:10C4D000D4E7052384F88030EFE7092384F880301F
:10C4E000EBE700BF2DE9F0410C6805468EB01E4613
:10C4F000607B00F01000002837D100F0FF030F46EA
:10C50000904607936068F9F781FE3B68D8F8001001
:10C510004FF0140E5A7B1B7B02F00107C2F340045C
:10C520001B098DF824E07A182244A2EB8302104400
:10C5300008900EAC314601A80C2244F8385DFFF794
:10C5400033FA0C22149904A8FFF72EFA0023204690
:10C55000ADF82630ADF828300B938DF830300D93C0
:10C56000FFF742FE0EB0BDE8F081A068F9F74EFE7D
:10C5700000220423079008928DF82430D9E700BFE9
:10C580002DE9F04F846991B09946064601920F4615
:10C59000426BA368256A9A1A74D4A169914204D2A5
:10C5A000501AB4F81CE0704562D3B907A26157D4A1
:10C5B000A37FDA401FFA82F8FB070CD594F880209D
:10C5C0000135042A69D0072A6BD0D4F8842042F0C0
:10C5D0000402C4F8842007F0100202F0FF0B0AB135
:10C5E000D4F824B00C2206F16C030DF1400A06F1D8
:10C5F00060010DEB02004AF8383DFFF7D5F906F16E
:10C6000054010C2206A80026FFF7CEF94FF0FF31A7
:10C61000226A5046019BA16709920D93CDF828B07C
:10C620008DF82C70ADF82E808DF83890ADF8306014
:10C630000F96FFF7D9FD236926645A1C03F10053B6
:10C6400025629A4206D8954201D39D4204D911B081
:10C65000BDE8F08F9542F8D3256111B0BDE8F08FA9
:10C66000B2F5405F05F10105A4D94FF44058A3E7A6
:10C67000B0EB530F99D2002918BF0A46B907A2613F
:10C6800096D5EDE7002301F00201A36101F0FF025E
:10C6900000298DD0013598468EE7052284F8802048
:10C6A00093E7092284F880208FE700BF30B58469C2
:10C6B00085B0054694F88030052B21D0092B1FD07A
:10C6C000022B09D0002310211A46FFF759FF4FF023
:10C6D000FF33A36705B030BD236A0DF1070202A93D
:10C6E000013B2362FFF788FA9DF8073002AA28462B
:10C6F0001221FFF745FF4FF0FF33A36705B030BDB0
:10C70000226A002328461121551E1A462562FFF78A
:10C7100037FF4FF0FF33A36705B030BD027B32B166
:10C720008269936F591C02D0013B936703B1704734
:10C73000FFF7BCBF38B5FCF7F1FF0A4B1D686DB1C0
:10C740002846FFF7EBFF6C6A2CB12046FFF7E6FFA7
:10C750002468002CF9D12D68002DF1D1BDE83840B6
:10C76000FCF7E4BFE06100202DE9F84305461446DC
:10C77000894603F002078669DDF82080FCF7CEFFCA
:10C780002846B7FA87F3494650F8342F5B09A2428E
:10C7900028BF2246FEF7A0FF044607BB336CB28BCE
:10C7A0000344B3EB420F336422D32B7B032B13D010
:10C7B00054B3B8F1000F0AD040460C2205F15401E1
:10C7C000FFF7F2F81CB9D6F884301B0728D4FCF721
:10C7D000ADFF2046BDE8F8832846FFF767FF002C31
:10C7E000E7D12B7B032B0FD1B8F1000FEBD0E3E7A0
:10C7F000B268B3EB520FD8D2B269002AEFD1002B46
:10C80000D3D1002CEDD0D4E76FF01304FCF78EFFEA
:10C8100028462146FEF784F94FF0FF30BDE8F88343
:10C820006FF01904F2E700BF2DE9F8438569074668
:10C830008946EC682A6AD5F88400AB6AC4EB020822
:10C8400020F04001B3EB0804C5F8841068D42B6BCA
:10C85000A98FC8EB03037A6CB3FBF1F3C8EB0208B2
:10C8600003FB01F34445A8BF44469C42A8BF1C46B5
:10C87000002C49DD0026A1423ADDEB6AB4EB530FF0
:10C880002EDCD5F88430DA062AD4E9682A6A914287
:10C8900002D097F8802072B1A219904563D0696FD9
:10C8A000AA6C481C01D0914201D92A656A6743F0FD
:10C8B0004003C5F8843086B395F86030002B37D13B
:10C8C0002B6A002101226B61E96785F860204FF037
:10C8D000FF322B6F93426A6740D00120BDE8F88396
:10C8E000264438462146FFF74DFD002EE4D114E0E2
:10C8F0003846FFF747FDA98F641A0E44002CDADD95
:10C90000B9F1000FB7D0D6E797F850302BB1B8F196
:10C91000000F02D110F0040318D00020BDE8F88306
:10C9200022449846022300242A6285F860308EE76C
:10C93000022BCCD16A692B6A511C02F10052914240
:10C9400017D99942BDD99A42C1D3BAE71A46384697
:10C950001121FFF715FE2B6F0133BED1AB6C012007
:10C960002B67BDE8F88321463846FFF70BFD4646A6
:10C97000A1E79942E7D9AAE738B5037B032B25D174
:10C980000D460446FCF7CAFEAA0702D594F85030BB
:10C9900043B1EB0702D594F8403063B1FCF7C6FE13
:10C9A000002038BD0121204684F85010FFF73CFFDD
:10C9B000EB07F3D5EFE704F13400FEF727FD012381
:10C9C00084F84030FCF7B2FE002038BD6FF0130150
:10C9D000FEF7A6F84FF0FF3038BD00BFCB682DE959
:10C9E000F04F0546846985B0986817468846F9F780
:10C9F0000DFC95F88D20D8F80C308146012A93F86B
:10CA00000DA00CBF6A6F4FF0FF32A2663A68500764
:10CA100001D50122A267E1684FF0FF3289456266C5
:10CA200000F0DE800023C1EB09016E6C63648E426E
:10CA3000236BA84A28BF0E46934215D8A26B934297
:10CA400000F2EB8099198A4280F0E181616B2263E8
:10CA5000194413468A1A324462639A4204D3A18F5E
:10CA6000D21A0B4462632363314605F14C00FDF793
:10CA7000CBF9236A696C5A1C03F10053891B9A4253
:10CA80006964C4F80C9045D9914501D2994501D803
:10CA9000C4F82090636913F1005259D2994506D326
:10CAA000914504D894F86030012B00F09981D8F8B2
:10CAB0000C30D8F8142003F10C00D4F884100907C6
:10CAC00049D503784FF001091B09B2EB830F3B688E
:10CAD00002D943F002033B601B0702D41AF0080F8F
:10CAE00002D02846FFF7E2FDD4F884102846C1F3AF
:10CAF000C011FFF799FE3B6810B143F001033B60A2
:10CB0000A26A52B96A6C42B1626F013200F095803C
:10CB1000226D08E09145B9D2BCE7D4F884205606CE
:10CB200002D44FF0FF326267226AE16891420CBF83
:10CB30004FF0FF32A26C13F0090F226704D198075F
:10CB400002D52846FFF7B2FD484605B0BDE8F08F94
:10CB50009945A5D3A6E7CDF80880017893F80D8014
:10CB600009094FEA810991455BD0AE695868F9F728
:10CB70004DFB736A9842706862D0029BB1685A6933
:10CB800002448A427FD83A68316842F002023A6031
:10CB9000002900F06A814FF000090391DB685868B2
:10CBA000F9F734FB029B00F10108DB685868F9F7DC
:10CBB0002DFB039B00F1005BDB685868F9F726FB4F
:10CBC000D8456CD8804501D883456AD2DDF80C90F1
:10CBD000D9F80430002B00F0FF800393029BDDE7BF
:10CBE000266AB14524D06A6C12B3197B03F10C009C
:10CBF000D8F814200909B2EB810F7FF45EAF1AF068
:10CC0000030F7FF45AAF616C01F1010EBEF1030F07
:10CC100000F04381C4F844E04FE7626B3244626342
:10CC20001BE718F0210FA0D13B684FF0010953E733
:10CC300003F10C00D8F814203FE7A26C226572E7DC
:10CC400000289AD118F0010F40F01481494602A83B
:10CC5000FDF7DAF8029B002B00F00981726A194691
:10CC60005B694FF00009E86B13447362FDF780F9CC
:10CC7000029B6A6B59693B680A44E86343F004030A
:10CC80006A633B6028E7DB685868F9F7BFFA736AA4
:10CC90009842029B3FF477AF4FF0010910E08045C6
:10CCA00092D8B9F1000F00F09480029BC9F80430CB
:10CCB000039A5A6071684FF000095A690A44726019
:10CCC000DB685868F9F7A2FAD6F824B058453ED088
:10CCD0003B6801E7FFFFFE0F834565D84868F9F719
:10CCE00095FA32680190D2685068F9F78FFA326885
:10CCF0007168D2F814E0D368CEEB010C516893F858
:10CD00000C8003924FEA181886E802100021AEEB5F
:10CD1000880851608044597BC9077CD4D2680423B9
:10CD200003A8117B090913FB01B1019BC91AFDF787
:10CD30006BF8039A42B16B6B11465269E86B13446E
:10CD40006B63FDF715F9E863C346C6F824803268C3
:10CD5000002ABDD0D2685068F9F758FA3268804688
:10CD6000D2685068F9F752FA00F1005080452DD88A
:10CD7000D845ADD85845ABD332680BF10058D268CE
:10CD80005068F9F743FAD6F800E0C345DEF80C1016
:10CD9000DEF8142091F80CC04FEA1C1CA2EB8C02A8
:10CDA000104499D8834501D8804597D2DEF80430E5
:10CDB000704672685969CDF80CE0521A336072609F
:10CDC000FCF78EFF3268002AC4D181E7D845D1D85C
:10CDD000D2E7029B33606BE7029BC9F8043069E736
:10CDE000A26D4AB3E06FA0EBD2000244002A39DD05
:10CDF000D108A26580EAE072E36DA2EBE072A2EBDB
:10CE000093021A44002A1DDC0122E2651BE00B4656
:10CE1000626B216321E6986808F10108F9F7F6F9D9
:10CE2000A969024605F10C00FFF75EF83968039A1C
:10CE300041F00801396071E7E26F0132D30052001E
:10CE4000D908A365E265D8F80C300A4400264FF0F3
:10CE5000FF31A26403F10C00D8F8142084F860605C
:10CE6000E1672AE60021A365C4E7336022E799461B
:10CE70003B6831E6029BDB689868F9F7C7F9A96956
:10CE8000024605F10C00FFF72FF8726A3B68013289
:10CE900043F0080372623B60D8E6236B0231A26A5A
:10CEA00061649342A18F8CBF53085B084A00A3635F
:10CEB0009A4201D91346A26323632846C4F82090FE
:10CEC000FFF760FA3B684FF0FF3E022143F001029A
:10CED000D8F80C30266203F10C003A60C4F87CE00C
:10CEE00084F86010D8F81420E7E500BF2DE9F0477A
:10CEF0001446564A0646944200F29980027B032A61
:10CF000062D114B92046BDE8F08799468846876902
:10CF1000FCF704FCB56CD6F844A0FDF7A1F840F688
:10CF2000C90398425FD9CAEB0502824256D894429F
:10CF300033D819F0040F35D096F88C3093BB012309
:10CF400086F88C30D7F884309442404628BF144687
:10CF500043F0800301222146C7F88430FCF75CFDD2
:10CF60000546002866D04FF0010806F1440929461D
:10CF70004846FEF765FB002852D1BB6AE3BB7B6FD6
:10CF8000013349D0B8F1000F02D0002386F88C306D
:10CF9000FCF7CCFB2046BDE8F08722B319F0040F64
:10CFA0004AD11446D7F884309442404628BF1446EC
:10CFB00043F0800301222146C7F88430FCF72CFDA2
:10CFC000054630BB0446E3E76FF013014FF0FF3432
:10CFD0003046FDF7A5FD2046BDE8F08784420246B5
:10CFE00028BF0446A5E7FCF7A1FB00248AE701213E
:10CFF0003046FFF719FC28B1337B032BF7D04846A6
:10D00000FEF704FAD7F8843023F08003C7F88430A1
:10D01000B8E74FF00008A8E7BB6C3B657B67B1E75A
:10D0200028460024FCF73EFDFCF780FB6AE76FF022
:10D030000501CBE70446A8E796F88C30002BB0D169
:10D040000123144686F88C307CE700BF0000FF0FF8
:10D05000F0B5054685B008460C46FEF7D1FB002822
:10D060004DD001462046FEF7A9FB00283AD12046C4
:10D07000FEF794FB002835D12846224FAE69FEF713
:10D08000E7FD02A90DF107022846FEF7B5FD3A6853
:10D0900005F15403511C3262316194E8070083E8C2
:10D0A0000700FCF73BFB02AA9DF807300221284647
:10D0B000FFF766FA0446F8B90122022386F88020B9
:10D0C0002B73FEF77FFD3B68B16C1E2203F57A439C
:10D0D000316753FA80F0F2663860FCF727FB204690
:10D0E00005B0F0BD6FF00E0428462146FDF718FD8F
:10D0F0004FF0FF3005B0F0BDFCF718FBF4E76FF020
:10D100000F04F1E730E000202DE9F04F8BB0DC6830
:10D1100007460E460AAD1498904645F81C3D247B00
:10D12000FCF7DEFD28462409A4002146FCF7FAFDA1
:10D13000013008D0039883699B060BD539463046E9
:10D14000FEF73CFBD0B103990846FCF7C9FD0BB0D4
:10D15000BDE8F08F828A4FF4C061FAF7CDFFB8F8CE
:10D16000003008F1080206F10801012B14BF10235A
:10D170000423FAF7D9FF0028E5D1DFE73046FEF7B0
:10D180000DFB03990028DFD14B699C42DCD8CB68AA
:10D19000404639461A8872805B88A8F80230FEF74C
:10D1A0000DFB18B94046FEF7F9FA50B10399434612
:10D1B0000096002001F114020C31FFF793F9039956
:10D1C000C2E741463046FEF71FFE0546002800F044
:10D1D0000181037B042B00F0F380039B0022AC69E8
:10D1E000D9685A60486807920693F9F70FF8069BCA
:10D1F0000746DB68986893F80CB0F9F707F88146A2
:10D20000069894F88020C368012A5B7B03F03F0AEC
:10D2100062D0032A60D0022A72D0616A07F1010E3F
:10D2200007F100524FEA1B1B96454FEA8B0B00F2A9
:10D23000B9808E4528D88A4226D3426901F1005E22
:10D24000481CCBEB020270453A4400F2BF8090428A
:10D2500027D8964525D3CF1B06A8594602933A46B0
:10D26000FCF7D6FD029B9A0600F1C280069B676A16
:10D27000DA6838460292F8F7C9FF079B029A43F032
:10D2800002035060616A0793A3691944481C01F1C5
:10D290000052904209D8B84200F28880BA42C0F0E9
:10D2A00085802846FFF702FA4DE7B842F9D9BA421D
:10D2B000F7D2069B5B69CBEB03033B44984201D951
:10D2C0009A427AD3C91A06A8FCF79EFD079B94F8E8
:10D2D000802043F0020307930AF01403142B36D086
:10D2E0001AF0040F1AD0012A3FF42DAF032A3FF49D
:10D2F0002AAFEE23284685F88530FEF76BFE22E73D
:10D3000094F88110012988D113F0020F616A85D049
:10D3100001F1FF3E774581D15B07EAD40AF00203B1
:10D3200003F0FF0BABB3022A72D0032A16D0012AF6
:10D3300014D0069905F16C004346009601F11402E1
:10D340000C31FFF7CFF82846FEF744FEFBE6012A32
:10D35000C6D1236A99457FF4F6AECAE70AF01003F6
:10D3600003F0FF0A002B00F08280002A00F0A58065
:10D37000022A40F29180032A40F09F80069943469A
:10D38000009605F16C0001F114020C31FFF7AAF8C8
:10D39000D9E6012A01D0032AE0D11AF0100F3FF498
:10D3A000D2AEEBE78E453FF646AF46E7069B5B699C
:10D3B000CBEB03033B44984282D994F880208BE75F
:10D3C0000C2231465430FEF7EFFA06E790423FF662
:10D3D00040AF40E70399CB685B7B5C073FF5B4AE99
:10D3E00001F11402009643460C31FFF77BF8AAE6E0
:10D3F000069A0293D268508AF8F704FF8742029B8C
:10D400004ED9069A03F01F0AD36883F80DA02DE7C2
:10D4100094F88130012B8CD1636A013B9F4288D103
:10D420000AF0100303F0FF0A002B3FF43AAF236A1F
:10D430009945A3D1069BDB68D889F8F7E3FEA06283
:10D44000A36AE26A9A4238BFE36294F88030013BF3
:10D45000092B00F2C181DFE813F06A01BC00AD00C6
:10D460009E007B009E009E006E0066004700022A20
:10D470003FF417AF032A02D0012A7FF464AEBBF158
:10D48000000FD7D1069BDB68D889F8F7BBFE94F86C
:10D490003E309840A062D3E7236A9945EFD06DE70C
:10D4A000069BDB68588A0293F8F7ACFEC01B80B27B
:10D4B000F8F7A8FE029B5882D8E6E26823699A42F0
:10D4C0000FD8914501D39945D9D95A1C03F100537E
:10D4D0009A4225D89145FFF436AE99453FF633AED2
:10D4E000DFE69145EFD3CAE706994346009605F17A
:10D4F0006C0001F114020C31FEF7F4FF95F8403096
:10D50000002B3FF420AE6B6B002B3FF41CAE0126CA
:10D5100005F13400FDF77AFF012E7FF418AE12E614
:10D520009145DAD3BDE6236A99457FF40CAE2846CF
:10D53000FEF750FD07E6236A9945DFD14FF0FF3330
:10D540000A21302284F88010E2662367A366D5E7BB
:10D5500007AA06992846FFF741FA226AE3680646B9
:10D560009A421FD095F84030002BD5D06B6B002B22
:10D57000D2D0CDE72C6B2946226A04F11C00A36AA5
:10D58000013A01332262A362FDF7E6FA294604F16B
:10D590002400FDF7D1FA07AA06992846FFF71EFADC
:10D5A0000646DFE794F88030052BDBD1062384F8AC
:10D5B0008030D7E7296AAB6AEA6A0B44934222D3E8
:10D5C0000C2105F15400FEF779FA0023A362E3620F
:10D5D00094E7032194F881204FF0FF3304208A421E
:10D5E00084F880002973C4F80C90E3662367C1D0E7
:10D5F000BBF1000FCFD095F88D30012B7FF47EAFBB
:10D600006B6FA3667AE72846FDF7A6FB82460C21DE
:10D6100005F15400FEF752FABAF1000F00F08280D3
:10D620000C2241460AF16000FEF7BEF98820FCF7A3
:10D6300001FD8146002850D0CAF818005046FEF778
:10D6400007FB2B6AA26A0020E16A0133C9F828208F
:10D650000137C9F82C105146A062E06205F11C00A8
:10D66000614C2B62CAF83050FDF766FA226802233B
:10D67000C9F82470511CC9F820200322DAF81800D8
:10D68000C9F810108AF80C30069989F8803089F8AA
:10D690008120FEF757FCDAF81830D3F8842012F016
:10D6A000200207D199689A77B1F5405F02D94FF40B
:10D6B00040529A60998FB9F83C201963AAB906992B
:10D6C00005F16C004346009601F114020C31FEF79F
:10D6D00009FF5046FEF77EFC10E75046FCF79AFC27
:10D6E000C4F82890C4F82C9008E70DF117025046B2
:10D6F00008A9FEF781FA08AA9DF8173012215046B2
:10D70000FEF73EFFFEF75EFA23681E21D9F8482097
:10D7100003F57A43C9F86C1053FA80F0C9F8702009
:10D720002060EBE6C4F828A0C4F82CA0E6E6013798
:10D730006762BAF1000F2BD0C4F80C900699A86963
:10D74000FEF700FCAB69D3F8842012F0200207D169
:10D7500099689A77B1F5405F02D94FF440529A60C8
:10D76000998FA28F1963002A3FF4E3AD4FF0FF3386
:10D7700028462367E366FEF799FF95F88D3004216C
:10D780000322012B84F880102A737FF4B7AE37E7A9
:10D79000A36C06992367A869FEF7D4FBAB69D3F89D
:10D7A0008420970608D49A6883F81EA0B2F5405FDB
:10D7B00002D94FF440529A60998FA28F1963002AC0
:10D7C0003FF4B7AD02220123284684F8802084F874
:10D7D0008130FEF76BFF91E695F840300126002B73
:10D7E0007FF4C4AEAFE400BF30E00020037B8BB316
:10D7F000826992F880300A2B2CD0012B2AD0022B80
:10D8000030B58FB027D0D168042300220791089249
:10D810008DF8243000F16C0304460EAD00F1600178
:10D820000C2201A845F8383DFEF7BEF804F154017A
:10D830000C2204A8FEF7B8F800232846ADF82630DD
:10D84000ADF828300B938DF830300D93FEF7CCFCFB
:10D850000FB030BD7047516A14230022089107921F
:10D860008DF82430D6E700BF037B042B10B50446A7
:10D870000BD0FFF7BBFF2046BDE81040FEF7AABB68
:10D88000FFF7B4FFE069FEF7A5FBE0690028F7D1D8
:10D89000606A0028EFD0FFF7A9FF606AFEF79AFBE5
:10D8A000606A0028F7D12046BDE81040FEF792BB21
:10D8B000037B042B70B504460D460ED08669FEF737
:10D8C000C7F9002303210422E562E3650020A4F8E0
:10D8D000563086F88010227370BDFBF71FFF03E0FF
:10D8E0003BB1E069FFF7C0FF236AA26A99188D4235
:10D8F000F6D3954205D2606AFFF7B6FFA36A9D4250
:10D90000F9D3E562FBF712FF002070BDF8B5FBF715
:10D9100005FF154B1C68B4B10027A5692668D5F82A
:10D920008430DB0713D4237B042B14D0286828B160
:10D930004468FCF7D5F92046002CF9D16F602F60C0
:10D940003446002EE9D1BDE8F840FBF7EFBE204693
:10D95000FEF740FBF4E7E0690028F1D0FFF784FF11
:10D96000E0690028FAD1EBE7E061002038B5037BDD
:10D970008569002B40D090F88E300446012B28D0CA
:10D98000FBF7CCFE237B032B29D194F85030002BDE
:10D990004AD0FBF7CBFEFBF7C1FED5F88430227BE3
:10D9A00043F00103C5F88430002A39D095F880305F
:10D9B0000A2B08D094F88E30012B27D03023EB6649
:10D9C000012384F84030636BABBBFBF7AFFE002054
:10D9D00038BDD0F88830002BD2D1FBF79FFED5F8A8
:10D9E0008430204643F00103C5F88430FFF73CFF44
:10D9F000FBF79CFE002038BDD5F8843043F00103CE
:10DA0000C5F88430FEF7E6FA002038BDD4F8883037
:10DA1000002BD3D00A4AA2FB03235B09EB66CFE7B6
:10DA20002046FEF7D7FAD0E70121204684F85010AF
:10DA3000FEF7FAFEADE704F13400FDF7E7FCC4E7BA
:10DA4000D34D6210037BF3B12DE9F043856991B0AA
:10DA500004466B6E5E1C02D0013B30D06B66EB6EF1
:10DA6000581C12D0013B0FD1D5F884304FF0FF3253
:10DA7000D907EA6633D595F880300A2B29D020469D
:10DA8000FFF7F2FE18E07047EB662B6F5A1C02D0CE
:10DA9000013B2FD02B67A96E4F1C02D04E1E72D0B7
:10DAA000AE66696F481C02D001394FD06967EB6FD1
:10DAB0005A1C01D00133EB6711B0BDE8F08390F937
:10DAC00085304FF0FF3218336A6602D0EF2380F8BA
:10DAD00085302046FEF77EFA11B0BDE8F08394F958
:10DAE000853013F1180FF4D00933F2D0E92384F80C
:10DAF0008530EEE795F880304FF0FF32012B2A6732
:10DB000000F0A880022B40F0B6802B6A0DF10702CE
:10DB1000204602A9013B2B62FEF76EF802AA9DF88F
:10DB2000073012212046FEF72BFDEA68696DAB6CC9
:10DB30009142E86C00F0CE80EB646A65782BA9D046
:10DB40005B00782B88BF7823EB64A3E7A6694FF0CE
:10DB5000FF32B36A6A67002B6CD120460121FEF7C1
:10DB600011FC326A336D013A782B326204D05B00CB
:10DB7000782B88BF78233365726E7367013296D134
:10DB80003023736693E74FF0FF33A76931460120D6
:10DB9000AB66FBF7F5FE8046002882D0A169636B77
:10DBA0008A68D31A00F19C808869984209D28E8BCA
:10DBB000191AB14205D2B1EB520F02D2002818BF98
:10DBC0000346B97F0C2204F16C060DF14009CB40ED
:10DBD0000DEB020004F1600149F8386D9EB2FDF7CB
:10DBE000E3FE0C2204F1540106A8FDF7DDFEFB68FC
:10DBF0007A6A4FF0100E591E00234846ADF82E6089
:10DC00000A92ADF830300D938DF838300991CDF887
:10DC10003C808DF82CE0FEF7E7FA7A6EA36F561C75
:10DC2000BB6659D0E16F01FB03F39A427FF639AF2F
:10DC30007B6636E7D6F88430204643F01003C6F8FA
:10DC40008430FEF7F1FDD6F8843023F01003C6F8D7
:10DC500084302CE72B6A0DF10702204602A9013B14
:10DC60002B62FDF7C9FF02AA9DF80730022120466A
:10DC7000FEF786FC59E7D5F884306A6E23F004037A
:10DC80000132C5F884302DD02A6B43F01003A96A05
:10DC9000E8688A42C5F88430286288BF4A08A98F9C
:10DCA00098BF520848002963AA63002190424FF0B0
:10DCB000020288BFA8634FF0FF3085F86020E86754
:10DCC0002046FEF7B1FDD5F8843023F01003C5F8E7
:10DCD00084302AE7034631E7E26F02FB03F3A7E74C
:10DCE00033466EE730226A66CEE700BF38B5FBF7F1
:10DCF00015FD134B1D68B5B1E86928B10468FFF73D
:10DD0000A1FE2046002CF9D1686A28B10468FFF70B
:10DD100099FE2046002CF9D12C682846FFF792FE88
:10DD20000CB12546E8E7FDF74DFF064A136803F5F9
:10DD30007A4353FA80F0BDE838401060FBF7F6BC38
:10DD4000E061002030E0002038B5104CFBF7E6FC25
:10DD5000206858B18269D2F8843043F00103C2F8D8
:10DD60008430FFF781FD20680028F3D1084D094C6D
:10DD7000286800F085F8206800F082F800232B6006
:10DD80002360BDE83840FBF7D1BC00BFE061002054
:10DD900018E800201CE80020054B1B682BB1186810
:10DDA000B0FA80F04009404270474FF0FF307047B2
:10DDB00034E0002038B5054D286830B10468FCF720
:10DDC00029F92C602046002CF8D138BD38E000201D
:10DDD000014B1B681B68184734E0002070B5FBF747
:10DDE0009DFC104B1C68C4B10F4D2E4601E0246809
:10DDF0009CB12B681B6898476368A268C01A904260
:10DE0000F5D333681B689847E3686060002BEED059
:10DE1000206998472468002CEBD1BDE87040FBF7DF
:10DE200085BC00BF38E0002034E0002008B5FDF7D5
:10DE30009FFDFFF7D3FFBDE80840FDF7A7BD00BF7A
:10DE4000F8B5B0B1A9B10546142017460E46FCF747
:10DE5000F1F8044658B1084B084A19681268016085
:10DE6000126818609047A5606060E66027612046F0
:10DE7000F8BD00242046F8BD38E0002034E0002042
:10DE800080B1094B1A68904201D107E01A46136825
:10DE90009842FBD103681360FCF7BCB802681A60B3
:10DEA000FCF7B8B8704700BF38E0002010B4034654
:10DEB0004024012000214FF4006283F86C4083F875
:10DEC0006E00084683F86D109A649A635DF8044BFF
:10DED000704700BF38B50C460546FBF71FFCE2074C
:10DEE00008D4A30702D5012385F85030FBF71EFCA8
:10DEF000002038BD012305F1340085F84030FDF7DE
:10DF000085FAEEE72DE9F04F044687B017469846AC
:10DF10000D46109EFBF702FCA36CBB42C0F0AE8026
:10DF2000002E00F08E80284600223946FBF774FD53
:10DF30008146002800F0A580B4F86230002B77D02D
:10DF400018F0040841D1C346706800B9606EFCF750
:10DF50003BFB012182460820FBF712FD002800F060
:10DF60009380C5684946B4F8622073882A806B8024
:10DF7000FBF7FEFF8146808AF8F744F932880023D8
:10DF8000A880012AAB71EB7106D1BAF1000F6ED0F7
:10DF9000DAF820309B0757D4B9F814204FF4885191
:10DFA0004846FAF7A9F825F8060F3388012B12D056
:10DFB000B8F1000F57D194F98530002B55D1FBF7FC
:10DFC000B5FB384607B0BDE8F08F012394F88CB05C
:10DFD00084F88C30B8E7B268002694F86D3002F00F
:10DFE000F00094F88CE0A16EE0280CBF94F86E006D
:10DFF00094F86C0000931123019050460595CDF8DC
:10E000000890CDF810E00396FBF710F9B8F1000F77
:10E0100001D084F88CB00028CDD001462046FCF712
:10E020007FFDFBF783FB4FF0FF3007B0BDE8F08FBB
:10E03000636904F160011868FCF760FEA4F86200EF
:10E040007EE704F154066EE7D9F814105046FAF74B
:10E0500097FD0028A0D1D9F81830054643F02003D9
:10E06000C9F81830A1E70020D3E70020D5E7B06851
:10E07000FAF764FD824600288AD18DE76FF0070029
:10E08000CBE76FF00200C8E74846FBF729FEB8F17E
:10E09000000FF6D06FF00200BBE700BF2DE9F041A2
:10E0A0000F4686B00C21054690461C460DEB01003C
:10E0B0000C9EFDF703FD95F98510C9B984F00204A3
:10E0C0004246394603ABC4F3400405F134000094E2
:10E0D000FDF728FB04461EB1314603A8FDF78AFB75
:10E0E000631C03D0204606B0BDE8F0816FF0070145
:10E0F0002846FCF715FD4FF0FF30F4E738B504462D
:10E100000D46FBF70BFB0C22294604F15400FDF7EA
:10E110004BFC032304F134002373FDF777F9FBF77D
:10E1200005FB002038BD00BF10B50446FBF7F6FA2A
:10E1300003482146FDF77EF9FBF7F8FA002010BDF1
:10E140000462002010B5054C216829B10348FDF791
:10E1500071F921680029F9D110BD00BF04620020C7
:10E160002DE9F04383B00193002B60D006460028D0
:10E170005DD00F4601A808211546FBF7D3FD0130FD
:10E1800055D0019BDC68A088F8F73CF8019B8046DD
:10E19000596988424BD8C0F09480E38823B1019834
:10E1A00083699B0640F1AC80A27801A894F803E053
:10E1B00008212378647842EA0E2243EA04236A8025
:10E1C0007B80FBF721FE31462846FDF7F7FA002851
:10E1D0007CD05B4B1C6854B34FF0000801E024680E
:10E1E000FCB1B4F862206B889A42F8D12846FDF75A
:10E1F000D5FA002846D02B88012BF0D1D4F8901006
:10E200000029ECD04A68AB689A42E8D10B689E427C
:10E21000E5D1B8F1000F02D098F84030E3B1A04644
:10E22000DDE7B8F1000F02D098F8403043B10A980A
:10E23000FBF756FD0198FBF753FD03B0BDE8F083F3
:10E240003A4608F134000199FDF718FA0130EED092
:10E250000A98FBF745FDF0E719464FF0FF320198A9
:10E26000FBF794FC81460028D9D008F134003A46E7
:10E270004946FDF703FA0130D1D14846A046FBF7E5
:10E280002FFDACE704F160094846FDF7A1FA28B973
:10E2900048462946FDF7A8FA0028A0D004F1540901
:10E2A0004846FDF795FA0028B3D148463946FDF7B0
:10E2B0009BFA002893D0B4F856207B889A428ED1DE
:10E2C000A7E7411A01A8FBF79FFD66E72846FDF77F
:10E2D00065FA00287FF47DAF194811233A46294694
:10E2E0000068FCF78FFCF0B190F84030002B9ED115
:10E2F0003A4634300199FDF7C1F9013097D0A7E7CC
:10E3000042464FF48851F9F7F7FE2B8805F10802D1
:10E3100007F10801012B0CBF04231023F9F704FFB8
:10E32000002884D140E70198FBF7DAFC2B88012B09
:10E3300083D1032230460A9B1146FAF731FA7CE773
:10E3400004620020002A18BF002B41D000293FD0D2
:10E3500001382DE9F041082806D8DFE800F0073041
:10E360003333303005053600BDE8F0816FF0070724
:10E3700018480468002CF7D015468846DE6802E08D
:10E380002468002CF0D0294604F15400FDF72CFA43
:10E390000028F5D0B4F8562073889A42F0D1B4F82A
:10E3A000622033889A42EBD1414604F16000FDF7C8
:10E3B0001BFA0028E4D084F88570BDE8F0816FF086
:10E3C0001707D5E76FF01107D2E76FF00807CFE71F
:10E3D000704700BF0462002090F8A23090F8A3209C
:10E3E0009A4202D90344987E70474FF0FF3070473D
:10E3F000704700BFB0F8303193B190F82F31882BBF
:10E400000BD8C21810B45C1C012380F82F411846A9
:10E4100082F8A5105DF8044B7047012200230271B9
:10E420001846704738B50546B0F8300190B195F8F8
:10E430002F311446C3F1890294420CD805F1A5008E
:10E440002246184401F076FD95F82F3120461C44F1
:10E4500085F82F4138BD144601222A71EEE700BF2E
:10E46000704700BF2DE9F04F8346404883B0152523
:10E47000DBF814A09BF818609BF819300AEB06161D
:10E480003B490AEB0313DFF8ECE0367A0C4693F8CD
:10E4900028303601DFF8E0901B01871950F806801C
:10E4A00000EB030CC658F8687B68DCF80C7000932E
:10E4B0001D60C8F88400D8F80430DCF80420034359
:10E4C0000192C8F804301560C6F8847073683B4345
:10E4D00073600968DEF80030A9FB0332920C02EB8E
:10E4E0008202520023685B1A9A42FBD8204A09250F
:10E4F000DFF884C09146D8F80830184202D0B368DB
:10E500001F4231D1C6F888701468DEF80010ACFBE9
:10E510000131890C01EB810113681B1B9942FBD867
:10E52000C6F88470D9F80040DEF80010ACFB013169
:10E53000890C01EB810113681B1B9942FBD8013D3B
:10E54000D9D128469BF81830009A0AEB0313DB68F0
:10E5500013609BF81930019A0AEB031ADAF82C3091
:10E56000136003B0BDE8F08F0120EBE770080020D6
:10E57000041000E05853002083DE1B430D4902695C
:10E5800010B50C6805E0DB0107D40B681B1B102BD2
:10E5900008D8536913F0007FF5D14FF4FE430120F2
:10E5A000536110BD0446FFF75DFF0028F9D02269D2
:10E5B000F3E700BF9CEC00202DE9F04790F82FA175
:10E5C000BAF1000F02D10420BDE8F08705460E46DF
:10E5D000FFF7D4FF0028F6D02E4F00244FF4007927
:10E5E000D7F80080544529691AD8CB6D03F007038A
:10E5F000032B09D914E095F8A5200133012442F436
:10E600008062042B0A660BD02A19002CF3D0A24595
:10E6100027D9013392F8A5200134042B0A66F3D1DF
:10E620004B69180522D45A0527D4980404D43A68B3
:10E63000C8EB0202322A09D90B694FF40072042098
:10E6400043F440730B610A66BDE8F087544505D971
:10E65000CA6D520702D19B0519D4C6B103F084FBE1
:10E66000C0E70EB1C1F860900134D9E70B6904200E
:10E6700043F440730B61BDE8F0870B694FF40072FF
:10E68000022043F440730B610A66BDE8F087002066
:10E69000BDE8F0879CEC00202DE9F84F0C461546AC
:10E6A00098468146FFF76AFF10B90420BDE8F88F4D
:10E6B00000226300002D40F2014A1446DBB23D4EB9
:10E6C00008BF0125022C43EA0A0AD6F800B089F8EF
:10E6D000A22089F8A32048D9D9F8103099F8A320AE
:10E6E000872A12D8D96DC1F3024111B90DE0882AE9
:10E6F0000BD002F1010E09EB020001395FFA8EF234
:10E7000089F8A3201F6F8776F1D15A6910054CD480
:10E7100012F4105F04D13168CBEB0101322912D918
:10E720001A694FF4007142F440721A611966DA6D89
:10E7300012F4E02F03D01A6942F400721A6199F8BA
:10E74000A300BDE8F88F99F8A310A94209D3022CC1
:10E7500007D9D96D490704D19205E8D4B8F1000F63
:10E76000E5D003F001FB022CB6D8D9F81020D36D08
:10E7700003F00703032B0DD8691E4FF4007041F41A
:10E7800080714CB9C2F860A0013B0134032B01D861
:10E79000022CF6D91346A1E7012C04D0B8F1000FE2
:10E7A000F2D01066F0E71166EEE71A6942F44072A3
:10E7B0001A61BCE79CEC0020036970B5D3F81451D2
:10E7C000044615F4706201D0C3F81421AE070BD5CE
:10E7D000D3F87011080442D50022012084F8A22049
:10E7E000224484F8A3009176EA0710D594F83061AA
:10E7F00016B394F82E6194F82F21B2422BD9721CD3
:10E80000264484F82E2196F8A520C3F86021AB0594
:10E8100011D594F8A30018B1D4F83C3103B198474E
:10E82000002384F8A23084F8A33084F82E3184F8D1
:10E830002F3184F8303170BDD4F838210AB19047B7
:10E8400023690122002184F8302194F82F2184F8D3
:10E850002E11B242D3D80022C3F86021D7E794F832
:10E86000A320872AC0D8501CC0B2B9E70148FFF7DF
:10E87000A3BF00BFCC5400200148FFF79DBF00BFDD
:10E880000C5600200148FFF797BF00BF4C570020EF
:10E89000036900221348814210B41A6118D9124842
:10E8A000814212D9114C124812499C645A629862F2
:10E8B000D9629C6C00204FF0011101221C65186286
:10E8C0005DF8044B99651A6170470B4C0B48EBE7F8
:10E8D0000B4C01200B494FF430329C645862996212
:10E8E000DA62E6E77F1A06003F420F000A090704D2
:10E8F00060090101007F05001C1A120C100E0202B3
:10E900003B372819B80B050570B5EFF3108172B6C7
:10E910000C4C23688BB10C4E00255A6922607AB1E9
:10E92000956101B962B65D7718469B689847EFF329
:10E93000108172B62368002BEFD101B962B670BDA9
:10E940003260EEE7B8DF0020B4DF0020FFF7DCBF65
:10E95000044A054B1168054A1960136801331360B6
:10E96000704700BF041000E098EC00209CEC0020F1
:10E97000B0F84630B0F848209BB292B2934202D22F
:10E98000501EC01A7047406B01381044C01A7047BF
:10E9900072B6B0F84A30B0F84C2099B293B29942AE
:10E9A00001D2826B11440269CB1AD06AC0F30260B3
:10E9B000184462B6704700BFB0F84A20B0F84C3037
:10E9C00092B29BB29A4270B428D00133846BA342B6
:10E9D00017D2016B9EB28B4218D2016AC95CC9B2D0
:10E9E000856DA0F84C60B5B19A4238BF1219D31AA0
:10E9F000C26B93420FD8C36D0846C5F8883070BC0F
:10EA000070470026016B33468B42E6D3591A456A9C
:10EA1000695CC9B2E4E7084670BC704772B6B0F8EA
:10EA20004A1089B28A4202D062B60A46CDE703692B
:10EA3000DA6A12F0E06F04D0D869C0F3090062B658
:10EA4000DDE74FF0FF30FAE790F8443043B110B5FE
:10EA5000044603F089F994F84430002BF9D110BD35
:10EA6000704700BFB0F84A20B0F84C3092B29BB269
:10EA70009A4210D00133816B026B8B4228BF002376
:10EA8000934204D39B1A426AD05CC0B27047026AB8
:10EA9000D05CC0B2704772B6B0F84A1089B28A42F0
:10EAA00001D062B6E6E70369DA6A12F0E06F11D0CE
:10EAB000DB690021026AC3F3090310B40124A0F842
:10EAC0004A40A0F84C10D9B2517062B618465DF8B1
:10EAD000044B70474FF0FF3362B61846704700BFD3
:10EAE000EFF31380B8B9EFF310834BB9EFF305825E
:10EAF0003AB94FF48073EFF3118050B1984208D2C5
:10EB000070470F2AF7D9054BD35CEFF3118000282B
:10EB1000F4D1184670474FF0FF30F1E7F0E300E022
:10EB200007EE901A9FEDA47A0421B6EE005AF8EE93
:10EB3000677A9FEDA26A2DE9F043C7EE275A0E4689
:10EB4000012541F6FF741DE0A342A8BF234607EE4E
:10EB5000903AF8EEE76A76EEC76AC6EE877AF5EE87
:10EB6000C07AF1EE10FA48BFF1EE677AF4EEC67A99
:10EB7000F1EE10FA03D8B0EE676A0E461D46013179
:10EB8000212911D007EE901AF8EEE77A85EEA77AE0
:10EB900077EE057AFDEEE77A17EE903A002BD3DC9C
:10EBA000F7EE006A0123D6E70021436902F40074FE
:10EBB000D0F83890B3F85C70B3F85E808C42A0F85F
:10EBC0004A10C7EB0907A0F84C1008BF8C46A0F804
:10EBD000461018BF4FF0010CA0F8481080F8441000
:10EBE000D3F810E05969DEF80040C76344EA010435
:10EBF000C8EB09010164CEF8004080F81AC040F06B
:10EC0000CE80047E6E4903EB04146E4F247E01EB2C
:10EC10000414A4682760047E03EB0414277ED4F850
:10EC20001CE001EB07146468C4F800E0047E03EB09
:10EC30000414276A0FB1646A3C60447ED92703EB51
:10EC4000041494F8384001EB0414A4682760447E4F
:10EC500003EB041494F83870E46B01EB0711496876
:10EC60000C60417E03EB01110C6C0CB1496C21600E
:10EC7000711E5C785F68082E4FEA01614FF0000654
:10EC8000D8BF4FF4003E04F1100401F0F853C8BFA0
:10EC9000B64601691D434C4B4EEA05050D61CE6039
:10ECA00043F824704369012448495D7893F85A3049
:10ECB000474E6B54456901696B7803F01F075B1180
:10ECC000BC4046F823408B6A9B0803F01C030F2BC3
:10ECD00060D85B1003F00303DCB28B6A9B0003F087
:10ECE0001C030F2B53D8DB0303F44033234302F000
:10ECF0000304CB628B6A43F088038B6253074BD4C7
:10ED000044F4701302F00F04042C847E08BF43F017
:10ED10008043970648BF43F080530CB143F0A003F3
:10ED200016078B6103D50B6943F000530B614B69E8
:10ED3000D40623F0805348BF43F080534B61D30582
:10ED400003D50B6943F400530B61EB681B78E3B9FF
:10ED5000204E357865B3204C2368834226D0691E47
:10ED60002346C9B204EB810103E053F8042F90421B
:10ED70001AD08B42F9D16B1CDBB2184A337013786E
:10ED800044F8250043F002031370BDE8F0834FF40C
:10ED90004033ABE70324A0E7114B2343B2E7447EA3
:10EDA0004FF2D90706494AE7BDE8F083BDE8F08392
:10EDB0000123094CE1E700BF001BB74BEC78AD60C5
:10EDC0007008002038F001000064002000E400E03A
:10EDD00000E100E0D7EC0020C0DF0020DB62002073
:10EDE00010003C0010B4416299B1036B1A44826375
:10EDF00044690021B4F85C30B4F85E40D31AA0F83E
:10EE00004A10121BA0F84C10C36302645DF8044B57
:10EE10007047026B8263EBE78162C36A39B11A44BF
:10EE200000234263A0F84630A0F84830704743639F
:10EE30000023A0F84630A0F848307047F8B5036DBD
:10EE400004460E4613B1426DC3F88420A37E33B14D
:10EE500072B62269936943F00053936162B6B4F8C5
:10EE60004650636BADB201359D4249D2AFB2B4F8A2
:10EE700048309BB2AB4220D1FFF732FE6369B3F852
:10EE80005A3098422DDC21694B691B02EFD5B4F84A
:10EE90004830626B9BB20133934227D2E26A98B248
:10EEA000934228D2E269D35CDBB2CB61A4F848007C
:10EEB000B4F848309BB2AB42DED0E36A9D4222D325
:10EEC000ED1AF6B2A36A5E5572B60120226984F883
:10EED0004400A4F84670936943F40003936162B65A
:10EEE000F8BDFF28C3DD02F03FFFC0E70020E26A63
:10EEF00003469342D6D39B1AA26AD35CDBB2D4E713
:10EF000000273D46B3E7F6B2E3695E55DCE700BF94
:10EF1000FFF794BF0269536913F4401FF0B542D064
:10EF2000D36AC3F30265002D3AD0B0F84A70B0F846
:10EF30004CE0BFB21FFA8EFE06E0026AD6540269A8
:10EF40006B1E13F0FF051AD0D1697B1C866BB0F8DD
:10EF50004C40C1F30901B34228BF0023A4B2A3422D
:10EF6000EED0026BCEB21F469342A3EB0204E4D371
:10EF7000436A1E556B1E026913F0FF05E4D1BBB254
:10EF8000816DA0F84A3059B1774573D2836BCEEBCF
:10EF900003031F44036C9F4202D3C36DC1F8843046
:10EFA0005369DC0255D4D2F818E01EF4000F02D0E9
:10EFB000536919021CD41EF4800F48D053695B02B8
:10EFC00046D50021036D80F8441013B1416DC3F89C
:10EFD0008810837E3BB172B60269936923F00053B7
:10EFE000936162B60269936923F480039361F0BD73
:10EFF000B0F84650B0F84830ADB29BB29D422DD02B
:10F00000466BC46A0AE0C169C95CC9B2D161D16A00
:10F01000C1F30221032912D8AB421FD001339E4213
:10F0200098BF0023A342A3EB0401ECD3876A795C69
:10F03000C9B2D161D16AC1F302210329ECD999B2D5
:10F04000AB42A0F848100CD01EF4800FB6D1F0BD32
:10F05000F0BD536943F480135361A4E7ADB2A0F847
:10F060004850936923F400039361936943F4800348
:10F070009361A0E7CEEB07078CE700BF0148FFF7DD
:10F0800049BF00BFA45300200148FFF743BF00BFA2
:10F09000045400200148FFF73DBF00BF6454002026
:10F0A00070B504460D46C61D002308460A2214F812
:10F0B000041F00F001F92B682E2128461B68984791
:10F0C00014F8011F00230A22284600F0F5F8B44284
:10F0D000F1D1042070BD00BF10B5144C236813B1EA
:10F0E000134AD168E9B9636813B1124AD168A1B96A
:10F0F000A36813B1104AD16859B9E3683BB10F4A0C
:10F10000D16829B10121BDE81040D160184710BD78
:10F1100010BD0121D1609847EFE70121D1609847E8
:10F12000E6E70121D1609847DDE700BFE08C0020D1
:10F13000004108401041084020410840304108404B
:10F140000368F0B55BB3002501249D60DC60214DB0
:10F1500003241A601D449C601F4C03792D111F4F1E
:10F16000635523786078FF2BA278E47828BFFF23CB
:10F170001B4E47F82510834228BF03461948934287
:10F18000C0F8286228BF1346A34228BF2346164C66
:10F190004FF08061154A012023701160F0BD144FBB
:10F1A0004FF0010C134EFC6EDFF850E0334644F490
:10F1B0004054114DFC66CEF800C006609C68002CDF
:10F1C000C5D01033AB420360F8D10023036018466A
:10F1D000F0BD00BF00BFF7BFC8590020E08C002081
:10F1E000CDF80000006400207AE400E00CE100E0CB
:10F1F00000C00F4000410840404108400040084026
:10F2000002680AB3114B12491344F0B51B11FF25D4
:10F210000024DFF844E0CD540E784D78FF2E946042
:10F220004EF8234028BFFF268A78C978AE4233467D
:10F23000084F28BF2B46934228BF13468B4228BF56
:10F240000B463B700460F0BD704700BF00BFF7BFC6
:10F25000C85900207AE400E0E08C0020F8B50E46A2
:10F2600071B17AB10746144600253B68384616F856
:10F27000011B1B689847013C0544F6D12846F8BDA0
:10F280000846F8BD1046F8BD10B5064C82B00368BC
:10F290000222248801A95B68ADF80440984702B0B7
:10F2A00010BD00BFB0050020036810B514465B68B0
:10F2B0009847204610BD00BFF0B506468BB0002A27
:10F2C00033D0012A08BF0A2251B3212500E0FDB244
:10F2D0006F1EB1FBF2F402FB1411C8B2092900F150
:10F2E000370100F1300088BFC8B221460AAC98BF90
:10F2F000C0B22C4404F8240C0029E8D133B1013DFC
:10F300000AAB2D22EDB22B4403F8242C336801A95B
:10F31000C5F12202304629445B6898470BB0F0BD26
:10F32000302221258DF82520E8E70368C9B21B6843
:10F3300098470BB0F0BD00BF002903DB00230A2271
:10F34000FFF7BABF49422D230A22FFF7B5BF00BF1E
:10F3500038B5224C224A23685BB12249013B12682E
:10F360000968C2F88C105A1D08BF6FF002032360B1
:10F3700038BD1C4B1C4D196812682B68C2F88810E8
:10F3800093B11A4AD2ED007AF5EEC07AF1EE10FA96
:10F3900006D99FED177AF4EEC77AF1EE10FA0ADD7E
:10F3A000002223602A6038BD1248FFF729FF124B64
:10F3B000FF221A7038BDF3EE086ABEEE007AA7EE9F
:10F3C000A67AFCEEC77A17EE902A102AE8D90B49E4
:10F3D0000848FFF7B5FE2B68E2E700BF74DF0020A6
:10F3E00080DF002084DF002070DF002088DF002025
:10F3F000ABAA2A4D8C580020D362002045FB0000A8
:10F40000362853D8F8B5002A49D002FB01F23D4B0B
:10F41000A3FB02239B095B000133002943D007EEC5
:10F42000901ADFED396AF8EE677A86EEA77A3749E7
:10F4300002018C18676872B6DFF8F0E09EF80050A1
:10F44000854234D0362DDFF8E8C0314D04D82E681F
:10F45000DCF80040C6F888408E18B5EEC07A8A58AD
:10F4600005248EF80000F068F1EE10FA294EC2F87B
:10F4700088005168CCF8000041EA000126482A6063
:10F48000516033603C6080ED007A06D9DFED237A6D
:10F49000B4EEE77AF1EE10FA19DD62B6F8BD6FF05E
:10F4A00002030029BBD19FED187AC0E770471A4AC2
:10F4B000D2ED007AF4EE477AF1EE10FA18D1154940
:10F4C0000A6802F00102013A13440B60E5E7F3EE2B
:10F4D000086AFEEE007AE7EE267AFCEEE77A17EE8F
:10F4E000902A102AD9D90E490E48FFF729FED4E7F1
:10F4F00008480D4C016882ED007A01F0010123609B
:10F500000160CAE7D34D62100024F448700800205F
:10F5100080DF002074DF002088DF0020ABAA2A4DA6
:10F5200045FB00008C58002070DF0020D3620020D3
:10F5300084DF0020362807D810B572B6094C23782E
:10F54000834202D062B610BD70470748FFF758FEED
:10F55000064B074AFF211B6812682170C3F88820F8
:10F56000F0E700BFD36200208C58002080DF00202D
:10F5700084DF0020024A0349034803F0D3BF00BFE1
:10F58000485300206D5E00008C580020F0B5194CE7
:10F5900023680BB31849DD17DFF868E083FB0167C8
:10F5A000164E81FB0321DA191944C5EB2242C5EB43
:10F5B000214144F2A7150EFB123206FB01F105FBB7
:10F5C0000213002B0FDA6FF000421A44B2FBF0F383
:10F5D000226000FB1320F0BD094AB2FBF0F3226069
:10F5E00000FB1320F0BD1A46B2FBF0F3226000FBD3
:10F5F0001320F0BD78DF00205F0B4E83ECF4FFFF9B
:10F6000042CE0C1F1DF30100884206DA10B50446F5
:10F61000081AFFF7BBFF204410BD70472A2817D8EF
:10F62000F8B51D4F05463B78A3B91C4B5B5DFF2B1E
:10F6300021D01C0621D41A4C2360236AD80704D495
:10F6400002F092FB236AD907FAD5154B586AF8BD28
:10F6500000207047124C134E01E002F085FBA36CB2
:10F660001B06FAD4B36C13F08003F6D13B700B4B3E
:10F670005B5DFF2BDDD10020F8BD03F07F03094C5B
:10F680002360236ADA0704D402F06EFB236ADB07E7
:10F69000FAD5044B586AF8BDDEEC0020DC0C0020E3
:10F6A00000400C4000800C40964A974B90422DE958
:10F6B000F043964CD3F814E09969E6681CD9944B52
:10F6C000984240F21581934B40F22765924F0344D4
:10F6D000924C1A0AA7FB0232D30903EB830303EB14
:10F6E000830202F2E243AB4228BF2B46A3F54873E4
:10F6F000A4FB0335ED0804E0894DA84294BF06251C
:10F700000E25814A06F01F07D2F88030AF4243F041
:10F71000C003C2F880300AD27C4B26F01F061A467E
:10F720002E43DE601368002BFCDA06F01F071EF084
:10F73000007331D17B4C7C4AD4F810C014460CEADB
:10F740000202A2420ABF4FF0C0534FF4805200227F
:10F750008EEA030414F0605F08D02EF0605E03F0C0
:10F760006053694C43EA0E0EC4F814E081EA0203C8
:10F7700013F4405F08D0644B21F4405111431A4602
:10F780009961936C1C07FCD44EF0007E5E4AC2F86F
:10F7900014E0936C9906FCD40121644C0A4601FBE9
:10F7A00002F300FB03F3A34209D8072A00F2958075
:10F7B000013201FB02F300FB03F3A342F5D95C48DD
:10F7C0005C4C1844A4FB00031B0D6C2B00F28B80D7
:10F7D000352B00F28F80DFF8888136235648DFF81A
:10F7E00044C1564CDCF80090B0FBF2F009EA040486
:10F7F0004445B0FBF1F00BD043F400534FF4805874
:10F800006446CCF80080CCF800302368002BFCDA8A
:10F81000DFF8F4C0013ADCF8103003F0070393423C
:10F8200007D002F007026446CCF81020A36CDB037B
:10F83000FCD4013989028EEA010313F4E05F0CD095
:10F84000314B2EF4E05E01F4E0511A4641EA0E0E0F
:10F85000C3F814E0936C9907FCD4394B394903443D
:10F86000DB09A1FB0331090B042928BF04214B1E2E
:10F870001B028EEA030212F4407F07D02EF4407E72
:10F8800003F44073204A43EA0E0353611E4B5C6944
:10F890001A4624F000745C61936C9B06FCD42A4BDE
:10F8A0004FF0FF32294CBD42A3FB00E320604FEA3A
:10F8B0009343274CB2FBF3F3B0FBF1F1254A2160EF
:10F8C000136008D2114B26F01F061A462E43DE6045
:10F8D0001368002BFCDABDE8F08304293FF66FAF14
:10F8E000013101225BE7DFF87C806C231A4876E760
:10F8F000122506E71948DFF8708000FB03F043EAA1
:10F9000008086CE700A4781F00C00F400000084002
:10F910000046C32300BA3CDC23B24C001F85EB51E8
:10F9200000366E0100800D4040300080FFB19F2600
:10F93000808D5B00819F5E1600B29F267F30018024
:10F940007FD1F0089F10E50083DE1B435853002051
:10F9500054530020DCE9002000643F4D001BB70039
:10F96000362000806C20008000200080002857D0C6
:10F9700001222DE9F04F85B083462A4C2A4D2B4EAB
:10F98000DDE9028954E8003F2868336844E8002133
:10F990000029F7D1264FCDE902893A68D31A254AC2
:10F9A0004FF47A7E019712680127A3FB02234FF4DC
:10F9B0007A72984600238B4208BF42452CBFC2464C
:10F9C000F2460EFB00AA54E8003F2A68316844E87A
:10F9D0000073002BF7D101980068411A15484FF4C5
:10F9E0007A7E00680EFB02F2A1FB00014FF47A70F0
:10F9F000CAEB020288460021994208BF40452CBF4D
:10FA0000434673461A44724507D3BBF1010B0AF50E
:10FA10007A7AD8D105B0BDE8F08F02F0A5F9D2E727
:10FA2000704700BF8CEE00209CEC002098EC00207A
:10FA3000041000E0DCE9002000010F4B1A181B58ED
:10FA400010B4D0685C68044205D059B1C3F8840092
:10FA50005DF8044B7047936849B9084A5DF8044B58
:10FA60001A607047C3F888005DF8044B7047044A79
:10FA70005DF8044B1A6070477008002038300100B0
:10FA800038F001000001054B1A5819189268CB682C
:10FA90001A4214BF01200020704700BF70080020E8
:10FAA000362801D8FFF7C8BF704700BF362801D8F5
:10FAB000FFF7E8BF0020704736281CD800011A4A1B
:10FAC000012902EB0003105810B415D0042913D0FB
:10FAD000DC68426822EA040242609A68E9B10229BD
:10FAE0001ED003295B685DF8044B0CBF0F49104919
:10FAF000116015221A607047DA680129446842EAE9
:10FB0000040242609A6808D040F6380111605B68D0
:10FB100015225DF8044B1A60704738211160F6E732
:10FB200004491160F3E700BF70080020383001007D
:10FB30003800010038F00100F0B4144B0021144CDF
:10FB400001201A460F46C3F8F0421D46114E124CD2
:10FB5000C3F8F412C2F8B800C2F8A070C2F8A460EA
:10FB6000C2F8B00053690949DB07FBD56861237807
:10FB7000DB07EFD40B680A4643F001030B60136800
:10FB8000DB07FCD462B6F0BC704700BF00802A409F
:10FB90000504012401000F0000812A4070B40E4EBC
:10FBA0004FF6FF750D4CA4F58053002202E09C42F5
:10FBB00082B204D933F8021B501CA942F7D104F5D4
:10FBC000805426F8022FB4F1C14FECD1044B01222E
:10FBD0001A7070BC704700BFDEE9002000107C6026
:10FBE000E5EC0020F8B541F2BB03984201D9FF20B3
:10FBF000F8BD184B05461B7843B3AC081649174BA4
:10FC000005F00300A4FB0167154EA1FB0421E21BD4
:10FC1000651A07EB520201EB550552096D09C2EB5B
:10FC2000821240EA8505A21A134436F812401B03DB
:10FC300003EB4404A342DAD2FF2033F8022BD1B203
:10FC40008D4208BF100A9C42F7D8F8BDFFF7A6FF07
:10FC5000D3E700BFE5EC002005411004C007060013
:10FC6000E0E90020F8B50E46154672B6314A002488
:10FC7000314F022340F206414FF4702E9761012765
:10FC8000D36120F01F03C2F8A040C2F8F01241195E
:10FC9000C2F8F442C2F8F842C2F8FC42C2F8A4E04A
:10FCA000C2F8B070BFF34F8F244A136020339942DB
:10FCB000FBD8BFF34F8FBFF36F8F1E494B691D4AAF
:10FCC000DC07FBD5ABB201211D4C20F07F4043F493
:10FCD000702342F201275161C2F8F0421446C2F883
:10FCE000F472C2F8BC10C2F8A000C2F8A430C2F886
:10FCF000B01001E05B060AD463690E4A13F00101FB
:10FD0000F8D041235361BDE8F840FFF715BF082D37
:10FD10004FF0080206D9083D31460A48164400F063
:10FD200009F900E015B940236361E5E72A460D466D
:10FD3000F2E700BF00802A40F05AF05A5CEF00E082
:10FD40003204180880812A40F0B472B6224A002496
:10FD5000224D0221224B40F2064795614FF4702656
:10FD600003400125D161C2F8F07203F58051C2F859
:10FD7000F442C2F8F842C2F8FC42C2F8A040C2F80D
:10FD8000A460C2F8B050BFF34F8F164A13602033FF
:10FD90009942FBD8BFF34F8FBFF36F8F0E494B696A
:10FDA0000D4ADC07FBD5104B0124104E4FF4702593
:10FDB000034011465461C2F8F062C2F8A030C2F8A4
:10FDC000A450C2F8B0404B69034ADB07FBD50123BE
:10FDD000F0BC5361FFF7B0BE00802A40F05AF05AE1
:10FDE00000F0FFFF5CEF00E000F0FF0020041808C7
:10FDF00041F2BB03984268D83E4B2DE9F04F1B7887
:10FE0000C3B08A468146002B6ED04FEA99023A4B26
:10FE100009F00300394DA3FB0213DFF8E480D71A81
:10FE200003EB57077F09C7EB8713B946D71A40EA98
:10FE300089093D4438F817402D0305EB44008542FD
:10FE400055D22B46FF2633F8022BD1B2894508BF85
:10FE5000160A9842F7D8B24534D0B4F5006F35D3BE
:10FE600002AE4FF48072FF21304604F037F905F5F9
:10FE700080502A4632F8023BD9B290424FEA13230F
:10FE80007354F7D80024284606F809A00DF1070B93
:10FE90002646FFF759FF1BF8013F05EB46000222FB
:10FEA0000DF10601FF2B44EA032304F1010404D001
:10FEB0000136ADF80630FFF7D5FEB4F5807FEAD104
:10FEC00028F8176043B0BDE8F08F704749EA0A2967
:10FED000022202A90134ADF80890FFF7C3FE28F80A
:10FEE000174043B0BDE8F08FFFF758FE8DE7FF26BF
:10FEF000B1E700BFE5EC002005411004C007060093
:10FF0000E0E9002062B170B505461446084615F8D0
:10FF1000011B461CFFF76CFF013C3046F7D170BD5A
:10FF2000704700BF08B5F0F7CDFFF3F7ABFB01F06A
:10FF30001BFFFAE7844641EA000313F003036DD187
:10FF4000403A41D351F8043B40F8043B51F8043B9C
:10FF500040F8043B51F8043B40F8043B51F8043BA3
:10FF600040F8043B51F8043B40F8043B51F8043B93
:10FF700040F8043B51F8043B40F8043B51F8043B83
:10FF800040F8043B51F8043B40F8043B51F8043B73
:10FF900040F8043B51F8043B40F8043B51F8043B63
:10FFA00040F8043B51F8043B40F8043B51F8043B53
:10FFB00040F8043B51F8043B40F8043B51F8043B43
:10FFC00040F8043B403ABDD2303211D351F8043BE3
:10FFD00040F8043B51F8043B40F8043B51F8043B23
:10FFE00040F8043B51F8043B40F8043B103AEDD292
:10FFF0000C3205D351F8043B40F8043B043AF9D2E3
:02000004600496
:10000000043208D0D2071CBF11F8013B00F8013BB5
:1000100001D30B8803806046704700BF082A13D3C2
:100020008B078DD010F003038AD0C3F10403D21ADA
:10003000DB071CBF11F8013B00F8013B80D331F80E
:10004000023B20F8023B7BE7043AD9D3013A11F88E
:10005000013B00F8013BF9D20B7803704B784370F9
:100060008B7883706046704703F0C4BCF0B44E1EBA
:100070000025374600E00135B0FBF2F302FB130028
:1000800000F13704092800F13000E4B298BFC4B28F
:10009000184607F8014F002BEDD14A1953704DB1A6
:1000A000013316F8014F1778E81A3770834202F8C7
:1000B0000149F5DB0846F0BC704700BFB4EE400ACA
:1000C00080EAE0732DE9F047F1EE10FA0546144698
:1000D000A3EBE0732DED028BB0EE408A84B080F18B
:1000E0002381F0EEC07A9FEDC67AF4EE477AF1EE06
:1000F00010FA42DDB5EEC00AF1EE10FA4CBF042250
:1001000003229A4221DB0028C0F270810022B5EE62
:10011000C08AF1EE10FA00F14A8149254E204621AD
:10012000E31C25706070A170002A00F067811A44FA
:10013000202103F8011B9A42FBD1002310461370C3
:1001400004B0BDEC028BBDE8F0870028A3EB0202EF
:10015000DDDA002A00F04A81A318202204F8012BDE
:100160009C42FBD1B5EEC08AF1EE10FA40F1178146
:1001700000222D215C1C1970CFE70F4602AA01A9AD
:100180003846BA4603F09EFBDDF804908046002F07
:1001900000F08780C9F10003BB4200F3BC804046F9
:1001A00004F034FD0646B145B8BF0136B9F1000F81
:1001B00000F0AF80B9F1000F22DA0FB309EB0703AB
:1001C000BE1C83421CD2002F06DDF2EE047ABAF187
:1001D000010A28EE278AFAD102AA5046B0EE480A50
:1001E00003A903F06FFBDDF80490039A7B1C8046A3
:1001F000C9EB02029A4203D109F10109CDF804903A
:10020000DDF808E0BEF1000F5ED00136A81BA11991
:1002100000285EDC22462D20531C1070B9F1000F1F
:100220006DD087B1B9F1000F0DDA1A4630202E27B4
:1002300002F8020B5F70C9EB020302F8010B9A424D
:10024000FBD1002201928B4220D25F1C98F8002043
:1002500008F101088F421A7019D0019A4FF02E0E42
:100260000BE083F801E002338B4203F101070DD26A
:1002700018F8010B8F42187009D0013A0192002A38
:10028000EFD03B468B4203F10107F1D31946002D15
:1002900071DB002320460B7004B0BDEC028BBDE87F
:1002A000F087B9F1000F7FF475AF012390F800805B
:1002B0005449554A994601934FF0FF33B8F1340F32
:1002C0008CBF8846904667E7A81BA119002840F319
:1002D00093800144224601384FF0200C02F801CBF4
:1002E000C2F1010303442344002BF7DC20EAE0734E
:1002F00001332344BEF1000F90D01A468BE7002F44
:10030000A1D01A4630272E2002F8027B58701346DF
:1003100099E7013674E70126C7F10009DFF8E880A4
:100320003046CDF804903EE7B5EEC00AF1EE10FA83
:100330004CBF042203229A423BDA0028A3EB0203BB
:1003400040DB18EE102A002A37DB4E214120E21C48
:100350002170A1706070002B4CD01344202102F852
:10036000011B9A42FBD1002218461A7004B0BDEC62
:10037000028BBDE8F087A8194342C043002B88DDFB
:100380000A46202502F8015BC2F1010303440B4435
:10039000002BF7DC20EAE0730133194479E74924A4
:1003A0004E204621DA1C1C7058709970C5E6234611
:1003B000DFE6002818DB0023C3E722462D21541C6A
:1003C0001170C2E783B1E218202304F8013B944284
:1003D000FBD118EE103A002B0ADB4E214120D31C32
:1003E000117091705070BEE72246F2E72346B9E6DD
:1003F0000023E3E71346B6E723460FE71A469CE6D9
:10040000FFFF7F7FBC2200203C130020F0B501EBF2
:100410004106294C012500EB461694F800C005FA68
:1004200001F1F4891FFA81FEB0F88851A4B24FEAB5
:100430000E1704FB0333ADB207F0F00723FA0CF3F9
:100440003D43A342A0F8885128BF2346012A22D069
:1004500015D3022A08D001F00F01B0F888319BB201
:100460001943A0F88811F0BD9BB201F00F01F3838E
:10047000B0F880319BB21F43A0F88071EDE7E31A1A
:1004800001F00F019BB27381B0F880319BB20B4336
:10049000A0F88031E1E79BB201F00F014FEA0E2E88
:1004A000F382B0F880310EF4706E9BB24EEA030E08
:1004B000A0F880E1D1E700BFD66200202DE9F0412D
:1004C0004FEA410E384AB6EE007A4FF0010C0EEBBF
:1004D00001030CFA01F700EB4313BEB2DB89D2ED46
:1004E000007A9DB2F8EE677A87EE800A30EE070A4E
:1004F000FCEEC07A17EE903AB3F5803F4ED300225F
:100500004FF6FF7401E0062A03D85B080132A342CC
:10051000F9D8B3F5803F4FEA021237D242F4806235
:1005200092B203F1FF3C1FFA8CFCB0F888813601CF
:1005300007F00F047144F6B21FFA88F700EB41117F
:100540003E43A0F88861CA80A1F80EC04A8992B2E1
:1005500003FB02F2B2FBF5F292B24A81CA8A92B26E
:1005600003FB02F2B2FBF5F292B2CA82CA8B92B2DC
:1005700003FB02F3B3FBF5F39BB2CB83B0F88831F6
:100580009BB21C43A0F88841BDE8F08142F4806230
:100590004FF6FE7C4FF6FF7392B2C6E7012B4FF485
:1005A0008062BED80223C0E754530020224BB6EE2F
:1005B000007AD3ED007AF8EE677A30B487EE800ADD
:1005C0004FF6FE7430EE070AFCEEC07A17EE903A52
:1005D000A3422AD9002201E0062A03D85B0801328F
:1005E000A342F9D808324FF6FE7542F226045202B1
:1005F000AB4202F4F05288BF2B46144300EB41118A
:100600000D8ACA88ADB292B205FB03F0C2F10112A5
:100610002A44B0FBF2F29B1A92B2C3F101039BB2DF
:10062000CB800A828C8130BC7047012B43F22604B8
:1006300098BF0223E2E700BF5453002036280CD8AD
:10064000294AF8B5044600B212F8206002EB800592
:10065000012E03D0022E16D0F8BD70476A78C2F37F
:100660000113032B3AD0214850F823008BB202F03B
:100670000301AA78FFF7CAFE1D48EA7800EB0410D0
:1006800043681A60F8BD6E78C6F30113032B27D0B8
:10069000184A52F823E006F00306174B89B20EEB16
:1006A000461793F800C07601FA880EEB06037644ED
:1006B00092B2188AC2F1011212FA80F2501E00FBA7
:1006C00001F323FA0CF3984298BF931ED21A9BB2FF
:1006D000C2F1010292B2FA803382CDE70748C5E742
:1006E000DFF81CE0D7E700BF080D0020B4050020AC
:1006F00070080020C0050020D662002000803E4027
:1007000000801E40362809D800B2134B13F8202071
:1007100003EB8003012A02D0022A0DD070475978DA
:10072000C1F30112032A13D00C4850F822009A7822
:1007300001F00301FFF7C2BE5978C1F30113032B87
:1007400008D0074A52F8230001F00301FFF72EBF3B
:100750000448ECE70448F7E7080D0020B405002042
:10076000C005002000803E4000801E40A4484FF09D
:100770000F0CA44B826F42F47F02F0B58267002514
:10078000D0F880204FF470469F4C4FF4604E2946BD
:100790004FF4806714432A46C0F88040A3F88C6168
:1007A00048F2B826A3F88EC1A3F89051B3F8880197
:1007B00080B240F0F000A3F8880101EB4100914BBA
:1007C0000131002540011C4604290344A3F804E03C
:1007D000DF805A841A865A805A81DE815A82DA82F0
:1007E0005A83DA83E9D1B4F888014FF00F0C874BB4
:1007F0004FF4704680B229464FF460472A4640EADB
:100800000C004FF4806EA4F88801B4F8880180B21F
:1008100040F47060A4F88801A3F88C6148F2B8260F
:10082000A3F88EC1A3F89051B3F8880180B240F0CC
:10083000F000A3F8880101EB4100744B0131002561
:1008400040011C46042903449F80A3F806E05A8413
:100850001A865A805A81DE815A82DA825A83DA8372
:10086000E9D1B4F888014FF00F0C694B4FF4704692
:1008700080B229464FF460472A4640EA0C004FF404
:10088000806EA4F88801B4F8880180B240F47060EA
:10089000A4F88801A3F88C6148F2B826A3F88EC1A9
:1008A000A3F89051B3F8880180B240F0F000A3F8AB
:1008B000880101EB4100564B0131002540011C46E7
:1008C000042903449F80A3F806E05A841A865A80BC
:1008D0005A81DE815A82DA825A83DA83E9D1B4F806
:1008E00088014FF00F0C4B4B4FF4704780B22946F4
:1008F0004FF460462A4640EA0C004FF4806EA4F89C
:100900008801B4F8880180B240F47060A4F88801CE
:10091000A3F88C7148F2B827A3F88EC1A3F89051C0
:10092000B3F8880180B240F0F000A3F8880101EB31
:100930004100384B013140011C46042903449E808C
:10094000A3F806E05A841A865A805A81DF815A82B7
:10095000DA825A83DA83EAD1B4F888310F27002289
:1009600041F201069BB245F6C05E114643F22605F0
:100970003B43A4F88831B4F888319BB243F47063E8
:10098000A4F888315001244B01320344042A998190
:100990005981DF819E82A3F806E0198019829D812A
:1009A000F0D100220F2741F2010645F6C05511464D
:1009B00043F226045001194B01320344042A998161
:1009C0005981DF819E82DD80198019829C81F1D15D
:1009D00000220F2741F2010645F6C055114643F2A9
:1009E000260450010E4B01320344042A9981598197
:1009F000DF819E82DD80198019829C81F1D1F0BD5A
:100A000000C00F4000C03D40000003FC00003E401D
:100A100000403E4000803E4000C01D4000001E409F
:100A200000401E40704700BF704700BF704700BFC6
:100A300072B6EFF30583494D6B60EFF30883484CC2
:100A40002E4648484849494A24680068096812689F
:100A50002961AC60E8606A619A69454CAA61DB690A
:100A6000444FEB6100F0D8F885ED080A01F0F4F985
:100A70000B234FF0FF32686219462B604A40202159
:100A800002F00103013904FB03F383EA5202F7D1B8
:100A9000BE4202D056F8041FF0E730498A62BFF325
:100AA0004F8F354B354A19601A60BFF34F8FBFF334
:100AB0006F8F334A0225334CD36E334943F440538E
:100AC0003248D3662560D36923F07F0343F04003A7
:100AD000D3610B6883423ED82A4A002101202C4E64
:100AE00011604FF0FF33C2F808110C46C2F80061E4
:100AF0001546C2F808010746DFF8C0E0254E264833
:100B00002649274ACEF80030336003600B6013603B
:100B100001E000F065F9D5F80C211A4B002AF8D055
:100B20000134C5F80C714F2CF3D91E4A02241E481B
:100B30004FF00041C0F840415163D3F80C2132B965
:100B40001A491B4A0A63D3F80C010028FAD0194B42
:100B5000194A1A60FEE7FEF7A7FDBDE780FF2720D0
:100B600028ED00E02CED00E034ED00E038ED00E091
:100B70002083B8EDA4FF272070EF00E0A0FF27201E
:100B800000C00F400040084058530020803DCD0B6E
:100B9000009F240084E100E088E100E08CE100E0B7
:100BA00090E100E000900D4000002E4000800F40DA
:100BB000F100AD0B0CED00E00400FA0580E100E06F
:100BC000094A08B5136820B118440849884202D878
:100BD0001060184608BD02F07BFE0C224FF0FF3378
:100BE0000260184608BD00BFCC5900200000282034
:100BF000002070474FF0FF30704700BF4FF40053A4
:100C000000204B60704700BF012070474FF0FF305D
:100C1000704700BFFFF70CBF12490B68114A5B0712
:100C2000FBD513681049C3F30B23104A07EE903A23
:100C30000B6892ED006AB8EEE77A07EE903A0C4A3C
:100C4000F8EE677A0B4BD2ED006A77EE677A93ED98
:100C5000007AB8EE477A67EE867A87EEA60A37EE14
:100C6000400A704780810D40CCE90020D4E9002083
:100C7000D8E90020D0E90020836BF0B41BB15368A1
:100C800043F40043536072B6446B5CB31C4B226068
:100C9000D3F8B0410C4215D11A4E376804E03468DD
:100CA000E41BB4F5166F0BD2D3F8404144F48044F2
:100CB000C3F84041D3F8B851D3F840416404EED5AD
:100CC0000D4003D0426362B6F0BC70470C4C8260AA
:100CD000C560D4F8B0311943C4F8B011426362B6AC
:100CE000F0BC7047064D8260C460D5F8B03119433E
:100CF000C5F8B0110263426362B6F0BC704700BF32
:100D000000002E40041000E070B50646006B90B164
:100D10000246002403E012680134012A0CD0536813
:100D200013F08003F7D032632CB1B36B056898479A
:100D3000013C2846F9D170BD33637363F4E700BF0B
:100D4000F0B5E1B9214C22490020224B01224FF09D
:100D5000011580260A601A46A1604E60E060C3F863
:100D6000BC51D3F8B0411C4D44F001048860C3F875
:100D7000B0412860D2F8B031002BFBD1F0BD09049E
:100D8000164B144D0126114C41F0800100221E60CB
:100D9000596000F5805CE26400F5005EA36400F534
:100DA0004057D5F8B01100F580462A46986041F4C6
:100DB0008031C3F80CC0C3F810E05F619E61C5F8D4
:100DC000B011D2F8B031002BFBD1BCE700000020FD
:100DD00040ED002000002E4038E4002020ED0020EF
:100DE0002DE9F04FB94C83B0D4F8448118F0010FCD
:100DF000C4F844815ED0D4F8AC31002B55D04FF00C
:100E0000011BDFF8EC92B24E2546DA46C4F8AC314D
:100E1000B06AF26AD4F8403143F40053C4F8403168
:100E2000D4F840319F04F5D5D5F8403123F4005370
:100E3000C5F84031C5F8B4A1D4F8B43113F00113AA
:100E4000FAD181B240F28167C9F80030B94200F2AC
:100E5000AD80B1F5D06F80F0DE81B1F5817F00F01B
:100E6000608100F2E880802900F04E81822940F004
:100E7000DA8092B202F07F01072900F2D480890063
:100E80009448954F0844016810063B707B7040F110
:100E90000182CA0301D501233B7002218E48FFF76E
:100EA0004FFFD4F8AC31002BB0D1884AD2F8BC3116
:100EB000002B49D118F0400F18D0844BD3F8AC1157
:100EC0001A46C3F8AC11D3F8BC11C3F8BC11D2F860
:100ED000B0417E4B002CFAD14FF0FF32C3F8B42161
:100EE000D3F8843100F032FD7C4B1C6018F0807F19
:100EF00003D07B4B1B6803B1984718F0007F03D0E9
:100F0000784B1B6803B1984718F0040F08D06F4B5B
:100F1000D3F8843113F4007345D0734B01221A7057
:100F20006A4BD3F8482112060BD518F0800F08D071
:100F30006E490A782AB1013AD2B20A70002A00F04A
:100F4000428203B0BDE8F08F6949C2F8BC3108683D
:100F5000034240F0E281614A15681D40AAD02F0C7F
:100F60000FD05B4E4FF0010997FAA7F4B4FA84F45E
:100F700006EBC41009FA04F44030FFF7C5FEA7439E
:100F8000F2D1ADB2002D95D0514E012795FAA5F4BE
:100F9000B4FA84F406EBC41007FA04F4FFF7B4FEC5
:100FA000A543F3D186E7504A1370B9E742F221070F
:100FB000B94234D067D8B1F5086F00F01E81B1F5A1
:100FC000106F30D1C0F307404A4A4B4910704B4F65
:100FD0004B4A0193C5F8C871C5F8CC11C5F8D021AA
:100FE00000F0B6FC474A019B80210120B2645160A9
:100FF0001060F364C5F8BCB1D5F8B011936041F44A
:101000008032C5F8B0213A4A1360D4F8B031002BD1
:10101000FBD1D4F8AC31002B7FF4F8AE45E7110CCE
:10102000072900F03B81C4F8C0B1D4F8AC31002BE3
:101030007FF4ECAE39E740F20237B94200F0AD8000
:10104000B1F5A06FEFD12F4A80210127F364B2647C
:1010500017605160C5F8BCB1D5F8B011936041F488
:101060008033C5F8B031D4F8B031002BFBD1030C7C
:101070005B0643F08073C5F85431D4F8AC31002BD3
:101080007FF4C4AE11E742F22123994279D042F2B3
:1010900021339942C7D11B4B802200210120B36428
:1010A00018605A60F164C4F8BCB1D4F8B0219960FA
:1010B00042F48033C4F8B031D4F8B031002BFBD106
:1010C000D4F8AC31002B7FF4A1AEEEE600002E4048
:1010D00000000020C0012E4090E900203CE40020E8
:1010E000A4EC0020A8EC0020FDEC0020FEEC002089
:1010F00038E40020FCEC0020C80002000200CC0014
:101100000200C80040ED0020B64A022110461370CC
:101110005370FFF715FED4F8AC31002B7FF476AE98
:10112000C3E692B202F07F03072B3FF67CAF12F0CA
:10113000800F4FEA8303AC4A4FF000014FF00100EB
:101140001A44136814BF23F4803323F0010313609F
:101150008022A64BF164B36418605A60C4F8BCB135
:10116000D4F8B021996042F48033C4F8B031D4F897
:10117000B031002BFBD1D4F8AC31002B7FF446AE5C
:1011800093E692B2002A86D1994BC0F30740994A60
:101190001968994B116018707DE792B202F07F03D5
:1011A000072B3FF640AF12F0800F4FEA83038E4AC1
:1011B0004FF000014FF001001A44136814BF43F4CC
:1011C000803343F0010313608022884BF164B364E1
:1011D00018605A60C4F8BCB1D4F8B021996042F4E8
:1011E0008033C4F8B031D4F8B031002BFBD1D4F83F
:1011F000AC31002B7FF40AAE57E6804A0121794BCF
:10120000127818461A70FFF79BFDD4F8AC31002B0A
:101210007FF4FCAD49E67A4B596800293FF403AFEF
:10122000000C1FFA82FE04E00C33596800293FF4D9
:10123000FAAE1F888742F7D15F887745F4D1070A55
:10124000032F00F0BA801B89120C934228BF13466B
:10125000B0F5007F00F0A280B0F5E06F00F08B8069
:10126000684F1A4601933846FEF764FE019B27F04B
:101270001F021F44BFF34F8F63490A602032974219
:10128000FAD8BFF34F8FBFF36F8F5E481946FFF751
:1012900057FD06E6CB077FF500AEFCE55B4F4FF050
:1012A000010EF3605A495B4B3860C3F800E05960A7
:1012B000B3605949D5F8B0017A6001F5805740EA2A
:1012C0000E02996001F5005E01F5405001F5804184
:1012D000C5F8B021DF60C3F810E058619961D4F817
:1012E000B031002BFBD1414A012048F28001F36468
:1012F00010604FF48030B2645160C5F8BCB1D5F8CD
:10130000B011936041EA0003C5F8B031C9F800009C
:10131000D4F8B031002BFBD1C3E53C4842F22104A4
:10132000002605880E60A54240687FF414AE81B2A5
:1013300000297FF410AE3849384C03C90D0C8628BB
:101340002060A180A5717FF406AE72B634480178A2
:1013500041F004010170D2F84811080606D441F0AA
:1013600080018020C2F84401C2F8481162B62D4ABB
:1013700050211170EFE52C481A46224F90F800E0FA
:101380002A492B480193BEF1000F08BF0146384699
:10139000FEF7D0FD0722019B7A7068E722481A46C3
:1013A0002349077821480193002F08BF01461548BB
:1013B000FEF7C0FD134F019B59E7120C0B789342C7
:1013C00028BF134648E716490A7802F0FB020A7064
:1013D0002AB9D3F8482122F08002C3F8482109F045
:1013E00041F800BF90E90020C0012E4040ED0020F0
:1013F0009CEC0020A8EE0020FBEC0020FCEC002080
:10140000804E00202000202070EF00E0908E002011
:101410008000070020ED002030E40020A0EE002036
:10142000F4EC0020FEEC0020FDEC002068F70260E8
:10143000B4F70260002AA0F102022DE9F04714BFC0
:1014400000274FF00057022A01D9BDE8F0874FEA84
:10145000C019DFF840A00D4604460AEB090600213A
:1014600040229846304602F039FE012047EA054105
:101470004AF80910C6F83880B060B8F1000FE4D01F
:10148000034BA0401C6820431860BDE8F08700BFF4
:101490003CE4002000000020002AA0F102022DE917
:1014A000F04714BF00274FF00057022A01D9BDE8CA
:1014B000F0874022C501DFF844908846154400219A
:1014C00004461E4609EB050A504602F007FE0122BB
:1014D00047EA084149F80510CAF83860CAF80820F8
:1014E000002EE4D004F11000034B82401868024340
:1014F0001A60BDE8F08700BF3CE400200000002037
:1015000012048160C36142F08002F0B4426001279E
:1015100001F5805601F5005501F5405401F5804272
:101520000760C660056144618261F0BC704700BF1E
:10153000831E022B00D97047064B0A4630B400F1D7
:101540001004012503EBC01005FA04F1403030BC53
:10155000FFF792BB00000020831E022B00D97047CA
:1015600010B4054B01240A4604FA00F103EBC01045
:101570005DF8044BFFF780BB000000204068704717
:10158000124A134BD2F8200220F07F40984210B547
:1015900084B002D800EB800040000E4C01A90A2262
:1015A000FEF764FD01A90023204611F8012B013349
:1015B0003AB10A2B20F8022FF7D11623237004B07A
:1015C00010BD5B00DBB2237004B010BD00441F40AF
:1015D0007F969800B862002000F0E0BA00F0B2BA3E
:1015E00000F016BB00F0D0BA00F06CBB00F042BBBC
:1015F0000846114600F032BB084600F019BB00BF98
:10160000F8B514494FF40037134D034601EB40245D
:10161000124E134A05EB40152146176028463288C2
:10162000FFF76EFF318824F01F032144BFF34F8F73
:101630000C4A136020339942FBD8BFF34F8FBFF39E
:101640006F8F03202946FFF787FF074B4FF40032C7
:101650001A60F8BD80002020008D0020C6EC00201C
:101660008CE100E05CEF00E00CE100E0244A43681C
:101670002DE9F041C3F30E431488C569E41A002C28
:1016800038DD2049204A0B781278DBB21F48204E03
:10169000934207D010F8038036F81870C7F500722F
:1016A000944212D9013300221A4F082B26F8154014
:1016B00027F81520184E94BFDAB213460A70326824
:1016C000C55414443460BDE8F081144B07EB482046
:1016D0002246274403EB45211844FEF72BFC0E4A13
:1016E000284626F8187013681C441460BDE8F041C1
:1016F000FFF786BF2846BDE8F041FFF781BF00BF76
:10170000C6EC0020F2EC0020F3EC0020C0E9002041
:10171000A0E90020B0E900209CE900208000202002
:101720001E4B1A785AB902F0FF031D4A127832B1E3
:101730002DE9F0411B4D2A8812B9BDE8F0817047B0
:10174000194EC2F50068194F31784246184C07EB24
:10175000411704EBC12438462146FFF7D1FE08EBC0
:10176000040224F01F01BFF34F8F124B1960203188
:101770008A42FBD8BFF34F8FBFF36F8F04203946E7
:10178000FFF7D6FE3378084A0133DBB2032B88BF5C
:101790000023137000232B80BDE8F081FAEC0020B9
:1017A000FCEC0020CAEC0020F9EC0020008E0020A8
:1017B0008010202070EF00E02DE9F04F85B00290FE
:1017C0000091002900F0AB800023564DDFF87481B2
:1017D000DFF860A1544FDFF870B101930122534B41
:1017E0002A701C78524AB8F8003002EB441923BB27
:1017F0001E461C464846FFF7C1FE10F080007ED012
:10180000BFF34F8F00229AF800304A492A7004B97A
:101810003E68002B5AD13B689B1B782B79D89BF8EC
:101820000030002B52D000F09FFA0124B8F80030AD
:101830002C70002BDED03D4A14781A46C3F50060A8
:10184000E402009E3C4920449642084442D30C44A2
:101850000299FEF76FFB002321464FF400624846D1
:10186000FFF74EFE24F01F0304F50064BFF34F8F13
:10187000324A136020339C42FAD8BFF34F8FBFF334
:101880006F8F04204946FFF753FE284B274A1B78E9
:10189000009801332A49DBB2032B88BF0023137061
:1018A0000022B8F80030A8F80020C01A0090019873
:1018B00018440190029818440290C1F88420BFF3A4
:1018C0004F8F00232B70009B002B87D1019805B010
:1018D000BDE8F08F009C0393019B224602992344AC
:1018E0000193FEF727FB039B4FF04041144A002071
:1018F0001B1B0090A8F80030C2F88410DFE74FF4FB
:1019000000630A4A8AF8000014781A46A8F80030E2
:1019100096E7012301980B7005B0BDE8F08F0098A1
:10192000D5E700BFFAEC00209CEC0020F9EC002089
:10193000008E0020F8EC00208010202070EF00E0E6
:1019400000002E40CAEC0020FCEC0020704700BFD5
:10195000314B2DE9F0411B78304F002B54D04FF420
:101960000073DFF8EC803B80A8F800300021802273
:101970002B480D462B4E02F0B1FB2B4C2B4B29462E
:101980004FF480722A4825702C461D8002F0A6FB79
:1019900035602B4675602A46B560F5602549264EB0
:1019A0002648DFF8B0E00D70102105700220356088
:1019B0007560B560F560CEF80050FFF76DFDB8F8C2
:1019C00000102A461E4B0320FFF734FD2B463988B2
:1019D00001220420FFF760FD20460134FFF710FECE
:1019E000082CF9D1174B4A2217480021174C0460E4
:1019F000C3F88410C3F88020D3F8482142F08072E5
:101A0000C3F84821BDE8F0814023DFF844803B80E3
:101A1000A8F80030AAE700BFFDEC0020CCEC0020C5
:101A2000008E0020A0E90020F9EC0020CAEC002084
:101A3000008D0020F2EC0020B0E90020F3EC002043
:101A4000611E010000002E40A4EC0020151F0100C3
:101A5000C6EC00209CE90020314B4FF400322DE908
:101A6000F04F1A6083B02F4B89461C78002953D061
:101A70002D4BE4B21B789C4250D082460027DFF801
:101A8000C0B00134294BC7EB09085046092C01931B
:101A9000274B28BF00241D5D244B33F815E0254B50
:101AA0000EEB452133F81560234BCEEB06061944A7
:101AB000B0453246374419D20EEB4521424619440F
:101AC000FEF738FA019BDBF80010484633F8152082
:101AD000C8EB01019044CBF8001023F81580174B98
:101AE0004FF400321A6003B0BDE8F08FFEF722FA1F
:101AF000DBF80020E3B22846921BB244CBF800206A
:101B0000084A1370FFF77CFDB94503D9064B1B78D3
:101B10009C42B6D13846E2E70846E0E70020DEE71F
:101B20008CE100E0F3EC0020F2EC0020B0E90020B2
:101B3000C0E90020A0E90020800020200CE100E0A6
:101B40009CE900200B4B0C4A1B781278DBB29342C5
:101B50000DD0013309480A4A092B0A4928BF00233E
:101B6000C35C31F8131002EB4323585C70474FF00D
:101B7000FF307047F3EC0020F2EC0020C0E90020B9
:101B800080002020B0E90020034B10B51C680CB980
:101B900000F0EAF8204610BD9CE900202DE9F84F3E
:101BA000154E164D34782B78E4B29C4221D0DFF8E4
:101BB0005490DFF854B0DFF85480114F0134082CF2
:101BC0005FFA84FA01D90024A24619F80410DBF860
:101BD000002038F81130084637F811105B1AD31A74
:101BE000CBF80030FFF70CFD86F800A02B789C4264
:101BF000E4D1BDE8F88F00BFF3EC0020F2EC002048
:101C0000B0E90020C0E900209CE90020A0E9002004
:101C100000B583B001210DF10700FFF71DFF20B1D2
:101C20009DF8070003B05DF804FB4FF0FF30F9E7C3
:101C3000094B00B583B01B788DF8070023B903F07A
:101C4000FF0003B05DF804FB01210DF10700FFF771
:101C5000B3FD03B05DF804FBFCEC0020044B1B78E3
:101C600003F0FF020BB1FFF7A7BD1046704700BF9E
:101C7000FCEC00202DE9F0410024DFF84480012332
:101C80000D4D27460D4E88F8003033782846203514
:101C9000A34204F1010405D0FFF770FC030658BF0E
:101CA00007F50067042CF0D1BFF34F8F00233846AF
:101CB00088F80030BDE8F081008E0020F9EC0020AB
:101CC000FAEC00202DE9F843204B1B7813B1204D8E
:101CD0002A880AB9BDE8F883DFF88880C2F5006970
:101CE0001C4E4FF0010E98F800104A461A4C002383
:101CF00006EB4116194F04EBC124304687F800E08B
:101D00002146FFF7FDFB09EB040224F01F01BFF39E
:101D10004F8F134B196020318A42FBD8BFF34F8F8E
:101D2000BFF36F8F04203146FFF702FC98F80030B4
:101D30000C4A0133DBB2032B88BF0023137000234E
:101D40002B80BFF34F8F3B70BDE8F883FCEC002085
:101D5000CAEC0020008E002080102020FAEC002029
:101D600070EF00E0F9EC00202DE9F843324E3378B3
:101D700093B1324F3A787AB90122D9073A7037D401
:101D80009A0719D400225B073A7005D52C4B1A68C4
:101D900012B1EFF305820AB1BDE8F883EFF31080CA
:101DA00072B61A681AB1274C217800292FD0002862
:101DB000F2D162B6BDE8F883DFF8948098F800208D
:101DC000002ADFD00024DFF88C9005E0013498F879
:101DD0000030E4B2A34213D959F824502B682846A6
:101DE0001B6998470028F1D06B699B689847EDE71D
:101DF000FFF7CAFED0B9144B1B781BB93378BFE785
:101E00003378BFE7337803F0FE033370B8E7012679
:101E1000556926701D6065B1A96100B962B60025DB
:101E200093681046557798472570B5E700F02CF871
:101E3000E1E7064B1D60F0E7DB620020D8EC0020F4
:101E4000B0DF0020D6EC00200AF80260BCDF0020E2
:101E5000D7EC0020C0DF00200A4B30B4586A1C4683
:101E6000996A626AA36A994208BF9042104619466D
:101E70000CBF01250025002DF3D0D90B30BC41EA61
:101E80004240704700400D40704700BF08B50368EE
:101E90004268BBB17AB1104BA3FB0213DB0803EB22
:101EA0004303B2EB830303D0D21A4260F02A02D973
:101EB0000123184608BD01F00BFD1C22002302601F
:101EC000184608BD044BA3FB0213DB0803EB4303D6
:101ED000B2EB8303E8D1E9E7ABAAAAAA70B504463E
:101EE00000283AD019B1B2FA82F56D09FDB1206827
:101EF00008B1626832B901F0EBFC162300220360DE
:101F0000104670BD1849A1FB0231C90801EB41011F
:101F1000B2EB8101EFD1A3680BB102F0DFF800232F
:101F20000122236010466360A360E36070BD1E461B
:101F3000049B80E80600C360FFF7A8FF0246002864
:101F4000DED016B90122104670BD94E80500A660E7
:101F5000294602F0C3F80122D2E701F0B9FC1623AA
:101F600022460360CCE700BFABAAAAAA10B52DEDAC
:101F7000048BB0EE408B254C8AB000F0E3F994F965
:101F80000030B0EE409B01332ED0B4EE488BF1EE22
:101F900010FA29D6B0EE480B01F07EF9B7EE007BBF
:101FA000B4EEC70BF1EE10FA1EDD0123184A0093C0
:101FB00018480192002308938DED048B8DED028B60
:101FC00001F07CF994F90030022B8DED060B11D055
:101FD000684601F071F968B1089B93B99DED060B55
:101FE0000AB0BDEC048B10BDB0EE490B0AB0BDECDD
:101FF000048B10BD01F06CFC21230360089B002BB7
:10200000ECD001F065FC089B0360E7E7D562002097
:10201000004E00202021002000F0C8BAF0B52DEDC0
:10202000088BB0EE40ABB0EE419B964C8BB000F00D
:10203000ADFB94F90030B0EE408B5A1C34D0B4EEB6
:10204000499BF1EE10FA2FD6B4EE4AABF1EE10FA3E
:1020500076D69FED8ABBB4EE4BABF1EE10FA29D1E8
:10206000B4EE4B9BF1EE10FA13D101228649009297
:1020700000228DED02AB8DED049B8DED06BB019131
:102080000892002B4BD0B7EE000B0BB0BDEC088BC9
:10209000F0BDB0EE490B01F007F928B1B5EEC09BD9
:1020A000F1EE10FA00F1A080B0EE480B0BB0BDECE1
:1020B000088BF0BD01F0F8F80546002857D0B5EEC2
:1020C000408BF1EE10FA4FF000064FF00007EBD115
:1020D000B0EE4A0B01F0E8F80028E5D0B0EE490B6D
:1020E00001F0E2F80028DFD0674A01928DED02ABE3
:1020F0008DED049BCDE906670421002294F90030A0
:1021000000910892022B03D0684601F0D5F858B927
:1021100001F0DEFB2223036006E08DED06BB68467E
:1021200001F0CAF8002873D0089B1BB101F0D0FB66
:10213000089B03609DED060B0BB0BDEC088BF0BD5A
:10214000B5EE409BF1EE10FAAED1B7EE000B0122D6
:102150004D490092022B4FF000028DED02AB8DED48
:10216000049B019108928DED060BD8D19EE7B0EE4D
:102170004A0B01F099F80028A1D0B0EE490B01F00C
:1021800093F800289BD0B4EE488BF1EE10FA94F946
:1021900000303D4A08955ED603218DED02AB8DEDF2
:1021A000049B8DE80600002B37D1B5EEC0AB374B52
:1021B0004FF06042F1EE10FACDE90623A4D5B6EE59
:1021C000007B29EE079BB0EE490B01F07FF8B4EEDF
:1021D000409BF1EE10FA3BD02D4994F900304FF0BE
:1021E0006040CDE906018DE7274A94F9003001925D
:1021F000012100228DED02AB8DED049B0091089230
:10220000002B8AD023490020022BCDE9060186D17C
:1022100001F05EFB2123036086E71F49B5EEC0ABEA
:102220000020F1EE10FACDE906017FF56BAFB6EEB6
:10223000007B29EE079BB0EE490B01F047F8B4EEA6
:10224000409BF1EE10FA03D0124B0022CDE9062399
:1022500094F9003056E701218DED02AB8DED049B22
:102260008DE80600002B3FF458AF8BEE0B7B022B62
:102270008DED067BCCD052E7AFF30080000000006C
:1022800000000000D5620020084E0020FFFFEF474D
:10229000FFFFEFC70000F0FF0000F07F00B52DED5D
:1022A000028BB0EE408B8BB000F032FE234B93F9E3
:1022B00000305A1C0BD0B4EE488BF1EE10FA06D663
:1022C0009FED1C7BB4EEC78BF1EE10FA04D40BB07B
:1022D000BDEC028B5DF804FB01221949009200223B
:1022E0008DED048B8DED028B0191089293B187EEF9
:1022F000076B022B8DED066B0ED101F0E9FA21235D
:102300000360089B73B99DED060B0BB0BDEC028B0F
:102310005DF804FB8DED067B684600F0CDFF0028DC
:10232000EFD1EAE701F0D4FA089B0360EBE700BFC6
:10233000AFF300800000000000000000D562002024
:102340000C4E002030B510EE905A2DED068B934BBD
:1023500025F000449C4283B010DD04F1404410EEAF
:10236000103A04F58014234300F0888030EE407B5F
:1023700087EE070B03B0BDEC068B30BD884B9C424B
:102380000EDCB4F1795F80F29880B7EE006B9FEDC0
:10239000657B30EE077BB4EEC67BF1EE10FAE9DC2C
:1023A00000F07AFFB7EE007BB6EE006B37EE400B25
:1023B0009FED5E5B20EE068BB0EE480B9FED5D6BF4
:1023C0009FED5E4BA8EE056B9FED5E9BA8EE064B66
:1023D0009FED5E5B9FED5F6BA8EE045B9FED5F3B47
:1023E000A8EE056BA8EE069B9FED5E4B29EE089BC1
:1023F0009FED5E5BA8EE034B9FED5E6BA8EE045B6A
:10240000A8EE056BA8EE067BB0EE47AB00F080FDB2
:10241000644B9C428DED000B3EDCB0EE005B89EE20
:102420000A4BDDE900239DED006B9FED547B36EEFA
:10243000062B9DED001B00229FED520B43EC162B4B
:10244000B1EE463BA3EE068B31EE066BB0EE471BBA
:10245000A3EE051BB0EE413B88EE061BA1EE450B3B
:1024600094EE020B30EE430B37EE400B002DD8BF3D
:10247000B1EE400B03B0BDEC068B30BD9FED436B5E
:102480009FED407B20EE077BA0EE067BB0EE470B76
:1024900003B0BDEC068B30BD9DED005B89EE0A7B81
:1024A000B0EE006BA5EE075B9FED3A0B9FED377B1F
:1024B000A5EE060B37EE400BD8E79FED1C4B20EE48
:1024C000007BB7EE002B9FED1B5B9FED1C6BA7EE17
:1024D000045B9FED1E4BA7EE056B9FED1E5BA7EE09
:1024E000064B9FED186BA7EE045B9FED1C1BA7EE40
:1024F000056B26EE076B9FED1B3B9FED1C4BA7EE7C
:10250000013B9FED1C5BA7EE034BA7EE045BA7EE20
:10251000052B86EE025BA0EE050B03B0BDEC068B2F
:1025200030BD00BF9C7500883CE4377E09F7FD0D87
:10253000E13D023F88B20175E0EF493F3B8F68B54E
:102540002882A4BF555555555555C53F5544880E4D
:1025500055C1C93F7D6FEB0312D6D4BF82922EB115
:10256000C5B8B33F59018D1B6C06E6BFC88A599C9C
:10257000E52A00404B2D8A1C273A03C0182D4454ED
:10258000FB21E93F075C143326A6913C182D4454E7
:10259000FB21F93F075C143326A691BCFFFFEF3FF8
:1025A000FFFFDF3F3233EF3F00000000F0B585B0A2
:1025B0008DED021B029A0398724953428DED000B78
:1025C000134320F0004545EAD3738B429DE8900009
:1025D00042D86342234327F0004E4EEAD3738B4226
:1025E0003AD800F1404303F58013134353D08617C4
:1025F00006F0020654EA0E0346EAD77634D052EAD1
:1026000005033ED08D4252D08E453AD0C5EB0E0523
:102610002D153C2D44DC00286BDBDDE900239DED0E
:10262000020B43EC172B87EE000B00F035FE00F099
:1026300031FD53EC102B012E56D0022E49D0002E26
:1026400044D09FED3A7B9FED3B6B43EC152B35EE71
:10265000477B37EE460B05E09DED027B9DED006B61
:1026600037EE060B05B0F0BD022E1DD09FED330BEB
:102670009DED007B032E08BFB0EE407BB0EE470B14
:10268000F0E79FED307B9FED310B002FA8BFB0EE40
:10269000470B05B0F0BD05B0BDE8F04000F0FABC56
:1026A00028A3D3E90023C6E79FED220BDAE7AE4566
:1026B00024D0022EF8D0032E2DD09FED267B9FED47
:1026C000270B012E08BFB0EE470BCBE743EC102BD6
:1026D000C8E79FED167B9FED176B43EC152B35EE8E
:1026E000477B36EE470BBDE703F1004343EC102B6D
:1026F000B8E73C3591DA002200239CE7022E10D087
:10270000032E0BD09FED177B9FED180B012E08BFFA
:10271000B0EE470BA6E79FED090BA3E79FED150B66
:10272000A0E79FED160B9DE7AFF30080075C143325
:1027300026A6A13C182D4454FB210940182D4454D1
:10274000FB2109C0182D4454FB21F93F182D445496
:10275000FB21F9BF00000000000000800000000025
:1027600000000000182D4454FB21E9BF182D4454EB
:10277000FB21E93FD221337F7CD902C0D221337FB4
:102780007CD902400000F07F000000002DE9F04FEE
:1027900051EC110B2DED088B21F0004555EA00049A
:1027A00087B03AD053EC102B6A4F23F00044BC4260
:1027B00010EE10AA994629DC884611EE106A24D042
:1027C000BD4223DC634FBD427AD0B9F1000F7ADB02
:1027D0004FF0000BA6BB5F4EB54200F090805E4EFE
:1027E000B54266D0B8F1804F00F057825B4EB045DD
:1027F00026D1B9F1000F23DB43EC102B07B0BDEC61
:10280000088BBDE8F04F00F083BB6AB104F140448F
:1028100004F5801454EA0A0308D1B7EE000B07B0A0
:10282000BDEC088BBDE8F08FA542CBDD4C4807B06E
:10283000BDEC088BBDE8F04F00F040BD4FF0000B41
:1028400016461F4647EC106BCDE9020100F024FD4F
:102850008DED000BBAF1000F1AD04FEAD97909F1CA
:10286000FF395BEA09035ED03E4B9D4240F3808016
:1028700003F104739D4240F39A823B4B9C4259DD25
:10288000B8F1000F59DD9FED2F0B20EE000BC6E7CE
:1028900024B1314B29F040429A42DED1B8F1000F09
:1028A000C0F27C82B9F1000FC0F2E6819DED000B11
:1028B000B5E7B8F1000FC0F2BC8243EC102BAEE7D5
:1028C000002E82D0A2E7294FBD4229DCA7F1547720
:1028D000BD427FF77DAF2F15A7F2FF37142F40F3CE
:1028E000B682C7F1340726FA07FE0EFA07F7BE4292
:1028F0007FF46EAF0EF0010ECEF1020B6AE704F129
:10290000404303F5801353EA0A0386D0164B9C42DA
:1029100040F33B82B8F1000F0FDB41EC100B7EE778
:102920004FF0020B56E747EC176B37EE477B87EE0D
:10293000070B74E7B8F1000FA5DB9FED040B6EE702
:10294000AFF300809C7500883CE4377E00000000F7
:10295000000000000000F07F0000F03F0000E03FBA
:10296000202100200000E041FFFFEF3FFFFF3F4339
:10297000B4F5801F80F25B829DED006B9FEDC97BFB
:1029800026EE077B8DED007B019C6FF03406ED4A4F
:102990002315C4F31304A3F2FF3344F07F51944290
:1029A0001E4441F4401140F33A82E74B9C4240F30D
:1029B0006C82B7EE007B9FEDBD3B0136A1F5801127
:1029C0000025B0EE430BDDE90023B7EE004B0B46CC
:1029D00043EC112B4C1031EE076B31EE472B84EE9C
:1029E000065B22EE056B8DED006BDDE9002344F004
:1029F000005404F5002400220020611943EC142B3C
:102A000041EC160BB1EE44AB36EE477BAAEE062B3B
:102A100031EE477BB0EE426BAAEE076B9DED007B7B
:102A200026EE052B9DED006B37EE047B26EE06BBF4
:102A30009FEDA09B27EE026B9FEDA08B9FEDA11B4E
:102A4000ABEE098B9FEDA17BABEE081B2BEE0B8B46
:102A50009FEDA05BABEE017BABEE075B9FED9F7B39
:102A6000ABEE057BB0EE085BA8EE076BB0EE457BE6
:102A7000A4EE047B37EE067B8DED047B04929DED86
:102A8000049B39EE455BAAEE045B36EE455B9DED9B
:102A9000006B25EE066BA2EE096BB0EE465BA4EE72
:102AA000095B8DED005B00929DED004B9FED8D2B42
:102AB000B0EE445BAAEE095B9FED8C7B36EE456B76
:102AC0009FED8C8B26EE077B01EE906AA4EE087BCF
:102AD000B8EEE11B37EE007BB0EE476BA4EE026B65
:102AE00036EE036B36EE016B8DED006B00929DEDC3
:102AF000005B35EE416B36EE436BA4EE426B37EE76
:102B0000466BDDE90234BFEE000B2146002044ECA9
:102B1000173B41EC140B26EE076B37EE447BA5EE1A
:102B2000076B25EE045B36EE057B8DED007BB7EE83
:102B3000007B864B019A0BF1FF3B5BEA090414BF53
:102B4000B0EE478BB0EE408B9A42009C40F302817E
:102B500002F13F4303F5E003234340F0718136EE79
:102B6000054B34EE454B9FED657B36EE077BB4EEAF
:102B7000C47BF1EE10FA00F3638113461B154FF48A
:102B80008011A3F2FE3341FA03F39918C1F30A50FE
:102B90006F4EA0F2FF30064121EA06050024C1F382
:102BA000130345EC174BC0F1140043F4801343FAB0
:102BB00000F0002A35EE475B36EE057B8DED007B9D
:102BC000B8BF40420105DDE90023B0EE002BB7EEAF
:102BD000007B9FED4C1B9FED4D0B00229FED4D4B5D
:102BE00043EC132B9FED4D9B23EE044B33EE455BE3
:102BF00036EE455BB0EE446BA5EE006B9FED495B96
:102C0000B0EE464BA3EE014BB0EE440BA3EE410BEE
:102C100036EE406B9FED450B24EE043BA3EE095BC3
:102C20009FED441BA3EE050BA4EE066B9FED435BEB
:102C3000A3EE001BA3EE015BB0EE441BA3EE451B0D
:102C400024EE013B31EE422B83EE025B35EE466B08
:102C500036EE446B37EE467B8DED007B019B1944CD
:102C6000B1F5801FC0F21A81DDE900230B4643EC69
:102C7000102B20EE080BD2E504F1404404F580143B
:102C800054EA0B0300F0FA80BBF1010F7FF40EAEA3
:102C90009DED007BB1EE470BC1E543EC172B27EE12
:102CA000070BBCE5000000000000404300000000EE
:102CB00000000000EF4E454A287ECA3F65DBC993FD
:102CC0004A86CD3F01411DA96074D13F4D268F51E9
:102CD0005555D53FFFAB6FDBB66DDB3F0333333369
:102CE0003333E33F000000E009C7EE3FFD033ADC69
:102CF00009C7EE3FF5015B14E02F3EBEFE822B6557
:102D00004715973C00000000432EE63FEF39FAFEDE
:102D1000422EE63F396CA80C615C20BED0A4BE7286
:102D20006937663EF16BD2C541BDBBBE2CDE25AF17
:102D30006A56113F93BDBE166CC166BF3E555555D0
:102D40005555C53F8E98030079B60B00FFFF8F40A5
:102D5000FFFF0F00694D22F00043AB4240F3848037
:102D600067491144214309D136EE057B37EE457B97
:102D7000B4EEC76BF1EE10FA3FF600AF9FED4D0BCE
:102D800028EE007B27EE000B49E5B8F1000FBFF6F7
:102D9000D4AD41EC170BB1EE470B40E59DED005B68
:102DA000B7EE007B87EE056B8DED006B7AE5554B3A
:102DB0009C427FF7BFAD544B9C423FF761ADB7EEED
:102DC000007BB5EE008B9DED005B9FED3C2B35EE5F
:102DD000477BB6EE005B9FED3B3BB1EE474B27EEEA
:102DE000070B9FED3A6BA4EE083BA4EE035B9FED4F
:102DF000391B25EE005B26EE456BA7EE016BB0EEAE
:102E0000465BA7EE025B53EC152B002243EC152B1F
:102E1000B0EE457BA4EE027B36EE476B71E69FED8C
:102E20002F3BB7EE007BB0EE430B0025CBE5002631
:102E3000ADE543EC162BB7EE007B87EE060BEEE418
:102E40009FED280B28EE007B27EE000BE7E4002E19
:102E50007FF4F4ACC7F1140745FA07FE0EFA07F742
:102E6000BD4220D0B346BAE4284CA3423FF786AE19
:102E700036EE057B01468DED007BA4E69DED007BE3
:102E800037EE477B87EE070BC9E49FED183BB7EEA3
:102E9000087B9FED180B4FF4802594E5B0EE470BAF
:102EA00000F0A4FAE5E60EF0010ECEF1020B96E476
:102EB000AFF3008059F3F8C21F6EA5010000006057
:102EC0004715F73F555555555555D53FFE822B654E
:102ED0004715F73F44DF5DF80BAE543E000000009D
:102EE000000000009C7500883CE4377E0000004034
:102EF00003B8E23F06D0CF43EBFD4C3EFFCB904002
:102F000000346F3FFEFFEF3F0000F03F0000E03F66
:102F10002DE9F04182B08DED000B5D49019B0098D9
:102F20000C461940A14200F09880002B024677DD44
:102F30001F1500F08280A7F2FF37C3F31303F907D0
:102F400043F4801367D403EBD27100260B447F1047
:102F50005200B64616204FF400110EEB01049C42BD
:102F60004FEAD2754FEA420203DC1B1B04EB010E51
:102F70000E44013805EB43034FEA5101EDD184467D
:102F800020244FF0004109E020D003EBD275013C32
:102F90004FEA51012B444FEA420220D09E4501EBFB
:102FA0000C05F1DA002D05EB010C09DBF04695422A
:102FB000CEEB030300D9013B521B0844C646E4E7AD
:102FC000BCF1000FF2DB0EF10108F0E795421AD8D0
:102FD000002D05EB010C48DB98460023ECE713437A
:102FE00013D140087110F30701F17F5101F5001171
:102FF00048BF40F0004001EB0753024643EC102B62
:1030000002B0BDE8F0817346BFE7421C31D000F04A
:1030100001031844E5E75B0003EBD273520092E72B
:1030200023F0004101431DD05BBB1F46D30A153F6F
:103030005205002BFAD0DD021ED4002100E001462B
:103040005B00DC0201F10100F9D5C0F1200422FA95
:1030500004F423437F1A82406DE7A0EE000B02B018
:10306000BDE8F0819DED000BCAE7BCF1000FAADAC4
:10307000B2E701362046B5E720244FF0FF310020AB
:10308000E5E79DED007B37EE477B87EE070BB7E763
:103090000000F07F38B5B0EE407B17EE905A774BCA
:1030A00025F000449C420EDD754B9C4210EE102A28
:1030B0005CDC59D09FED557B9FED560B002DC8BFB2
:1030C000B0EE470B38BD6F4B9C4260DCA3F1DE7362
:1030D0009C424EDD4FF0FF339FED502B27EE074B08
:1030E00024EE046B9FED4F3B9FED505BA6EE023B41
:1030F0009FED502BA6EE035B9FED503BA6EE052BFC
:103100009FED505BA6EE023B9FED501BA6EE035BCE
:1031100025EE045B9FED4F2B9FED504B9FED513BF8
:10312000A6EE014BA6EE042B9FED504BA6EE023B04
:103130005A1CA6EE034B24EE066B40D035EE065B20
:10314000514A5249DB001A440B4492ED006B93ED57
:10315000000B97EE056B36EE477B002D30EE477B7C
:103160002ADBB0EE470B38BD002AA3D037EE070BA1
:1031700038BD9FED406BB7EE005B30EE066BB4EEF2
:10318000C56BF1EE10FAA5DDB0EE470B38BD00F0CF
:1031900083F83F4B9C4219DCA3F550239C422ADC68
:1031A000B0EE007BBFEE006B30EE075BA0EE076B6E
:1031B000002386EE057B8FE7B1EE470B38BD35EE79
:1031C000066BA7EE467BB0EE470B38BD314B9C42F9
:1031D0000BDCB7EE087BB7EE006B30EE475BA0EE82
:1031E000076B022385EE067B76E7BFEE006B0323B9
:1031F00086EE007B70E7B7EE007B012330EE476B75
:1032000030EE070B86EE007B66E700BF182D4454B6
:10321000FB21F93F182D4454FB21F9BF11DA22E3B9
:103220003AAD903FEB0D76244B7BA93F513DD0A0AA
:10323000660DB13F6E204CC5CD45B73FFF83009270
:103240002449C23F0D5555555555D53F2F6C6A2C15
:1032500044B4A2BF6D9A74AFF2B0B3BF9AFDDE5210
:103260002DDEADBF711623FEC671BCBFC4EB9899AD
:103270009999C9BF9C7500883CE4377EFFFF0F44D5
:103280000000F07FFFFFDB3FA00300208003002051
:10329000FFFFF23FFF7F034053EC102B23F000436E
:1032A00043EC102B704700BF10EE903A43F0004003
:1032B00000F58010C00F7047002070479FED010B94
:1032C000704700BF000000000000F87FF0B453EC2E
:1032D000102BC3F30A55A5F2FF30132884B019460A
:1032E0004FEAD37710EE104A2CDC002847DB3C4D28
:1032F000054103EA0506164329D06D082B401C43FF
:103300000CD04FF48023132821EA050543FA00F17D
:1033100041EA05010CBF4FF000440024314800EBA6
:10332000C70797ED000B0B46224643EC172B37EEF1
:10333000007B8DED027B9DED027B37EE400B04B0F0
:10334000F0BC7047332807DDB0F5806F44D043EC04
:10335000102B04B0F0BC7047A5F213454FF0FF30BE
:10336000E8400242F3D040080242D7D04FF08043F9
:1033700024EA000043FA05F545EA0004CEE723F00D
:103380000040104310EE106AE1D0C3F3130006436F
:10339000704206431348590C360B490406F40026C4
:1033A00000EBC70046EA010390ED006B43EC172BDE
:1033B00037EE067B8DED027B9DED027B37EE467B83
:1033C0008DED007B0199DDE9002321F0004141EA08
:1033D000C77343EC102BBCE730EE000BB9E700BF1E
:1033E000FFFF0F00800200200000000010B52DED4F
:1033F000028B82B08DED000B019B0099C3F30A5242
:103400002ABB23F000430B432DD09FED367B3D4A72
:1034100020EE077B90428DED007B019B29DBC3F3FF
:103420000A52363A841840F2FE72944230DC002C84
:1034300027DD23F0FF41DDE9002321F4E00141EA2B
:10344000045343EC102B02B0BDEC028B10BD40F2D4
:10345000FF718A42E6D19DED007B37EE070B02B08B
:10346000BDEC028B10BD9DED000B02B0BDEC028BDC
:1034700010BD9FED1E0B27EE000B02B0BDEC028BC2
:1034800010BD14F1350F11DA4CF2503398421DDDA6
:103490009FED188B9DED001BB0EE480B00F034F84B
:1034A00020EE080B02B0BDEC028B10BD23F0FF41F3
:1034B000DDE9002321F4E001363441EA04539FEDB5
:1034C0000F0B43EC172B27EE000BBCE79FED078B90
:1034D0009DED001BB0EE480B00F016F820EE080B37
:1034E000B1E700BF000000000000504359F3F8C2EC
:1034F0001F6EA5019C7500883CE4377E000000002B
:103500000000903CB03CFFFF53EC102B11EE900AF2
:1035100023F0004100F0004041EA000343EC102B8F
:10352000704700BF0B460146184600F0C5B900BF02
:1035300053B94AB9002908BF00281CBF4FF0FF311A
:103540004FF0FF3000F07EB9ADF1080C6DE904CE0C
:1035500000F006F8DDF804E0DDE9022304B070476E
:103560002DE9F0478C460E460446089D002B50D1AD
:103570008A4217466CD9B2FA82FEBEF1000F0BD018
:10358000CEF1200420FA04F401FA0EF644EA060C07
:1035900002FA0EF700FA0EF44FEA1749220CBCFBB0
:1035A000F9F01FFA87F809FB10C642EA064600FB4D
:1035B00008F3B34209D9F61900F1FF3280F02281F5
:1035C000B34240F21F8102383E44F61AA2B2B6FB63
:1035D000F9F309FB136642EA064403FB08F8A04529
:1035E00009D9E41903F1FF3280F00A81A04540F2C5
:1035F0000781023B3C44C8EB040443EA004000213D
:10360000002D62D024FA0EF400232C606B60BDE81C
:10361000F0878B4207D9002D55D0002185E8410065
:103620000846BDE8F087B3FA83F1002940F09080A6
:10363000B34202D3824200F2F880841A66EB03069A
:103640000120B446002D40D085E81010BDE8F08779
:1036500012B90127B7FBF2F7B7FA87FEBEF1000FE8
:1036600035D1F31B4FEA17481FFA87FC0121B3FB42
:10367000F8F0220C08FB103642EA06460CFB00F379
:10368000B34207D9F61900F1FF3202D2B34200F279
:10369000CE801046F61AA2B2B6FBF8F308FB13660A
:1036A00042EA06440CFB03FCA44507D9E41903F1E4
:1036B000FF3202D2A44500F2B5801346CCEB0404DD
:1036C00043EA00409CE729462846BDE8F087CEF152
:1036D000200106FA0EF307FA0EF720FA01F94FEA75
:1036E0001748CE4049EA0309B6FBF8FA4FEA1944F5
:1036F00008FB1A661FFA87FC44EA06430AFB0CF231
:103700009A4200FA0EF40AD9DB190AF1FF3180F06F
:1037100087809A4240F28480AAF1020A3B449B1AB5
:103720001FFA89F9B3FBF8F108FB113349EA0343A7
:1037300001FB0CF69E4207D9DB1901F1FF326BD277
:103740009E4269D902393B449B1B41EA0A418EE7FC
:10375000C1F1200E22FA0EF48B40234320FA0EF71B
:1037600006FA01F44FEA134C26FA0EF63C43B6FB78
:10377000FCF9270C0CFB19661FFA83F847EA06468A
:1037800009FB08F7B74202FA01F200FA01FA08D978
:10379000F61809F1FF3041D2B7423FD9A9F1020929
:1037A0001E44F61BA0B2B6FBFCF40CFB146640EA08
:1037B000064704FB08F8B84507D9FF1804F1FF30A5
:1037C00028D2B84526D9023C1F4444EA0940C8EB38
:1037D0000707A0FB02894F4544464E4614D329D023
:1037E00065B3BAEB040367EB060707FA0EFECB409E
:1037F000CF404EEA030385E888000021BDE8F0874A
:103800001346F8E61046E0E6B8EB020469EB03065F
:103810000138E5E70446D8E7114695E78146C0E759
:103820008A467CE7023B3C4448E708460AE7023800
:103830003E442FE7C245E7D33E46D1E72946BDE8DF
:10384000F08700BF704700BF024B0A460146186868
:1038500000F002B84C5F002010B502FB01F100F04F
:10386000D9F80446D8B150F8042C22F00302043AE7
:10387000242A18D8132A14D900231B2A0360436072
:1038800016D9242A8360C36011BF00F110020361BE
:10389000436100F1180200231360536093602046D7
:1038A00010BD0246F7E7002100F018FC204610BDCD
:1038B00000F10802EFE700BF13460A460146022066
:1038C00004F072BB0023B7EEC00A05F095BA00BF42
:1038D000014B1868704700BF4C5F002070B50F4E59
:1038E0000F4D761BB61018BF002405D0013455F8D3
:1038F000043B9847A642F9D10A4E0B4D761B06F0C1
:10390000A1FDB61018BF002406D0013455F8043BC1
:103910009847A642F9D170BD70BD00BFD82C026097
:10392000D82C0260EC2C0260D82C026010B5044642
:1039300000F056F82044407800F0070010BD00BFAA
:1039400010B5044600F04CF82044407800F0030025
:10395000A0F10200B0FA80F0400910BD10B5044695
:1039600000F03EF82044407800F00300A0F1010090
:10397000B0FA80F0400910BD931E222B10D80A2AFD
:1039800010B506D000230C46194402F0D3FE2046A1
:1039900010BD0028F6DA2D230B7040420123F2E718
:1039A00000200870704700BFFFF7E6BF034A044BD2
:1039B0001268506B002808BF184670474C5F002003
:1039C000D0590020044B054A1B685B6B002B08BFD5
:1039D000134693F8280170474C5F0020D05900200F
:1039E00008B5034B1868FFF7E1FFD0F8EC0008BDFD
:1039F0004C5F0020024B0146186800F00BB800BF76
:103A00004C5F0020024B0146186805F0EDBB00BF7B
:103A10004C5F00202DE9F04F01F10B05162D83B00E
:103A2000064640F29F8035F0070500F1BF80A942AD
:103A300000F2BC8000F0A0FBB5F5FC7FC0F09C82DA
:103A40006B0A00F0BA80042B00F28381A80900F110
:103A5000390E4FEA4E033830C44F07EB8303A3F10E
:103A600008015C68A14207D1ACE0002A80F2AC807A
:103A7000E468A14200F0A680636823F003035A1BA8
:103A80000F2AF2DDB9493C6901F1080E744500F0D6
:103A9000B381636823F003035A1B0F2A00F3998153
:103AA000002AC1F814E0C1F810E080F29E80B3F55E
:103AB000007F80F06781DB0803F1010C01229B107D
:103AC00002FA03F34A6851F83C80C4F8088001EB1D
:103AD000CC091A43A9F10803E3604A6041F83C406D
:103AE000C8F80C40831001249C40944200F28A8064
:103AF000144206D120F003006400144200F10400D7
:103B0000FAD007EBC009CC468046DCF80C108C4597
:103B100007D173E1002A80F28181C9688C4500F0E9
:103B20006D814B6823F003035A1B0F2AF2DD0C460C
:103B3000D1F80CC054F8088F4B1945F001054D60C1
:103B400042F00101C8F80CC03046CCF808807B6117
:103B50003B61C3F80CE0C3F808E059609A5000F0EC
:103B60000DFB1FE0102921D800F006FB10250623CD
:103B700002207E4F07EB8303A3F108025C689442A6
:103B800000F045816368E168A56823F003032344DE
:103B900030465A68E96042F001028D605A6000F0D8
:103BA000EDFA0834204603B0BDE8F08F00240C2362
:103BB0002046336003B0BDE8F08F80234FF0400E05
:103BC0003F2049E770465DE72344E1685A68A568ED
:103BD00042F00102E96030468D605A6000F0CEFA92
:103BE0000834204603B0BDE8F08F234430465A68BD
:103BF00042F001025A6000F0C1FA0834204603B0D6
:103C0000BDE8F08FBC68636823F00308A84504D3BF
:103C1000C5EB08030F2B00F38C80554BDFF8609148
:103C20001A68D9F8003001332A4404EB080A00F07E
:103C3000608102F580520F3222F47F6222F00F027F
:103C400011463046019200F005FDB0F1FF3F83467A
:103C5000019A00F05881824500F2FC80454B1968BA
:103C6000DA451144196000F05381D9F80000DFF8FB
:103C700010E101301BBFCAEB0B0A5144CEF800B073
:103C800019601BF0070100F01781C1F10800C1F5B0
:103C90008051834408315A44C2F30B02C2EB01093C
:103CA00049463046019300F0D5FC431C019B00F0CF
:103CB0003F81CBEB00024A4442F001021968C7F889
:103CC00008B04944BC42CBF804201960DFF8A49046
:103CD00016D0B8F10F0F40F2FD806268A8F10C0316
:103CE00023F00703E01802F001024FF0050E1A431B
:103CF0000F2B6260C0F804E0C0F808E000F21C81FD
:103D00001D4BBC681A68914288BF19601B4B1A682A
:103D10009142626888BF196022F003029542A2EBCB
:103D2000050301D80F2B04DC304600F027FA0024ED
:103D300038E7621943F0010345F00105656030463C
:103D4000BA60536000F01AFA0834204603B0BDE8A8
:103D5000F08F142B71D9542B00F2A480280B00F1A2
:103D60006F0E4FEA4E036E3076E600BF3C5B0020DC
:103D700028E00020F8DF002020E0002024E00020E0
:103D8000445F00205A0A042A5ED9142A00F2B38044
:103D900002F15C0149005B3207EB810C57F82110FE
:103DA000DFF8DC81ACF1080C8C4500F088804A68B3
:103DB00022F00302934202D289688C45F7D1D1F8F0
:103DC0000CC07A68C4F80CC0A160CCF80840CC6084
:103DD00088E6631942F0010745F001056560304649
:103DE0004B610B61C3F80CE0C3F808E05F609A50C8
:103DF000083400F0C3F9D5E64A6873E608F1010813
:103E000018F0030F0CF1080C7FF47FAE30E0DC6893
:103E1000A34208BF02303FF435AEB3E60B440C4674
:103E20005A68C96854F8085F42F001025A60304687
:103E3000E9608D6000F0A2F9B4E603F15C0E03F1D5
:103E40005B004FEA4E0307E69A0902F13901490087
:103E50003832A1E7BC424A4B3FF400AF9C6862682D
:103E600022F003025AE759F80839994540F0828058
:103E700010F0030F00F1FF30F5D17B6823EA040353
:103E80007B6064009C423FF6BDAE002C3FF4BAAEAE
:103E90001C4240467FF435AE64001C4200F1040031
:103EA000FAD02EE6B3F5AA7F18D8E80B00F1780E09
:103EB0004FEA4E037730CFE54FF48051EBE6012116
:103EC000D8F80430921001FA02F21A43C8F804201C
:103ED000614677E70123CBF8043025E740F25452DE
:103EE000934220D8A80C00F17D0E4FEA4E037C309F
:103EF000B2E51032A4E6542A26D81A0B02F16F015B
:103F000049006E3248E7BC68626822F0030205E7A8
:103F1000CAF30B0000287FF4A8AE4244BB6842F00D
:103F200001025A60ECE6FE234FF07F0E7E2093E5FF
:103F300001224FF00009C1E604F10801304605F006
:103F400053F9D9F80010DBE6B2F5AA7F05D8DA0BF1
:103F500002F17801490077321EE740F254518A425B
:103F600005D89A0C02F17D0149007C3214E7FE214C
:103F70007E2211E77B6884E7E808431C5B00F8E5D4
:103F80003C5B002082B049B15AB16BB113780B6031
:103F90001278101C18BF012002B0704701A9002A36
:103FA000F3D1104602B070476FF00100F4E700BF94
:103FB000032A70B426D940EA01039B0711D0047884
:103FC0000D78AC4222D10244431C05E013F8014BAA
:103FD00011F8015FAC4219D19342F7D1002070BCB7
:103FE00070470C4603461E682568AE4218462146B7
:103FF00003F1040304F10404E1D1043A032A18464E
:104000002146F0D8002ADAD11046E8E7601B70BCE0
:10401000704700BF8842F0B50DD98B1898420AD27C
:104020008118002A51D09A1A13F8014D01F8014D58
:104030009342F9D1F0BD0F2A48D941EA00039B070A
:1040400046D100F1100401F11003154653F8106C2D
:1040500044F8106C53F80C6C44F80C6C53F8086C72
:1040600044F8086C103D53F8046C44F8046C0F2DB0
:1040700003F1100304F11004E8D8A2F1100323F0B7
:104080000F0302F00F0E1033BEF1030F1944034467
:1040900021D91E1F0D467446043C55F8047B46F892
:1040A000047F032CF8D8AEF1040424F00304043494
:1040B0002344214402F0030262B1013B0A4411F897
:1040C000014B03F8014F8A42F9D1F0BD0346F3E7F3
:1040D0000346F2E7F0BD7246EEE700BF70B4840716
:1040E00046D0541E002A41D0CDB2034602E0621EE3
:1040F000E4B3144603F8015B9A07F8D1032C2ED9D8
:10410000CDB245EA05250F2C45EA054519D903F13D
:1041100010022646103E0F2E42F8105C42F80C5C4E
:1041200042F8085C42F8045C02F11002F2D8A4F1F3
:10413000100222F00F0204F00F041032032C13447B
:104140000DD91E462246043A032A46F8045BFAD8E3
:10415000221F22F003020432134404F003042CB1A2
:10416000C9B21C4403F8011BA342FBD170BC7047C9
:1041700014460346C2E700BF704700BF704700BF48
:104180000FB400B5074983B004AB086853F8042B9B
:104190008168019302F00EFB03B05DF804EB04B0FC
:1041A000704700BF4C5F0020034B1B6801469A68B4
:1041B000184605F095BE00BF4C5F0020F0B50546DF
:1041C00089B008460C4600F021FDAB6B144F0494F7
:1041D0000126441C04A9022203940590AC680697AA
:1041E000079601910292B3B1B4F90C309A0406D447
:1041F000626E43F4005322F40052A38162662146AA
:10420000284601AA05F0D8F8002814BF4FF0FF3067
:104210000A2009B0F0BD284604F08EFFE4E700BF95
:1042200008260020024B01461868FFF7C7BF00BFF1
:104230004C5F002010B40C4B0C4C19680C4AD1F8A0
:10424000A830D1F8AC0004FB03F402FB0040A3FB50
:1042500002230344013243F10003C1E92A2323F07E
:1042600000405DF8044B70474C5F00202DF451581E
:104270002D7F954C2DE9F04F174683B0002900F0B3
:10428000C1800E46814607F10B05FFF775FF56F812
:1042900004EC162D2EF00304A6F1080840D81022D5
:1042A0001546AF4241D8944275DAC94B996808EB7C
:1042B00004008842416800F0D98021F001030344E2
:1042C0005B68DB077DD51EF0010F35D039464846C7
:1042D000FFF7A0FB0746E0B156F8043C23F00103CA
:1042E0004344A0F108029A4200F04481221F242A8C
:1042F00000F23181132A00F204810346324611682C
:1043000019605168596092689A603146484604F0D5
:104310006BFF4846FFF732FF384603B0BDE8F08F29
:1043200025F00705002D2A46BBDA0C230020C9F82A
:10433000003003B0BDE8F08F56F8083CC3EB080A24
:10434000DAF8043023F0030C04EB0C039342BDDBDA
:104350005746DAF80C1057F8080F221F242AC160BC
:10436000886000F21781132A40F212813168CAF87E
:1043700008107168CAF80C101B2A00F22B8108364D
:104380000AF110023168116071685160B168916082
:104390003E461C46D046631B0F2B1DD8D8F8043070
:1043A00003F0010323434444C8F80430636843F036
:1043B000010363604846FFF7E1FE304603B0BDE805
:1043C000F08F21F003012144914221DBC368826810
:1043D0000C46D3609A60DEE7D8F8042008EB0501AC
:1043E00002F00102154343F001020B44C8F80450E7
:1043F0004A605A6842F0010208315A60484604F0A7
:10440000F3FED7E7114603B0BDE8F04FFFF702BB5C
:104410001EF0010F7FF45AAF56F8083CC3EB080AB0
:10442000DAF8043023F0030C01EB0C0E96458BDB1D
:10443000C36882685746D3609A6057F8081FDAF855
:104440000C30CB60221F242A996000F29980132A35
:1044500062D93368CAF808307368CAF80C301B2A6E
:1044600000F2A08008360AF1100356E021F0030B99
:10447000A34405F11000834559DA1EF0010F7FF4C3
:1044800025AF56F8081CC1EB080ADAF8041021F031
:10449000030CE34458453FF757AF5746DAF80C1082
:1044A00057F8080F221F242AC160886000F2B480E8
:1044B000132A40F2A5803168CAF808107168CAF85A
:1044C0000C101B2A00F2AF8008360AF11002316886
:1044D000116071685160B16891600AEB0501C5EB2C
:1044E0000B0242F0010299604A60DAF8043003F0EE
:1044F00001031D434846CAF80450FFF73FFE384603
:104500005CE733680360736843601B2A27D800F1B7
:10451000080306F10802F2E63B4632681A60726848
:104520005A60B2689A603E467446D04633E708EB5C
:104530000501C5EB0B0B4BF0010299604A6056F880
:10454000043C03F001031D43484646F8045CFFF7B2
:1045500015FE304632E73146FFF75CFDD5E6B3681D
:104560008360F368C360242A28D000F1100306F1A9
:104570001002C4E650F8043C23F003031C440AE78D
:10458000314638467446D046FFF744FD3E4602E7C2
:104590003A46F7E6314638461C46D046FFF73AFD24
:1045A0003E46F8E6B368CAF81030F368CAF814302B
:1045B000242A1BD010360AF11803AEE733690361D1
:1045C0007369436106F1180200F1180397E600BF12
:1045D0003C5B0020B168CAF81010F168CAF81410EA
:1045E000242A0FD010360AF11802CBE63369CAF834
:1045F00018307369CAF81C3018360AF120038CE7AA
:104600003A4664E73269CAF818207269CAF81C2071
:1046100018360AF12002B5E6314638460193FFF715
:10462000F9FC019B59E7B168CAF81010F168CAF8A3
:104630001410242A03D010360AF1180247E7326911
:10464000CAF818207269CAF81C2018360AF120022C
:104650003DE700BF38B5074C0023054608462360F8
:10466000FCF7AEFA431C00D038BD2368002BFBD00A
:104670002B6038BDACEE00200CB4F0B5244B002903
:104680009DB01D683EDB4FF402730C46029006900D
:10469000ADF8143023AE17D04C1E229A0494334642
:1046A0004FF6FF7702A9284607940196ADF81670D9
:1046B00000F088FD421C1BDB029B00221A701DB01B
:1046C000BDE8F04002B0704733464FF6FF77229ABC
:1046D000049402A9284607940196ADF8167000F0DC
:1046E00071FD431C07DB1DB0BDE8F04002B0704710
:1046F0008B232B60E0E78B232B601DB0BDE8F040DF
:1047000002B070478B232B604FF0FF30EBE700BF08
:104710004C5F002041EA00039B0710B414D10B68E2
:10472000A3F1013222EA030212F0803F0CD10C1DEA
:1047300040F8043B214654F8043BA3F1013222EA3D
:10474000030212F0803FF3D0034611F8012B184604
:1047500003F8012B002AF8D15DF8044B704700BF25
:1047600070B411F0FF0434D085070FD00378002B0C
:104770005AD09C422BD0431C05E013F8012B002A91
:104780004FD0944223D09A071846F6D10E0206F471
:104790007F462643036846EA064601E050F8043F98
:1047A00086EA0305A5F10132A3F1013122EA0502EF
:1047B00021EA0303134313F0803FEFD0037823B9BA
:1047C00032E010F8013F002B2ED09C42F9D170BC92
:1047D000704784070BD00378002BF8D0431C03E00C
:1047E00002780133002AF2D099071846F8D10268FE
:1047F000A2F1013323EA020313F0803F08D150F8FD
:10480000042FA2F1013323EA020313F0803FF6D014
:104810000378002BDBD010F8013F002BFBD170BCDC
:104820007047104670BC7047184670BC704700BF98
:104830000000000000000000000000000000000078
:10484000000000000000000000000000A2EB0300D8
:10485000704700BF02780B78012A28BF9A42F5D131
:104860006DE9044540EA0104CDE902676FF0000CF0
:104870004FEA447212B380EA010414F0070F6AD1C0
:1048800000F0070420F0070004F0030521F0070101
:104890004FEAC505F0E8042314F0040FF1E80467BB
:1048A0000CFA05F462EA040266EA04060AD063EA36
:1048B0000403624667EA0407664603E0F0E804235F
:1048C000F1E8046782FA4CF582EA0604A4FA8CF453
:1048D0006CBB83FA4CF583EA0705A5FA8CF595B90C
:1048E00050E9022351E9026782FA4CF582EA060494
:1048F000A4FA8CF483FA4CF583EA0705A5FA8CF543
:104900002543DBD09CB92DBAB5FA85F424F0070411
:1049100027FA04F1DDE9026723FA04F303F0FF004C
:1049200001F0FF01FDE80445A0EB0100704724BA47
:10493000B4FA84F424F0070426FA04F1DDE90267EE
:1049400022FA04F202F0FF0001F0FF01FDE8044545
:10495000A0EB0100704714F0030F3CD110F00304EA
:1049600028D150F8082B51F8083B82FA4CF582EA1E
:104970000305A5FA8CF55DB950F8042C51F8043CF8
:1049800082FA4CF582EA0305A5FA8CF5002DE8D0F1
:104990002DBAB5FA85F424F0070423FA04F122FABB
:1049A00004F202F0FF0001F0FF01FDE80445A0EB76
:1049B000010070474FEAC40420F0030050F8082BB0
:1049C00021F0030151F8083B0CFA04F462EA0402F6
:1049D00063EA0403C9E710F003041AD0A1EB040151
:1049E00020F00300E40750F8042B06D00FD28B7898
:1049F0005FFAA2F4E41A06D12BB1CB785FFAB2F4D5
:104A0000E41A00D11BB920465DF8104B704701F144
:104A1000040150F8042BCC0721F0030151F8043BAA
:104A200048D824D222F07F4482FA4CF594EA132528
:104A3000A5FA8CF50AD165B951F8043B84EA020461
:104A4000B4EB036F0ED150F8042BEBE74FEA1323BE
:104A500055E035F07F454DD10878FDE80445C0F1BB
:104A6000000070474FEA126203F0FF0347E002EADA
:104A70001C4482FA4CF594EA1345A5FA8CF50AD148
:104A800065B951F8043B84EA0204B4EB034F0CD13E
:104A900050F8042BEBE74FEA134330E015EA1C45CE
:104AA00028D10B884FEA124229E04FEA124203EA6A
:104AB0001C4324E002F0FF0482FA4CF594EA1365EB
:104AC000A5FA8CF50AD165B951F8043B84EA0204D1
:104AD000B4EB032F09D150F8042BEBE74FEA136333
:104AE0000DE015F0FF0F05D10B684FEA122223F0FD
:104AF0007F4304E04FF00000FDE80445704712BA20
:104B00001BBA82FA4CF482EA0304A4FA8CF5B5FAD3
:104B100085F402FA04F203FA04F34FEA1260FDE8A6
:104B20000445A0EB1360704780EA0102844612F04E
:104B3000030F4FD111F0030F32D14DF8044D11F096
:104B4000040F51F8043B0BD0A3F101329A4312F049
:104B5000803F04BF4CF8043B51F8043B16D100BF22
:104B600051F8044BA3F101329A4312F0803FA4F1B3
:104B700001320BD14CF8043BA24312F0803F04BF3A
:104B800051F8043B4CF8044BEAD023460CF8013BA7
:104B900013F0FF0F4FEA3323F8D15DF8044B704751
:104BA00011F0010F06D011F8012B0CF8012B002A8F
:104BB00008BF704711F0020FBFD031F8022B12F07E
:104BC000FF0F16BF2CF8022B8CF8002012F47F4F39
:104BD000B3D1704711F8012B0CF8012B002AF9D141
:104BE000704700BF0000000000000000000000004F
:104BF00000000000000000000000000000000000B5
:104C000000000000000000000000000090F800F02C
:104C10006DE9024520F007016FF0000C10F0070469
:104C200091F820F040F049804FF000046FF0070049
:104C3000D1E9002391F840F000F1080082FA4CF22B
:104C4000A4FA8CF283FA4CF3A2FA8CF34BBBD1E9B1
:104C5000022382FA4CF200F10800A4FA8CF283FAE3
:104C60004CF3A2FA8CF3E3B9D1E9042382FA4CF2B3
:104C700000F10800A4FA8CF283FA4CF3A2FA8CF348
:104C80007BB9D1E9062301F1200182FA4CF200F14F
:104C90000800A4FA8CF283FA4CF3A2FA8CF3002BEE
:104CA000C6D0002A04BF04301A4612BAB2FA82F201
:104CB000FDE8024500EBD2007047D1E9002304F083
:104CC0000305C4F100004FEAC50514F0040F91F884
:104CD00040F00CFA05F562EA05021CBF63EA050321
:104CE00062464FF00004A9E72DE9F0414FF0010EB4
:104CF000744600254FF0FF362B198B4200EB060758
:104D00000DD23F5D10F803C0BC452DD21D460124D5
:104D1000C6EB030E2B198B4200EB0607F1D34FF0C5
:104D20000108C2F800E0444600254FF0FF372B1978
:104D3000994200EB070E0ED91EF804E010F803C0EC
:104D4000F44518D91D460124C7EB03082B199942D5
:104D500000EB070EF0D80137701C874224BFC2F861
:104D600000803846BDE8F0810CD04FF0010E2E4691
:104D700074467544C0E70CD04FF001082F464446F6
:104D80004544D4E7744509BFA64601341D460124B5
:104D9000B2E7444509BFA04601341D460124C6E7D9
:104DA0002DE9F04FADF2144D164605468B461046E0
:104DB000194603AA1C46FFF797FF03AB81460DF285
:104DC0000C4243F8044F9342FBD14CB1631E324670
:104DD00004A812F8011B40F8213013F1FF33F8D278
:104DE00003994A4631443046FFF7E2F8002871D172
:104DF00009F1FF330093F31882460193234680465E
:104E0000544658469A4608EB0A073A1A00212844A5
:104E100004F004FD002858D1002F56D0EB1904AA45
:104E200013F8013C52F823304BB124B1039A93425A
:104E300001D2C2EB0A03984400243846E3E74C450C
:104E400023460AF1FF3E38BF4B46734513D208EBA9
:104E5000030216F803C0A85C84452A4406EB03014C
:104E600006D02EE011F801CF12F8010F844528D1A9
:104E700001337345F6D34C45009980F08B80009B3D
:104E8000019808EB03020378A85C83422A4440F0AF
:104E90008180019B06EB040B06E013F801ED12F88C
:104EA000010D864504D161469B4501F1FF3CF4D1DB
:104EB00001348C4270D8039C3846A044C4EB0A04E9
:104EC000A1E7C9F101029044B5E700200DF2144DAD
:104ED000BDE8F08FC9EB04034B4538BF4B460133A7
:104EE00009F1FF38039306EB080358464FF0000A18
:104EF000CB4699460AEB04073A1A0021284404F0ED
:104F00008DFC0028E1D1002FDFD0EB1904AA13F8A3
:104F1000013C52F82330A3BB611E8B4515D20AEB2E
:104F20000B0216F80B3015F802E09E452A4406EBFA
:104F30000B005B4606D027E010F801CF12F801EF16
:104F4000F44521D101338B42F6D3B8F1FF3F11D0A4
:104F50000AEB080299F80010AB5C99422A440FD181
:104F60004B4605E013F8010D12F8011D884207D1E8
:104F7000B342F7D105EB0A000DF2144DBDE8F08FF6
:104F8000039B9A443846B5E7CBF1010292449A4418
:104F90003846AFE749468BE705EB080096E700BFC8
:104FA0000378002B00F004812DE9F04F91F8008088
:104FB00085B04446B8F1000F16D0864601F1010CC9
:104FC000012703E012F8014B6CB194469C4214BFD8
:104FD000002707F001071EF8013F6246002BF1D1C0
:104FE0009CF800300BBB17B105B0BDE8F08F0E4642
:104FF000054641460130C6EB0C04FFF7B1FB0746FE
:1050000098B1012CF0D02819874294BFC7EB000B50
:105010004FF0010B1F2C0CD9234632465946384617
:10502000FFF7BEFE05B0BDE8F08F002005B0BDE87B
:10503000F08F03AA21463046FFF756FE03998046BB
:10504000024631443046FEF7B3FF002858D108F13C
:10505000FF330193F3188146054600935846B24644
:105060006619321A0021384404F0D8FB0028DCD13C
:10507000002EDAD0C845434638BF4B469C4212D971
:105080005A191AF80310B85C88423A440AEB030E26
:1050900006D02DE01EF8010F12F8011F884227D11B
:1050A00001339C42F6D8019BC845194640F28380E3
:1050B000EA1800980378B85C83423A447BD1009B9D
:1050C0000AEB090B06E013F801CD12F801EDF445E7
:1050D00004D101465B4501F1FF30F4D109F101092A
:1050E000894557D8039B30461D44C3EB0409B7E7F5
:1050F000C8F1010215441D444FF000093046AFE7E6
:10510000C8EB0403434538BF4346013308F1FF3978
:10511000039306EB090358460025BB469A466719D8
:105120003A1A0021584404F079FB00287FF47DAF3F
:10513000002F3FF47AAF444515D908EB050216F865
:1051400008301BF8020098425A4406EB0801434617
:1051500006D023E011F801EF12F8010F86451DD1AA
:1051600001339C42F6D8B9F1FF3F12D005EB09029A
:105170009AF800101BF8023099425A4414D1534651
:1051800005E013F8010D12F8011D88420CD1B3425D
:10519000F7D15F46781905B0BDE8F08FC8F101027C
:1051A00015441D443846BAE7039B38461D44B6E70C
:1051B0000B7813B97047414690E70020704700BF55
:1051C000000000002DE9F04F2DED068BB9B00C4624
:1051D000039192460993059004F09AFA036810939C
:1051E0001846FFF713FDA3890F90190603D523690D
:1051F000002B01F07D8000239FEDA48B9FEDA59BEC
:105200000D931D931C931193069328AB1B93994602
:105210009AF800305446EBB1252B02D11AE0252B29
:1052200003D014F8013F002BF9D1CAEB04058DB16E
:105230001C9B1D9AC9F800A001332A44072BC9F80A
:1052400004501D921C9300F3A38009F10809069BEA
:105250002B4406932378002B00F0A38000231A46EA
:105260008DF84F30194607939B464FF0FF3863780F
:1052700004F1010A45460AF1010AA3F12000582869
:1052800000F2F883DFE810F06303F603F6036B0324
:10529000F603F603F603F603F603F60370037E0344
:1052A000F6035D00DF00F603FB000C010C010C01AE
:1052B0000C010C010C010C010C010C01F603F603AE
:1052C000F603F603F603F603F603F603F603F60316
:1052D0001C015E01F6035E01F603F603F603F60316
:1052E000A102F603F603A602F603F603F603F6039D
:1052F000F603D802F603F6030503F603F603F603F6
:10530000F603F603F603F603F603F603F603430388
:1053100056035E015E015E015E035603F603F6036B
:10532000A403F603B103A2006200C303F603C8039B
:10533000F6038303F603F6038B03079809934042B1
:1053400007904BF0040B9AF8003094E7A8460998B0
:1053500000213023782288458DF8503004688DF87C
:10536000512000F104074FF000058DF84F104BF06D
:105370000203C0F29C832BF0800343F0020B54EA3B
:105380000503099700F069830F460C924348AEE28B
:105390001BAA0399059804F009FE48B90DF1A0096C
:1053A00055E71D9B23B1059803991BAA04F0FEFD48
:1053B000039B9B8913F0400F069B18BF4FF0FF33F0
:1053C000184639B0BDEC068BBDE8F08F0C93A846AB
:1053D000002A41F09A811BF0200300F00682099F09
:1053E000073727F00703002703F10802B8450992A1
:1053F000D3E900458DF84F70C0F25E8654EA05038C
:105400002BF0800B00F04B8328AEE20842EA457295
:10541000E90804F007030D461446303354EA050248
:1054200006F8013DF1D11BF0010F00F02782302B6F
:1054300000F024823022731E06F8012C28AAD21A0A
:1054400008921E461DE29AF800302A2B0AF1010448
:1054500001F02F81A3F13000092898BF002501F247
:10546000D58014F8013B05EB850500EB4505A3F15C
:1054700030000928F5D945EAE575A246FDE64BF06E
:10548000800B9AF80030F6E6AFF3008000000000D1
:1054900000000000FFFFFFFFFFFFEF7F2C4E00200A
:1054A000A3F1300000231C461AF8013B04EB8404EE
:1054B00000EB4404A3F130000928F5D90794DCE699
:1054C0000C93A846002A41F02C814BF0100B1BF0E6
:1054D000200F00F00385099F073727F00707D7E95A
:1054E000002307F10801099114461D46002A73F1B3
:1054F0000003C0F23785B8F1000F9DF84F70C0F27D
:10550000B58154EA05032BF0800B00F0F683002DE3
:1055100008BF0A2CC0F0AE8128AE204629460A22D8
:105520000023FEF705F8303206F8012D2046294603
:1055300000230A22FDF7FCFF04460D4654EA05034A
:10554000EBD19BE10C93A846002A41F0E680099F2D
:105550001BF0080F07F1070700F0408627F007034C
:1055600093ED008B03F108020992B0EEC87BB4EE14
:10557000497BF1EE10FA40F3BC85B5EEC08BF1EE3D
:1055800010FA00F1CA879DF84F70A74EA74B0C99EF
:1055900003224FF0000804922BF0800B4729D8BF5C
:1055A0001E460892CDF8388017B1049B013304934E
:1055B0001BF002030A9302D0049B023304931BF0F6
:1055C00084030B9340F08082079B049A9C1A002C62
:1055D00040F37A82102C1D991C9A954F23DD484682
:1055E0001025C146B046059E04E0103C102C00F189
:1055F000080015DD01321031072A1D911C92076049
:105600004560F2DD1BAA0399304604F0CFFC002868
:105610007FF4CEAE103C102C1D991C9A28A8E9DC12
:105620004646C846814601326318072A1D931C92DC
:10563000C9F80070C9F8044000F3E2839DF84F7088
:1056400009F1080977B11C9A013201330DF14F00BD
:105650000121072A1D931C9289E8030000F35F8350
:1056600009F108090A9A6AB11C9A0132023314A896
:105670000221072A1D931C9289E8030000F35B8333
:1056800009F108090B9A802A00F07E82089AC2EB81
:105690000804002C34DD102C1C9A664F23DD49468B
:1056A0004FF01008B146059D039E04E0103C102CFD
:1056B00001F1080115DD01321033072A1D931C92F8
:1056C00081E88001F2DD1BAA3146284604F06EFC19
:1056D00000287FF46DAE103C102C1D9B1C9A28A94D
:1056E000E9DC4E46894601322344072A1D931C9269
:1056F000C9F80070C9F8044000F3058309F10809EE
:105700001BF4807F40F0E2811C9A0898C9F8006081
:1057100001320344072A1D93C9F804001C9200F3C8
:10572000C28209F108091BF0040F3ED0079A0499C0
:10573000541A002C39DD102C1C9A3D4F22DD102507
:10574000059EDDF80C8004E0103C102C09F10809DE
:1057500018DD01321033072A1D931C92C9F800701E
:10576000C9F80450F0DD1BAA4146304604F01EFC87
:1057700000287FF41DAE103C102C1D9B1C9A0DF1CF
:10578000A009E6DC01322344072A1D931C92C9F8C4
:105790000070C9F8044008DD1BAA0399059804F0BD
:1057A00005FC00287FF404AE1D9B069A0799049817
:1057B0008142ACBF521812180692002B40F07F8233
:1057C00000231C930DF1A00922E54BF0080B9AF879
:1057D000003050E50C93A846002A40F09A874BF021
:1057E000100B1BF020037FF4FAAD1BF0100240F009
:1057F00091831BF0400300F08D8309998DF84F20B1
:105800000B46B8F1000F03F104030C884FF00005BC
:10581000C0F2AB8554EA05012BF0800B099300F030
:105820003E811746F0E500BF204E00201C4E0020B0
:1058300050080020EC4E00200C93A846002A40F0AF
:1058400059874BF0100B1BF0200300F0E782099FF3
:10585000073727F00703002703F10802B84509922C
:10586000D3E900458DF84F70BFF64BAE54EA0503FF
:105870007FF44DAE38AE303406F8414D28AB9B1B5B
:105880000893089B4345B8BF4346049300230E93F7
:105890008AE60C93A846002A40F028871BF0200FC8
:1058A000C24800F08680099F073727F00703D3E935
:1058B000004503F1080209921BF0010700F047823E
:1058C00054EA050300F0A384002730239DF830201C
:1058D0008DF85030B8458DF851208DF84F704BF051
:1058E0000203C0F217862BF0800343F0020B28AEB0
:1058F000230904F00F0143EA05732A091C461546E3
:10590000435C06F8013D54EA0503F1D1B6E7099975
:105910000C930A688DF8782000230A461F468DF8FC
:105920004F30043201230493B8460E97099208932E
:105930001EAE3DE60C93A846002A3FF4C8AD8DF894
:105940004F10C4E54BF0400B9AF8003093E49AF8FE
:10595000003000297FF48FAC012220218BE44BF032
:10596000010B9AF8003086E4099C236807931846D7
:105970000028234603F10403FFF6DFAC09939AF8ED
:10598000003078E49AF8003001222B2173E40C9364
:10599000A846002A3FF457AF8DF84F1053E70C93F9
:1059A000A846002A40F0AA861BF0200F80487FF40A
:1059B0007AAF099A1BF0100F134640F0C1821BF01A
:1059C000400F00F0BD82043314880993002573E76B
:1059D0009AF800306C2B03BF9AF801304BF0200B83
:1059E0000AF1010A4BF0100B45E4002A40F06F86E3
:1059F0001BF0200F00F06683099A06991368CD17F3
:105A00000846043229460992C3E9000100E44BF03C
:105A1000200B9AF800302EE4099A0C9316680024A3
:105A20008DF84F40171D002E00F06585002DC0F247
:105A3000A2842A462146304603F0F0FE002800F0FA
:105A4000CC85831B0893A04623EAE373099704934C
:105A5000CDF838809DF84F70A6E555480C92B8F106
:105A6000000F40F0848147464FF00008CDF82080B9
:105A700028AE06E70C93002A40F02D860C9A002AE7
:105A80003FF48FAC002301211F4604918DF878204C
:105A90008DF84F3098460E9308911EAE88E5B8F108
:105AA000000F00F08B85002700240025ACE440485F
:105AB0000C929B4654EA050309974FF000077FF4C8
:105AC00016AF0024002512E71D9BBBE50C9A652A42
:105AD00040F3A180B5EE408BF1EE10FA40F0498121
:105AE0001C9A3449C9F80010013201330121072AF8
:105AF0001D931C92C9F8041000F3928309F1080960
:105B0000159A0D998A4203DB1BF0010F3FF40BAE8F
:105B10001C9A0F981099C9F8001001320344072A03
:105B20001D93C9F804001C9200F3D68309F10809FB
:105B30000D9A541E002C7FF7F6AD102C1C9A1E4FA8
:105B400040F3DC811025059EDDF80C8005E009F1AD
:105B50000809103C102C40F3D18101321033072A80
:105B60001D931C92C9F80070C9F80450EFDD1BAA00
:105B70004146304604F01AFA00287FF419AC1D9B08
:105B80001C9A0DF1A009E4E7079A0499541A002C15
:105B90007FF77CAD102C1C9A074F2EDD494610254F
:105BA000C1461846B046059E0DE000BF20130020F8
:105BB0002C4E00203C130020EC4E0020103C102CFA
:105BC00001F1080115DD01321030072A1D901C92E9
:105BD0000F604D60F2DD1BAA0399304604F0E6F930
:105BE00000287FF4E5AB103C102C1D981C9A28A9C6
:105BF000E9DC46460346C846894601322344072A63
:105C00001D931C92C9F80070C9F8044000F3468245
:105C100009F108093AE50D9AC9F80060012A1C9AB1
:105C200003F1010302F101024FF001011D931C92E7
:105C3000C9F8041040F31082072A00F3158209F115
:105C400008090F981099C9F8001001320344072A77
:105C50001D931C92C9F8040000F3138209F108098E
:105C6000B5EE408BF1EE10FA0D9900F0F580013998
:105C7000013201360B44072AC9F800601C921D93BB
:105C8000C9F8041000F31D8109F108091198C9F839
:105C900004000132034417A9072A1D931C92C9F876
:105CA00000107FF73EAD1BAA0399059804F07EF91A
:105CB00000287FF47DAB1D9B0DF1A00933E51BAAE5
:105CC0000399059804F072F900283FF479ADFFF7C5
:105CD0006FBB0999B8F1000F0C688DF84F3001F1D6
:105CE00004074FF00005C0F2718354EA05020997DA
:105CF0002BF0800B1F467FF40AACB8F1000F3FF485
:105D0000B3AE0024B6E51BAA0399059804F04EF93A
:105D100000287FF44DAB1D9B0DF1A009F0E41BAAF8
:105D20000399059804F042F900287FF441AB1D9BCC
:105D30000DF1A00996E41BAA0399059804F036F921
:105D400000287FF435AB1D9B0DF1A0099AE4B8F152
:105D5000000F8DF84F70C0F26F8254EA05032BF0EC
:105D6000800B7FF4C4ADB8F1000F3FF47CAE002788
:105D7000A7E6159C002C40F361820E9A0D998A4289
:105D8000A8BF0A46002A14460DDD1C9AC9F8006017
:105D900001322344072A1D93C9F804401C9200F3E2
:105DA000728309F108090E9A002CA8BF121B002A61
:105DB000144640F3F180102C1C9AC14F40F3198215
:105DC00049461025B146DDF81480039E04E00831F1
:105DD000103C102C40F30B8201321033072A1D9324
:105DE0001C920F604D60F2DD1BAA3146404604F064
:105DF000DDF800287FF4DCAA1D9B1C9A28A9E7E7A0
:105E00001BAA0399059804F0D1F800287FF4D0AAC2
:105E10009DF84F701D9B0DF1A00913E41BF01002BB
:105E20007FF457AF1BF040033FF453AF09998DF84F
:105E30004F200B46B8F1000F03F104030C884FF01C
:105E40000005C0F2948254EA05012BF0800B0993FF
:105E500017467FF45CAB50E74C1E002C7FF716AF63
:105E6000102C974F22DD1025059EDDF80C8004E0F4
:105E7000103C102C09F1080918DD01321033072AF3
:105E80001D931C92C9F80070C9F80450F0DD1BAADC
:105E90004146304604F08AF800287FF489AA103C75
:105EA000102C1D9B1C9A0DF1A009E6DC0132234445
:105EB000072A1D931C92C9F80070C9F804407FF7A7
:105EC000E3AE1BAA0399059804F070F800287FF44C
:105ED0006FAA1D9B1C9A0DF1A009D7E61BF0100FAD
:105EE00033D11BF0400F30D00999B1F90040043193
:105EF000E51722462B460991FFF7F8BA01322344F1
:105F0000072A1D931C92C9F80070C9F804407FF756
:105F100008ACC8E60999B8F1000F0C688DF84F304D
:105F200001F104074FF00005C0F2C58054EA0502F4
:105F30002BF0800B09973FF4B2AD1F46FFF764BA10
:105F40001C68043309930025B6E4099A14681346C3
:105F50000433E51722460993002A2B4673F1000308
:105F6000BFF6C9AA64424FF02D0765EB4505B8F1AD
:105F7000000F8DF84F70FFF6CAAA2BF0800BFFF7C9
:105F8000C6BA1BAA0399059804F010F800287FF4FC
:105F90000FAA1D9B0DF1A0090E99159A31440D46CB
:105FA0000D998A4247DB1BF0010F44D10D9806443E
:105FB000741B821A9442A8BF1446002C26460DDD9D
:105FC0001C99C9F800500131234407291D93C9F8D1
:105FD00004401C9100F3808209F10809002EACBF37
:105FE000941B1446002C7FF79EAB102C1C9A344F48
:105FF00084DD1025059EDDF80C8005E009F1080917
:10600000103C102C7FF77AAF01321033072A1D9312
:106010001C92C9F80070C9F80450EFDD1BAA414674
:10602000304603F0C3FF00287FF4C2A91D9B1C9AD1
:106030000DF1A009E4E71C990F9C1098C9F8000025
:106040000131234407291D93C9F804401C9100F332
:10605000268209F10809A9E71BF0010F7FF4ECADD6
:10606000072A7FF711AE2CE71BAA0399059803F0C6
:106070009DFF00287FF49CA91D9B1C9A0DF1A0098F
:10608000DFE51BAA0399059803F090FF00287FF431
:106090008FA91D9B1C9A0DF1A009E1E51BAA03998C
:1060A000059803F083FF00287FF482A91D9B0DF162
:1060B000A009FFF7EBBA09970027FFF7A5B900BFC2
:1060C000EC4E00201BF0100F0BD11BF0400F08D03E
:1060D000099A136804320992BDF818201A80FFF754
:1060E00097B8099A136804320992069A1A60FFF762
:1060F0008FB8B4EE488BF1EE10FA80F19E820C9BC3
:10610000B8F1FF3F23F0200500F02582472D00F075
:1061100026814BF480730A9318EE903A002BC0F25C
:106120001D82B0EE48AB00270C9B662B00F002826C
:10613000462B00F0EC80B0EE4A0B452D0CBF08F169
:106140000104444619AA16AB01920093224615ABEE
:106150000221059802F00EF80C9B672B064640F0D2
:106160000E821BF0010F00F066823119B5EE40ABD4
:10617000F1EE10FA00F08581199B994206D9302082
:106180005A1C19921870199B9942F9D89B1B472DDC
:106190000D9300F01F810C9B652B40F3FF810C9B3E
:1061A000662B159B00F0FC810E930E9A0D998A4286
:1061B000C0F2D8811BF0010F40F0348222EAE27372
:1061C000089267220C92002F40F0F680B8460493A4
:1061D000DDF828B09DF84F70FFF7E6B927F0070704
:1061E00007F1080397ED008B0993FFF7BEB94E4600
:1061F000894601322344072A1D931C92C9F8007076
:10620000C9F804403FF7BDAE09F10809C4E600270C
:10621000B8458DF84F70FFF654AC2BF0800B1EE4A0
:106220001BAA0399059803F0C1FE00287FF4C0A8BB
:106230001D9B0DF1A00963E4099F3BE41C9AB94939
:10624000C9F80010013201330121072A1D931C9265
:10625000C9F8041076DC09F108092CB90D9A1AB9AD
:106260001BF0010F3FF45FAA1C9A0F981099C9F810
:10627000001001320344072A1D93C9F804001C9240
:1062800000F3B68109F108096442002C40F38780CD
:10629000102CA54F40F3128149461025B146DDF878
:1062A0001480039E04E00831103C102C40F304815C
:1062B00001321033072A1D931C920F604D60F2DDEE
:1062C0001BAA3146404603F071FE00287FF470A8F7
:1062D0001D9B1C9A28A9E7E71BAA0399059803F0C0
:1062E00065FE00287FF464A81D9B0DF1A0091FE442
:1062F00040210598FDF78EFB039A1060106100287D
:1063000000F0ED81039A40235361FEF774BF19AA90
:1063100016AB01920093424615AB0321B0EE4A0B37
:10632000059801F027FF444606460C9B462B06EBDA
:1063300004017FF41BAF3378302B00F08D81159C66
:10634000214413E71BAA0399059803F02FFE0028A8
:106350007FF42EA8159C1D9B0DF1A0097DE7B8F1D7
:10636000000F08BF4FF00108D3E60993A4E6099394
:106370001746FFF77BBA3046FEF748FCA0460346B7
:106380000890FFF761BB1BAA0399059803F00EFE66
:1063900000287FF40DA81D9B1C9A0DF1A0090D98F3
:1063A000C9F8006001320344072A1D931C92C9F802
:1063B00004007FF7B6A976E42D270493DDF828B012
:1063C0008DF84F704FF00008FFF7EFB809971F46A0
:1063D000FFF74CBA159BDA1C02DB9845BFF6E4AE1A
:1063E0000C9A023A0C92013B002B9DF83020159339
:1063F000B8BF5B428DF85C20B4BF2D222B22092B45
:106400008DF85D2040F306810DF16B000446474A8C
:1064100082FB0321DA17C2EBA10202EB8201A3EB9C
:10642000410303F13001092A134604F8011DEEDC93
:1064300021463033DAB201F8012D884240F2628100
:106440000DF15E01234601E013F8012B01F8012B49
:106450009842F9D1431C1B1B0DF15E02134417AA8D
:106460009B1A0D9A1193012A1344089340F3FF805D
:10647000089B0F9A1344002208930E9223EAE373B9
:10648000A1E60B4682E61BAA0399059803F08EFD50
:1064900000287EF48DAF1D9B0DF1A00983E41BAA9B
:1064A0000399059803F082FD00287EF481AF159AC8
:1064B0001D9B0DF1A00979E54E4689460132234422
:1064C000072A1D931C92C9F80070C9F804403FF7D1
:1064D0005AAF09F1080962E71BAA0399059803F06E
:1064E00065FD00287EF464AF159A0D991D9B8A1AEC
:1064F0000DF1A00972E5062D2B4628BF062308934F
:1065000023EAE373B04609970E9637460493084E84
:10651000FFF74AB89B46FFF7EAB92D278DF84F7071
:10652000FFF733B83C130020EC4E00206766666628
:10653000404E002019AA16AB01920093032115AB1F
:106540004246B0EE4A0B059801F014FE444606465A
:1065500000EB0801EFE64FF00608DAE5B1EE48ABD4
:106560002D27E1E50F9A0D9B13440E9A0893002AFC
:1065700040F38680672223EAE3730C9223E60C9BA8
:10658000472B7FF4F2AD1BF0010F7FF4CEAE199BC9
:10659000472DA3EB06030D933FF41CAF159B22E799
:1065A000002B1A460E9373DDB8F1000F4BD11BF090
:1065B000010F48D123EAE373089204E61BF0010FB0
:1065C000474605D038AE302306F8413DFFF756B9AF
:1065D000CDF8208028AEFFF754B925EAE573099776
:1065E0000493089580460E909DF84F70FEF7DCBF2F
:1065F0001BAA0399059803F0D9FC00287EF4D8AEB5
:10660000159C1D9B1C9A0DF1A0093DE6A246002594
:10661000FEF733BE303330228DF85F308DF85E20C8
:1066200018AB1CE70F9A0E9B1344672208930C9239
:1066300023EAE373C7E5199BA8E53C4E3C4B9DF864
:106640004F70FEF7A4BF0E9B0F9A9D1805EB080331
:10665000089323EAE373B6E5B5EE40ABF1EE10FA2A
:106660003FF46DAEC4F10104159421447EE51BF0A6
:1066700001037FF4FDAE0E93089B23EAE373A2E5CA
:106680000E9B089AC3F101031A441346089271E75E
:10669000B8F1000F02D11BF0010F07D00F9B5D1C5A
:1066A00005EB0803089323EAE3738CE501230893C1
:1066B00089E509989AF8013005680430002D0990A1
:1066C000A246BEF6D8AD4FF0FF35FEF7D4BD8DF82B
:1066D0004F10FFF78DB98DF84F10FFF7CFB9059A1E
:1066E0000C2313604FF0FF30FEF76BBE8DF84F1098
:1066F000FFF7D4B88DF84F10FFF7A3B88DF84F10FF
:10670000FFF752B90DF15E03A9E68DF84F10FEF7C1
:1067100062BE8DF84F10FFF762B88DF84F10FEF78C
:1067200016BF8DF84F10FEF7D0BE00BF284E0020D8
:10673000244E0020F0B5DFF878E0164604460F46F8
:10674000BEE80F008BB06D460FC5BEE80F000FC549
:106750009EE80300B31E45F8040B222B297022D8B3
:106760007D1E2846002200E01A46B4FBF6F10AAB73
:1067700006FB114423440C4613F8283C00F8013F63
:10678000531C0029F0D1F954BB184AB1197815F8F7
:10679000010F29700134111B8C4203F80109F5DB4C
:1067A00038460BB0F0BD002038700BB0F0BD00BF14
:1067B000484E00202DE9F04F2DED068BB9B01C4658
:1067C0008A4616460546059002F0A2FF036810931C
:1067D0001846FEF71BFA09940F901DB1AB6B002B06
:1067E00000F02781BAF90C2093B29F040AD4DAF89A
:1067F000641042F4005321F40051AAF80C30CAF896
:1068000064109BB21D0740F1DB80DAF81020002AEB
:1068100000F0D68003F01A030A2B00F0DF8000237B
:106820009FEDA68B9FEDA79B0D931D931C9311933A
:10683000069328AB1B939946B3469BF800305C4601
:10684000EBB1252B02D11AE0252B03D014F8013F20
:10685000002BF9D1CBEB04058DB11C9B1D9AC9F817
:1068600000B001332A44072BC9F804501D921C9331
:1068700000F3C48009F10809069B2B440693237892
:10688000002B00F0C48000231A468DF84F301946C3
:10689000079303934FF0FF38637804F1010B4546EB
:1068A0000BF1010BA3F12000582800F23A84DFE835
:1068B00010F0F00338043804F903380438043804BD
:1068C0003804380438045C032A0438045D000F01DE
:1068D00038042B016A036A036A036A036A036A03C2
:1068E0006A036A036A033804380438043804380435
:1068F000380438043804380438047A039703380419
:1069000097033804380438043804CC0338043804B6
:106910003201380438043804380438045B01380480
:106920003804AE0238043804380438043804380413
:106930003804380438043804EF020203970397033D
:1069400097033903020338043804400338044A0328
:10695000C40064000104380409043804D303380473
:106960003804DB030798099340420790039B43F0E8
:10697000040303939BF8003092E70998A84600218E
:1069800004688DF84F10071D03983023782288453E
:106990008DF850304FF000058DF8512040F0020383
:1069A000C0F2DC8320F0800343F00203039354EA37
:1069B0000503099700F0AD830F460C92434857E258
:1069C0005146059801F08CFA002840F0EB87BAF8A0
:1069D0000C3003F01A030A2B7FF421AFBAF90E3002
:1069E000002BFFF61CAF234632465146059801F0B6
:1069F0001DFA39B0BDEC068BBDE8F08F1BAA5146DD
:106A0000059803F08FFB48B90DF1A00934E71D9BF1
:106A100023B105981BAA514603F084FBBAF80C3049
:106A2000590600F1BF87069839B0BDEC068BBDE86A
:106A3000F08F059802F080FBD4E60C93A846002A5C
:106A400041F0CC81039A12F0200371D0099F0737DF
:106A500027F00703002703F10801B8450991D3E99E
:106A600000458DF84F70C0F2168722F08003039323
:106A700054EA050300F06A8328AEE20842EA457250
:106A8000E90804F007030D461446303354EA0502C2
:106A900006F8013DF1D1039AD40740F1A380302BD1
:106AA00000F0A0803022731E06F8012C28AAD21A0A
:106AB00008921E4699E000BFAFF30080000000007E
:106AC00000000000FFFFFFFFFFFFEF7F2C4E0020C4
:106AD0009BF800302A2B0BF1010401F05881A3F13F
:106AE0003000092898BF002501F2FB8014F8013B13
:106AF00005EB850500EB4505A3F130000928F5D924
:106B000045EAE575A346CDE6039B43F08003039376
:106B10009BF80030C4E60C93A846002A41F075812A
:106B2000039B43F010030393039A12F020038DD1CB
:106B3000039911F0100200F0838609988DF84F3008
:106B4000B8F1000F046800F104074FF00005C0F22F
:106B5000A1860A4622F08002039254EA05020997B0
:106B600000F0F4821F4687E70C93A846002A41F004
:106B70004481039B43F010030393039A12F0200314
:106B800000F0B584099F073727F00703002703F1BA
:106B90000801B8450991D3E900458DF84F70C0F25E
:106BA000DF8422F08003039354EA050300F0A981F7
:106BB000002D08BF0A2CC0F0D78428AE20462946F5
:106BC0000A220023FCF7B4FC303206F8012D2046DF
:106BD000294600230A22FCF7ABFC04460D4654EA82
:106BE0000503EBD128AB9B1B0893089B4345B8BF1B
:106BF0004346049300230E9317B1049B013304937F
:106C0000039B13F002030A9302D0049B0233049304
:106C1000039B13F084030B9340F0AD82079B049A0F
:106C20009C1A002C40F3A782102C1D991C9ABA4F75
:106C300021DD4B461025B146059E04E0103C102C8A
:106C400003F1080315DD01321031072A1D911C9252
:106C50001F605D60F2DD1BAA5146304603F062FA08
:106C600000287FF4DBAE103C102C1D991C9A28AB39
:106C7000E9DC4E46994601326318072A1D931C929F
:106C8000C9F80070C9F8044000F3F2839DF84F7012
:106C900009F1080977B11C9A013201330DF14F0057
:106CA0000121072A1D931C9289E8030000F36D83DC
:106CB00009F108090A9A6AB11C9A0132023314A830
:106CC0000221072A1D931C9289E8030000F36983BF
:106CD00009F108090B9A802A00F0AB82089AC2EBEE
:106CE0000804002C30DD102C1C9A8C4F1FDD4FF057
:106CF0001008059D04E0103C102C09F1080916DD70
:106D000001321033072A1D931C9289E88001F2DDBD
:106D10001BAA5146284603F005FA00287FF47EAEF0
:106D2000103C102C1D9B1C9A0DF1A009E8DC0132CF
:106D30002344072A1D931C92C9F80070C9F8044027
:106D400000F3178309F10809039AD00500F11582B1
:106D50001C9A0898C9F8006001320344072A1D9361
:106D6000C9F804001C9200F3EE8209F10809039AA5
:106D700050073CD5079A0499541A002C37DD102C83
:106D80001C9A654F20DD1025059E04E0103C102C58
:106D900009F1080918DD01321033072A1D931C92EE
:106DA000C9F80070C9F80450F0DD1BAA51463046FE
:106DB00003F0B8F900287FF431AE103C102C1D9B75
:106DC0001C9A0DF1A009E6DC01322344072A1D9329
:106DD0001C92C9F80070C9F8044008DD1BAA51468E
:106DE000059803F09FF900287FF418AE1D9B069AC2
:106DF000079904988142ACBF521812180692002BD2
:106E000040F0AD8200231C930DF1A00915E50C9311
:106E1000A846002A40F0ED87039B41489E0640F1BA
:106E20002D81099F073727F00703D3E9004503F1B8
:106E300008020992039A12F0010700F0BE8254EA98
:106E4000050300F046859DF830208DF8512000277D
:106E5000039A8DF84F703023B8458DF8503042F0CA
:106E60000203C0F2EC8622F0800343F00203039396
:106E700028AE230904F00F0143EA05732A091C46D2
:106E80001546435C06F8013D54EA0503F1D1A9E635
:106E900009990C930A688DF8782000230A461F464A
:106EA0008DF84F30043201230493B8460E970992AF
:106EB00008931EAEA4E60C93A846002A40F0A187D2
:106EC000039B9C067BD5099F073727F00707D7E967
:106ED000002307F10801099114461D46002A73F1A9
:106EE0000003C0F20284B8F1000F9DF84F70C0F2A9
:106EF0003783039B23F08003039354EA05037FF455
:106F000057AEB8F1000F40F0D5834FF00008CDF830
:106F1000208028AE69E600BF60080020FC4E0020FB
:106F200020130020039B43F0400303939BF80030A1
:106F3000B6E49BF800306C2B00F08485039840F099
:106F400010000390ACE4002A40F04087039B9A06AF
:106F500040F15D84099A06991368CD1708460432FA
:106F600029460992C3E9000167E4099C2368079355
:106F700018460028234603F10403FFF6F3AC0993F7
:106F80009BF800308CE4A3F1300000231C461BF872
:106F9000013B04EB840400EB4404A3F13000092816
:106FA000F5D907947EE40C93A846002A40F01D878B
:106FB000039B43F010030393039B9C0683D4039B22
:106FC000D80600F16382039B590640F15F8209995C
:106FD000B1F900400431E51722462B4609917DE7BF
:106FE0000C93A846002A40F01887039B099F1A07B4
:106FF00007F1070740F1028427F0070393ED008BA8
:1070000003F108020992B0EEC87BB4EE497BF1EEC1
:1070100010FA40F37D83B5EEC08BF1EE10FA00F16B
:1070200011869DF84F70A04EA04B039921F080016E
:1070300003910C9903224FF0000804924729D8BF0E
:107040001E460892CDF83880D6E5039B43F008032E
:1070500003939BF8003023E40C93A846002A3FF4E6
:107060008CAD8DF84F1088E50C93A846002A40F0AF
:10707000D086039B8E489E063FF5D3AE039BDD066C
:1070800040F10C84099A13460433146809930025CF
:10709000D0E69BF8003000297FF402AC01222021C9
:1070A000FFF7FEBB039B43F0010303939BF8003003
:1070B000FFF7F6BB039B43F0200303939BF80030DC
:1070C000FFF7EEBB099A0C93166800248DF84F4029
:1070D000171D002E00F07885002DC0F2CA842A46C4
:1070E0002146304602F09AFB002800F0CF85831B32
:1070F0000893A04623EAE37309970493CDF83880F8
:107100009DF84F7078E59BF8003001222B21FFF7A6
:10711000C7BB67480C92B8F1000F40F05F8147464B
:10712000F3E60C93002A40F055860C9A002A3FF4AF
:107130006EAC002301211F4604918DF878208DF854
:107140004F3098460E9308911EAE59E5B8F1000FE6
:1071500000F0A7850027002400258DE45448039300
:107160000C9254EA050309974FF000077FF480AEB4
:10717000002400257CE61D9B8CE50C9A652A40F3D3
:107180009D80B5EE408BF1EE10FA40F029811C9AFB
:107190004849C9F80010013201330121072A1D9323
:1071A0001C92C9F8041000F39F8309F10809159A8D
:1071B0000D998A4203DB039AD1077FF5D8AD1C9A5B
:1071C0000F981099C9F8001001320344072A1D9343
:1071D000C9F804001C9200F33F8409F108090D9AD4
:1071E000541E002C7FF7C3AD102C1C9A324F40F375
:1071F00098811025059E05E009F10809103C102C26
:1072000040F38F8101321033072A1D931C92C9F875
:107210000070C9F80450EFDD1BAA5146304602F059
:1072200081FF00287FF4FAAB1D9B1C9A0DF1A00989
:10723000E4E7079A0499541A002C7FF74FAD102CFD
:107240001C9A1D4F21DD49461025B146059E04E0DC
:10725000103C102C01F1080115DD01321033072A12
:107260001D931C920F604D60F2DD1BAA5146304603
:1072700002F058FF00287FF4D1AB103C102C1D9B6E
:107280001C9A28A9E9DC4E46894601322344072A84
:107290001D931C92C9F80070C9F8044000F31882CD
:1072A00009F108091AE500BF204E00201C4E0020FD
:1072B0002C4E00203C130020FC4E00200D9A012A89
:1072C00040F3C0811C9AC9F80060013201330121EA
:1072D000072A1D931C92C9F8041000F3D18109F10B
:1072E00008090F981099C9F8001001320344072AC1
:1072F0001D931C92C9F8040000F3CF8109F108091D
:10730000B5EE408BF1EE10FA0D9900F0C88001390E
:10731000013201360B44072A1C921D93C9F8006004
:10732000C9F8041000F39F8109F108091198C9F800
:1073300004000132034417A9072A1D931C92C9F8BF
:1073400000107FF712AD1BAA5146059802F0EAFE25
:1073500000287FF463AB1D9B0DF1A00907E51BAA74
:107360005146059802F0DEFE00283FF44BADFFF7D2
:1073700055BB1BAA5146059802F0D4FE00287FF4A5
:107380004DAB1D9B0DF1A009DEE41BAA51460598EB
:1073900002F0C8FE00287FF441AB1D9B0DF1A0094F
:1073A00088E41BAA5146059802F0BCFE00287FF431
:1073B00035AB1D9B0DF1A0098CE4B8F1000F8DF8E1
:1073C0004F70C0F2EC8222F08003039354EA05036D
:1073D0007FF44EADB8F1000F3FF4A1AE0027C7E631
:1073E000159C002C40F38C820E9A0D998A42A8BFFE
:1073F0000A46002A14460DDD1C9AC9F800600132C5
:107400002344072A1D93C9F804401C9200F36583A6
:1074100009F108090E9A002CA8BF121B002A144675
:1074200040F3B380102C1C9AB84F40F344821025CF
:10743000DDF8148005E009F10809103C102C40F338
:107440003A8201321033072A1D931C92C9F800704A
:10745000C9F80450EFDD1BAA5146404602F062FE17
:1074600000287FF4DBAA1D9B1C9A0DF1A009E4E71C
:107470001BAA5146059802F055FE00287FF4CEAABB
:107480009DF84F701D9B0DF1A00903E4099A146843
:1074900013460433E517099322462B461EE54C1E7E
:1074A000002C7FF743AF102C984F40F30581102537
:1074B000059E05E009F10809103C102C40F3FC8002
:1074C00001321033072A1D931C92C9F80070C9F8C5
:1074D0000450EFDD1BAA5146304602F023FE00287F
:1074E0007FF49CAA1D9B1C9A0DF1A009E4E7039967
:1074F00011F0100221D009988DF84F30B8F1000F2B
:10750000046800F104074FF0000527DB0A4622F06B
:107510008002039254EA050209971F467FF448ABA4
:10752000EFE401322344072A1D931C92C9F800702E
:10753000C9F804407FF719AC05E7039911F040033F
:1075400040F03A8209998DF84F30B8F1000F0C687D
:1075500001F104074FF0000580F2708109971F4682
:1075600054EA05037FF424AB38AE303406F8414DBD
:10757000FFF738BB1BAA5146059802F0D3FD00283F
:107580007FF44CAA1D9B0DF1A0090E99159A314468
:107590000D460D998A4244DB0399CF0741D40D98DB
:1075A0000644741B821A9442A8BF1446002C264637
:1075B0000DDD1C99C9F800500131234407291D93A2
:1075C000C9F804401C9100F3178309F10809002E43
:1075D000ACBF941B1446002C7FF7C9AB102C1C9A2F
:1075E0004A4F9EDD1025059E04E009F10809103C74
:1075F000102C96DD01321033072A1D931C92C9F816
:107600000070C9F80450F0DD1BAA5146304602F064
:1076100089FD00287FF402AA1D9B1C9A0DF1A00988
:10762000E5E71C990F9C1098C9F80000013123442C
:1076300007291D93C9F804401C9100F3678209F1E2
:107640000809ACE7039AD4073FF53CAE1C9AC9F889
:107650000060013201330121072A1D931C92C9F8F1
:1076600004107FF761AE1BAA5146059802F05AFD3F
:1076700000287FF4D3A91D9B1C9A0DF1A00955E6A3
:107680001BAA5146059802F04DFD00287FF4C6A9BB
:107690001D9B1C9A0DF1A00923E61BAA51460598D3
:1076A00002F040FD00287FF4B9A91D9B1C9A0DF142
:1076B000A00925E6002457E701322344072A1D9339
:1076C0001C92C9F80070C9F804407FF72DAECAE7D4
:1076D0001BAA5146059802F025FD00287FF49EA9BB
:1076E0001D9B0DF1A009FFF7F9BA64424FF02D0779
:1076F00065EB4505B8F1000F8DF84F70FFF658AAFD
:10770000039B23F080030393FFF752BAFC4E002043
:10771000B4EE488BF1EE10FA80F116830C9BB8F1B1
:10772000FF3F23F0200500F08782472D00F0848181
:10773000039B43F480730A9318EE903A002BC0F237
:107740008682B0EE48AB00270C9B662B00F063826C
:10775000462B00F05681B0EE4A0B452D0CBF08F1C8
:107760000104444619AA16AB01920093224615ABB8
:107770000221059800F0FEFC0C9B672B064640F0AA
:107780009F82039BDA0740F1D4823119B5EE40ABFA
:10779000F1EE10FA00F09F81199B994206D9302032
:1077A0005A1C19921870199B9942F9D89B1B472DA6
:1077B0000D9300F089810C9B652B40F390820C9B0C
:1077C000662B159B0E9300F053820E9A0D998A42F8
:1077D000C0F24182039BD90700F1978222EAE2734B
:1077E000089267220C92002F40F0648104930A9B58
:1077F0000393B8469DF84F70FFF7FEB927F00707CF
:1078000007F1080397ED008B0993FFF7FCBB039B7F
:10781000DB060BD4039B5F0608D5099A1368043274
:107820000992BDF818201A80FFF707B8099A136863
:1078300004320992069A1A60FEF7FFBF039A66E6C1
:10784000039911F0400317D009988DF84F20034693
:10785000B8F1000F03F1040304884FF00005C0F2F3
:10786000528221F08001039154EA050109933FF40B
:107870006DAC1746FFF700B909998DF84F30B8F194
:10788000000F0C6801F104074FF0000502DB039ABA
:10789000FFF760B909970027FFF7EEB8039B099A35
:1078A00013F0400F134600F08180043314880993CD
:1078B0000025FFF7BFBA01322344072A1D931C920B
:1078C000C9F80070C9F804403FF754AE09F108093F
:1078D0005BE60027B8458DF84F70FFF649AC039B77
:1078E00023F08003039316E41BAA5146059802F087
:1078F00019FC00287FF492A81D9B0DF1A00956E405
:107900001C9AB949C9F80010013201330121072A34
:107910001D931C92C9F8041066DC09F108092CB902
:107920000D9A1AB9039AD2077FF521AA1C9A0F98CB
:107930001099C9F8001001320344072A1D93C9F8B1
:1079400004001C9200F3D18109F108096442002C63
:1079500040F3A380102CA54F40F3CB801025DDF819
:10796000148005E009F10809103C102C40F3C18097
:1079700001321033072A1D931C92C9F80070C9F810
:107980000450EFDD1BAA5146404602F0CBFB002815
:107990007FF444A81D9B1C9A0DF1A009E4E7099F00
:1079A000FFF7DFBB4FF0FF30FFF73EB8043314683A
:1079B00009930025FFF73EBA09988DF84F2003463A
:1079C000B8F1000F03F1040304884FF00005C0F282
:1079D000A58121F08001039154EA0501099317461E
:1079E0007FF4E6A8FFF78DBA1BAA5146059802F06E
:1079F00099FB00287FF412A8159C1D9B0DF1A0098E
:107A00008DE719AA16AB01920093424615AB0321EC
:107A1000B0EE4A0B059800F0ADFB444606460C9BC1
:107A2000462B06EB04017FF4B1AE3378302B00F027
:107A30009181159C2144A9E6B8F1000F08BF4FF0D1
:107A4000010875E6039B43F0200303930BF1010B40
:107A50009BF80030FEF724BF1BAA5146059802F0A0
:107A600061FB00287EF4DAAF1D9B0DF1A009FFF742
:107A7000B6BB3046FDF7CAF8A04603460890FFF7AC
:107A800039BB1BAA5146059802F04CFB00287EF436
:107A9000C5AF1D9B1C9A0DF1A0090D98C9F8006097
:107AA00001320344072A1D931C92C9F804007FF792
:107AB0005CA948E42D2704930A9B03938DF84F702B
:107AC0004FF00008FFF799B8159BDD1C2BDB98459C
:107AD00029DB0E9379E60B4668E61BAA514605980A
:107AE00002F020FB00287EF499AF1D9B0DF1A00948
:107AF00090E401322344072A1D931C92C9F80070B8
:107B0000C9F80440BDDC09F10809C6E71BAA5146C3
:107B1000059802F007FB00287EF480AF159A1D9BA4
:107B20000DF1A0093BE50C9A023A0C92013B002BA7
:107B30009DF830201593B8BF5B428DF85C20B4BF30
:107B40002D222B22092B8DF85D2040F3EA800DF1C8
:107B50006B000446264A82FB0321DA17C2EBA1021E
:107B600002EB8201A3EB410303F13001092A134622
:107B700004F8011DEEDC21463033DAB201F8012DA4
:107B8000884240F22F810DF15E01234601E013F897
:107B9000012B01F8012B9842F9D1431C1B1B0DF15D
:107BA0005E02134417AA9B1A0D9A1193012A1344DB
:107BB000089340F3DA80089B0F9A1344002208933D
:107BC0000E9223EAE3730EE6062D2B4628BF06230A
:107BD000089323EAE373B04609970E963746049359
:107BE000044EFFF709B800BF3C130020FC4E0020F4
:107BF00067666666404E00201BAA5146059802F053
:107C000091FA00287EF40AAF159A0D991D9B8A1AE5
:107C10000DF1A009DBE419AA16AB01920093032130
:107C200015AB4246B0EE4A0B059800F0A3FA444665
:107C3000064600EB0801F8E64FF0060878E50393E6
:107C4000FFF716B92D278DF84F70FFF7ECB9B1EE9D
:107C500048AB2D2778E50F9A0D9B13440E9A089395
:107C6000002A40F38C80672223EAE3730C92BAE582
:107C7000002B40F39A80B8F1000F5CD1039AD4072F
:107C800059D41A46089223EAE373ACE525EAE57372
:107C900009970493089580460E909DF84F70FEF763
:107CA000ABBF039BDB07474605D538AE302306F84C
:107CB000413DFEF797BFCDF8208028AEFEF795BF77
:107CC0000C9B472B7FF461AD039BDB073FF5A7AE11
:107CD000199B472DA3EB06030D933FF4F5AE159BBF
:107CE00024E7A3460025FEF7DDBD1BAA51460598F3
:107CF00002F018FA00287EF491AE159C1D9B1C9A88
:107D00000DF1A00922E60993C5E50F9A0E9B1344D5
:107D1000672208930C9223EAE37364E509931746FC
:107D20001EE4303330228DF85F308DF85E2018ABC2
:107D300038E7199B3AE50E9B0F9A9D1805EB08034F
:107D4000089323EAE3734EE5364E374B9DF84F70A8
:107D5000FFF76BB9B5EE40ABF1EE10FA3FF469AE48
:107D6000C4F101041594214410E5039B13F00103B1
:107D70007FF421AF0E93089B23EAE37333E50E9B58
:107D8000089AC3F101031A44134608926BE7099855
:107D90009BF8013005680430002D0990A346BEF61B
:107DA0007FAD4FF0FF35FEF77BBDB8F1000F02D17C
:107DB000039BD80707D50F9B5D1C05EB08030893B1
:107DC00023EAE3730FE5012308930CE58DF84F10C8
:107DD000FFF7BCB88DF84F10FFF7A7B98DF84F101B
:107DE000FEF730BE0DF15E03DCE68DF84F10FFF7B5
:107DF000DFB88DF84F10FFF70FB88DF84F10FEF772
:107E0000B8BE8DF84F10FFF75BB88DF84F10FEF736
:107E100087BE8DF84F10FFF72CB98DF84F10FFF784
:107E2000E4B800BF284E0020244E0020F0B50C46D8
:107E3000ADF26C4D8989666EE589199621F00201D3
:107E4000666AADF80E500025E769ADF80C1009968A
:107E500006951AAE4FF48065694600960496029521
:107E6000059507970646FEF7A5FC051E07DB30467D
:107E7000694601F0CDF8002818BF4FF0FF35BDF876
:107E80000C305B0603D5A38943F04003A381284649
:107E90000DF26C4DF0BD00BF21B1FF2A04D80A706D
:107EA00001207047084670478A2303604FF0FF3077
:107EB000704700BF70B50D46084C114606461A467D
:107EC000284600232360F7F7EFF9431C00D070BD6C
:107ED0002368002BFBD0336070BD00BFACEE0020E8
:107EE00038B5304B1B6805460C4613B19A6B002A17
:107EF00038D0B4F90C2093B218070CD52069A8B17A
:107F000013F001021ED0636900225B42A361A260EC
:107F1000F0B1002038BDD9063CD5580726D42069D9
:107F200042F00803A3819BB20028E9D103F4207238
:107F3000B2F5007FE4D02846214601F027FCA38952
:107F40002069DDE7990758BF6269A2600028E0D187
:107F5000B4F90C301A06DDD543F04003A3814FF08D
:107F6000FF3038BD184601F0E7F8C2E7216B51B188
:107F700004F14003994204D0284601F035F9B4F9E0
:107F80000C200023236300232069636022F0240275
:107F90002060C5E742F0400209232B604FF0FF301C
:107FA000A28138BD4C5F00202DE9F047254C2568A3
:107FB000D5F848410646884692469946C4B360685B
:107FC0001F2817DC431C76B104EB80050122C5F89D
:107FD00088A0D4F8881182401143022EC4F8881179
:107FE000C5F808911ED00230636044F8208000205C
:107FF000BDE8F087144B03B34FF4C870FBF7FAFCED
:108000000446D0B1D5F84831002780E88800C5F88B
:10801000484138460123C4F88871C4F88C71002E99
:10802000E1D0D1E7D4F88C110A43C4F88C21DAE707
:1080300005F5A674C5F84841C1E74FF0FF30BDE82B
:10804000F08700BF4C080020E941010002690B697C
:10805000934200F38D802DE9F04F03F1FF3801F1D9
:10806000140700F1140B57F828205BF828304FEA6A
:10807000880483B00132B3FBF2F90BEB04030094E4
:1080800007EB040A0193B9F1000F39D00025BC4673
:10809000DE462B465CF8046BDEF80020B4B209FB28
:1080A0000455360C2C0C09FB0644ADB25B1BA6B282
:1080B00013FA82F3C6EB124606EB23469BB243EA61
:1080C0000643E2454EF8043B4FEA14454FEA264387
:1080D000E0D2009B5BF8033093B9019C231F9B45C2
:1080E0000CD254F8043C4BB9A4F1080302E01A681E
:1080F000043B1AB99B4508F1FF38F8D3C0F810804B
:10810000044601F0E3FD00282EDB09F101095D467C
:10811000002357F8041B28688AB29A1A090C12FA2D
:1081200080F2C1EB104303EB224391B241EA0341D9
:10813000BA4545F8041B4FEA2343EAD25BF82820EE
:108140000BEB880382B91A1F93450BD253F8042C0A
:1081500042B9083B02E01A68043B1AB99B4508F192
:10816000FF38F8D3C4F81080484603B0BDE8F08F5C
:10817000002070472DE9F04F57EC106B93B0056C61
:10818000019104469046049310EE10AABB464DB1EF
:10819000426C6A6001239340AB60294601F0B4FB56
:1081A00000232364BBF1000F5E4634DB1C9A0023DE
:1081B0001360C44B1A463340934215D04BEC17ABB7
:1081C000B5EE407BF1EE10FACDE902AB2AD1049A6C
:1081D000012313601D9B002B00F0B780BA48186084
:1081E000013813B0BDE8F08F049A42F20F731360A8
:1081F000BAF1000F00F09280B4481D9B002BF0D024
:10820000C378002B00F0A38000F108031D9A1360CF
:1082100013B0BDE8F08F1C9A01232BF000461360C9
:10822000B346C6E711A910AA9DED020B204601F046
:10823000F9FD310D07907AD110981199014401F29E
:108240003243202B40F34182C3F1400301F212423A
:108250009E402AFA02F3334307EE903AB8EE677B6A
:10826000012553EC172B0139A3F1F8730A9543EC60
:10827000172BB7EE086B9FED8D4B37EE466B9FEDDE
:108280008D7B9FED8E5BA6EE047B06EE901AB8EE1A
:10829000E66BA6EE057BFDEEC76BB5EEC07BF1EE9F
:1082A00010FACDED026A00F11C81029D162D00F23C
:1082B0001581874B03EBC50393ED007B4BEC16ABAD
:1082C000B4EEC67BF1EE10FA40F306826B1E029309
:1082D00000230C93411AB1F1010900F11781002329
:1082E0000693029B002BC0F2088199440B93002354
:1082F0000593019B092B2CD8052B40F35F85043B8C
:10830000019300230E93019B023B032B00F25F8538
:10831000DFE813F0A902E501B502C8036B4B6D4A13
:10832000C6F31300002814BF1846104665E7DDE9C0
:108330000223C3F3130040F07F530025A1F2FF3165
:1083400043F4401310980A9591E7634849E7C31C2A
:108350005CE70021616420468846019101F0AEFA95
:108360004FF0FF370123089020640D970993119B6C
:10837000002B7ADB029A0E2A77DC554BB8F1000FFE
:1083800003EBC20393ED004BC0F28482B1EE442BA9
:108390004BEC17AB87EE046BBDEEC66B089A16EE7E
:1083A000103A012F03F13003B8EEC65B02F1010B66
:1083B0001370A2EE057B22D0B2EE043B27EE037BC6
:1083C000B5EE407BF1EE10FA3AD0089A06E027EEBF
:1083D000037BB5EE407BF1EE10FA31D087EE046BF3
:1083E000BDEEC66B16EE103A30330BF8013BC2EB14
:1083F0000B03BB42B8EEC65BA2EE057BE7D137EEBE
:10840000077BB4EEC74BF1EE10FA08D4B4EE474B3D
:10841000F1EE10FA14D116EE103ADB0710D51BF866
:10842000010C089A0BF1FF3304E09A4200F0E58357
:1084300013F8010D392803F1010BF6D00130187043
:108440000799204601F060FA0022029B8BF8002079
:10845000049A013313601D9B002B00F0668308987B
:10846000C3F800B013B0BDE8F08F099A002A53D0CA
:10847000019A012A40F32E8205997A1E9142C0F298
:1084800057838B1A0E93002F069BC0F224840A9305
:108490003B46069A01211A4420460692994401F06F
:1084A000CBFA06463DE000BFAFF3008061436F6347
:1084B000A787D23FB3C8608B288AC63FFB799F50FD
:1084C0001344D33F0000F07F3D1300207C4E00207A
:1084D000B8020020704E00203C13002001230C93B2
:1084E000F8E6B8EEE66BB4EE467BF1EE10FA3FF438
:1084F000DCAE029B013B0293D7E6069A029BD21A9E
:108500005B420593002306920B93F2E6C9F1000348
:1085100006934FF00009E4E6059B0E93099E069B27
:108520000A930A990B4661B1B9F1000F09DD49457B
:10853000069AA8BF4B46D21A0692CA1A0A92C3EBF1
:108540000909059B002B40F38082099A002A00F05C
:108550009A810E9A002A00F096813146204601F059
:108560000DFB079A01460646204601F06FFA07996F
:108570000546204601F0C8F9059B0E9A9B1A059303
:1085800040F080810121204601F056FA0B9B0590B6
:10859000002B00F0AC8101461A46204601F0EEFAAD
:1085A000019B0590012B40F3808200230793059ADD
:1085B000136902EB8303186901F0F0F9C0F12000A0
:1085C000484410F01F0000F09081C0F12003042BFC
:1085D00040F3F883C0F11C00069B034406930A9BFA
:1085E00003440A938144069B002B05DD29461A4665
:1085F000204601F013FB0546B9F1000F05DD4A46A0
:108600000599204601F00AFB05900C9B002B40F0D9
:108610000182002F40F32082099B002B40F07B81D8
:10862000DDF820B0DDF814A0D84602E001F076F9BC
:10863000054651462846FFF709FD00F1300908F8C4
:10864000019BCBEB0803BB424FF00A024FF0000343
:1086500029462046EADB089B012FACBFDB1901331A
:108660009B464FF0000A29460122204601F0D6FA27
:108670000599079001F02AFB002840F38C821BF833
:10868000012C08990BF1FF3304E08B4200F00382C8
:1086900013F8012D392A03F1010BF6D001321A70BB
:1086A0000599204601F030F9002E3FF4C9AEBAF129
:1086B000000F05D0B24503D05146204601F024F901
:1086C0003146204601F020F9BAE6C3F120030AFA48
:1086D00003F307EE903AC1E500230C93FAE500237B
:1086E0000993029B43445F1C002F0D9340F32D829E
:1086F0003E463D460021172E61640AD9012204231B
:108700005B0003F11400B042114602F10102F7D9F7
:108710006164204601F0D2F80E2D089020643FF6E7
:1087200026AE0E9B002B3FF422AE02990029CDE924
:108730000EAB40F34182C64B01F00F0203EBC202C5
:108740000B11DE0692ED006B40F1FB81C14A92ED08
:10875000087B4BEC14AB03F00F03032184EE075BA3
:108760005BB1BC4ADD0704D592ED007B013126EEFA
:10877000076B5B1002F10802F4D185EE064B0C9BEF
:108780003BB1B7EE007BB4EEC74BF1EE10FA00F14F
:10879000B78207EE901AB8EEE76BB1EE0C7BA6EE4F
:1087A000047B53EC172BA3F15073002F00F0A6812C
:1087B000029E39460998002800F04D82B6EE003B33
:1087C000A348089D00EBC10010ED026BBDEEC47B19
:1087D00083EE065B17EE100A43EC162B3030C0B266
:1087E00035EE465BB8EEC77B34EE477BB4EEC75B35
:1087F000F1EE10FA287005F1010B32DCB7EE003B08
:1088000033EE476BB4EEC65BF1EE10FA00F3AE82C6
:10881000012940F3CD81B2EE044B089B19440AE0D4
:1088200033EE476BB4EEC56BF1EE10FA00F19E82A9
:108830008B4500F0BD8127EE047B25EE045BBDEE89
:10884000C76B16EE103A03F13000C0B2B8EEC66B3B
:1088500037EE467BB4EEC57BF1EE10FA0BF8010B58
:10886000DED50296ECE500230993B8F1000F40F342
:10887000708146464546CDF8348047463AE70123A5
:108880000993F2E70795059A0799204601F076F9D2
:10889000054677E6002F3FF779AD40F04281B1EE13
:1088A000047B24EE074B4BEC17ABB4EEC74BF1EE59
:1088B00010FA3E460597C0F2E5806FEA0803DDF83E
:1088C00020B002930599204601F01EF8002E3FF4D7
:1088D000B7ADF5E60A9A002A00F00282059A0E92D8
:1088E000069A0A9203F23343D3E51C2074E6019BF7
:1088F000012B40F340820B9B0793012060E6314639
:1089000000230A22204601F009F80D9B002B0646A1
:1089100040F34D821F460A9B002B05DD31461A4667
:10892000204601F07BF90646079B002B40F06E8144
:10893000B046089B013FDA1909920AF001020A9237
:108940001F46DDF814B028465946FFF77FFB314635
:108950008246284601F0BAF94246594681462046E9
:1089600001F0D6F9C36883460AF13002002B49D1E1
:1089700001462846079201F0A9F95946069020467B
:1089800000F0C2FF069B079A2BB9019919B90A9901
:10899000002900F0F581B9F1000FC0F2DF8005D1A8
:1089A000019919B90A99002900F0D880002B00F329
:1089B0004181099B3A7007F101099F42CB4600F0C3
:1089C0004681294600230A22204600F0A7FF46459B
:1089D000054631464FF000034FF00A0220460BD007
:1089E00000F09CFF4146064600230A22204600F084
:1089F00095FF4F468046A4E700F090FF4F4606469D
:108A000080469EE701462046069200F07DFF012346
:108A1000069AC0E70599284601F058F90028BFF6E4
:108A2000F8AD2946029D0023013D0A222046029509
:108A300000F074FF099B0546002B7FF460AF0D9B8F
:108A4000002B40F3AD811F46EAE5079D9AE500BF84
:108A5000B802002090020020019B022B7FF7DCADC2
:108A6000002F40F069813B4605990522204600F021
:108A700055FF01460590284601F028F90028079582
:108A80007FF71BAF029A08993123013202920B70D3
:108A900001F1010B16E7029A01320292089A312382
:108AA0001370FDE5012309931BE6BAF1000F7FF473
:108AB0007CADCBF31303002B40F01B812BF0004364
:108AC0001B0D1B05002B00F05481069B0133069300
:108AD000012309F1010907930B9B0120002B3FF4AF
:108AE0006FAD64E507EE901AB8EEE76BB1EE0C7B64
:108AF000A4EE067B53EC172BA3F1507343EC162B1B
:108B0000B1EE047B34EE477BB4EEC67BF1EE10FA97
:108B100000F3DD80B1EE466BB4EEC67BF1EE10FAE9
:108B200046D5002305931E46C7E60898FFF759BBB4
:108B3000059B0B990592D31A194400230B910E93B0
:108B4000A1E49DED0E5B02210AE63D460021616431
:108B5000DFE501250D952F46A846F7E7002B914646
:108B600011DD29460122204601F058F805990546F5
:108B700001F0ACF8002840F30C81B9F1390F00F096
:108B8000DD800AF13109B24687F8009007F1010B48
:108B90004646079584E504D119F0010F01D06EE532
:108BA00093461BF8013C302B0BF1FF32F8D077E5F0
:108BB000DDE90EABFFF7DBBB029B5B42002B00F055
:108BC0009B808B4A03F00F0102EBC10292ED007B08
:108BD0009DED0E6B1B1126EE074B00F0E680854ADB
:108BE0000221D80704D592ED007B013124EE074B1A
:108BF0005B1002F10802F4D1C1E5089930220A7035
:108C0000029A1BF8010C0132029217E471682046A7
:108C100000F054FE33699A1C8046920006F10C0164
:108C20000C30F7F787F941460122204600F0F6FFA5
:108C300080467EE6392A00F0818002F10109B246C1
:108C400087F8009007F1010B4646079528E5B246E4
:108C50009146464607E56648BDEEC46B4D1E00EBE7
:108C6000C50043EC172B90ED003B16EE103A23EEB7
:108C7000073B089830330129B8EEC66B037000F14A
:108C8000010B34EE467B14D0B2EE045B089B194412
:108C90005B4627EE057BBDEEC76B16EE102A303221
:108CA00003F8012B9942B8EEC66B37EE467BF0D144
:108CB000AB44B6EE006B33EE065BB4EEC75BF1EE91
:108CC00010FA43D502961BF8010CFFF7AABB00234C
:108CD00005931E46D6E6DB1B0A930023FFF7D9BB9C
:108CE000059A109B0E92069A0A92C3F13603FFF77B
:108CF000D0BB00230793EFE69DED0E4B02213EE52E
:108D0000002F3FF4EFAE0D9800287FF751AFB2EE81
:108D1000045BB1EE0C7B013106EE901A24EE054B9C
:108D2000029BB8EEE66B5E1EA4EE067B53EC172B9F
:108D30000146A3F150733DE50795BEE53922B246E1
:108D4000079546463A7007F1010B9AE436EE436BFD
:108D5000B4EEC76BF1EE10FA01DC29E793461BF87D
:108D6000013C302B0BF1FF32F8D07AE50296FFF789
:108D700058BB0793B0E6BAF1000F7FF4BCAD98E69C
:108D8000392ACB469146D9D0BBF1000F3FF7F9AE57
:108D9000F9E67FF4F8AE19F0010F3FF4F4AEECE61B
:108DA000019B022B08DC0D9F3AE40221E7E4019BC2
:108DB000022B01DC0D9FAEE50D9F51E601230E93C2
:108DC000FFF7A1BA3FF40FACC0F13C0004E400256A
:108DD00065642946204600F071FD4FF0FF370123FE
:108DE0000890A84620640D970993FFF7C0BA00BF0A
:108DF000B8020020900200202DE9F043314D87B0E9
:108E00002F6804460E4690461D46002B3BD0B7EE19
:108E1000007BB4EEC70B05ABF1EE10FA0193CDF871
:108E2000008038463346224622D40321FFF7A2F9B8
:108E3000059B31689842C1F100012BD2491B2B469A
:108E400010F8012B03F8012B059A824203EB01066F
:108E5000F6D8B44221DDA21B1A44302103F8011BCD
:108E60009A42FBD100231370284607B0BDE8F08377
:108E7000BFEE007BB4EEC70BF1EE10FAD5DD022198
:108E8000FFF778F9D4E73A6D00F123039A4206DD43
:108E90007D6DBCE70E462B46DBE71A46E2E700F1A4
:108EA00024094A46796D38468DED020BFBF7E2F94D
:108EB00005460028D8D0C7F8509078659DED020B84
:108EC000A5E700BF4C5F0020B1F90C309AB22DE944
:108ED000F0410D46110780463CD46A6843F40063B4
:108EE000002AAB8173DDAC6A002C4BD09BB203F43B
:108EF0008052002192B2D8F80060C8F80010002A11
:108F000069D02A6D5F0705D569682B6B521A0BB1C2
:108F1000EB6BD21A0023E9694046A047441C3CD0C1
:108F2000B5F90C302A692A6023F400630022AB8172
:108F3000DB046A6049D4296BC8F8006011B305F1FD
:108F40004003994202D0404600F04EF900202863C9
:108F5000BDE8F0812E69AEB12C682E6090070CBF81
:108F60006B690023A41BAB600AE0234632466F6A9C
:108F7000E9694046B8470028A4EB0004064404DD34
:108F8000002CF2DC0020BDE8F081AB8943F0400307
:108F9000AB814FF0FF30BDE8F081D8F800201D2AEA
:108FA000F3D81A4BD34003F0010383F00104002BE4
:108FB000EBD0B5F90C302969296023F40063D9049A
:108FC0006C60AB81B7D5002AB5D12865B3E7EA6BF1
:108FD000002A88DCD6E70123E9694046A047431C04
:108FE000024602D0AB89AC6A8CE7D8F80030002B7F
:108FF000F8D01D2B01D0162B02D1C8F80060C1E7B4
:10900000AB8943F04003AB81BDE8F0810100402013
:1090100010B5044682B008B1836B53B1B1F90C00AE
:1090200008B902B010BD204602B0BDE81040FFF7FD
:109030004BBF019100F080F80199EFE7014900F082
:109040003DBB00BFFDA901002DE9F04F354B456840
:10905000C3630024074600F53B7204230321C0F8D4
:10906000E412C0F8E822C0F8E04283B02C606C60E3
:10907000AC606C66EC812C616C61AC61AB812146AB
:1090800005F15C000822FBF729F8BE68DFF898B00C
:10909000DFF898A0DFF89890DFF89880C5F820B046
:1090A00001230922C5F824A0C5F82890C5F82C8012
:1090B000ED612146F381B28106F15C003460746099
:1090C000B460746634617461B46108220193FBF783
:1090D00005F8FD68F66112200222C6F820B0C6F835
:1090E00024A0C6F82890C6F82C802146A881EA81E1
:1090F0002C606C60AC606C662C616C61AC6105F1DD
:109100005C000822FAF7EAFF019BED61C5F820B088
:10911000C5F824A0C5F82890C5F82C80BB6303B01F
:10912000BDE8F08F3198010019A701003DA70100AB
:1091300079A7010099A70100836B03B17047FFF77E
:1091400083BF00BF704700BF704700BFF8B5234F13
:109150000C460646FBF710F8BB685D6825F0030572
:10916000291B01F6EF7121F47F6121F00F01A1F5B8
:109170008054B4F5805F07DB00213046FBF76AFAC4
:10918000BB682B44984204D03046FAF7F7FF002022
:10919000F8BD61423046FBF75DFA01300DD0104B4F
:1091A000BA6819682D1B45F001053046091B55604A
:1091B0001960FAF7E3FF0120F8BD00213046FBF704
:1091C00049FABA68831A0F2BDEDD064C044924687D
:1091D00043F00103001B53600860D5E73C5B0020AF
:1091E000F8DF0020445F0020002945D02DE9F04140
:1091F0000D468046FAF7C0FF55F8047C6A4927F00F
:109200000103A5F10804E2188E685068B24220F00C
:10921000030062D0FE0750600BD455F8087CE41BB5
:1092200001F1080EA56875453B446FD0E768EF6013
:10923000BD6015186D68ED0742D543F0010262600C
:10924000E350B3F5007F18D2DB085A1C4D6851F883
:109250003270A76001209B1000FA03F301EBC200FB
:109260001D430838E0604D6041F83240FC604046E4
:10927000BDE8F041FAF782BF70475A0A042A53D872
:109280009A0902F139077F0002F1380501EB8700E6
:1092900051F827204449083890424DD0516821F0B8
:1092A00003018B4202D292689042F7D1D068E0600D
:1092B000A2608460D4604046BDE8F041FAF75EBF2A
:1092C00095683A4FBD4203443FD0D068E86043F010
:1092D000010285606260E350B3E7FF07034407D4EF
:1092E00055F8082CA41A1344A068E268C260906084
:1092F0002F4A126843F00100934260608C60B6D33D
:109300002C4B40461968FFF721FFB0E71118496858
:10931000C90744D49168D268CA60034443F001008D
:1093200091606060E350A2E7142A17D802F15C074D
:109330007F0002F15B05A9E7AA104B68012505FA39
:1093400002F213434B600246B1E743F001024C6165
:109350000C61E560A5606260E35088E7542A06D896
:109360001A0B02F16F077F0002F16E058EE7B2F56E
:10937000AA7F06D8DA0B02F178077F0002F17705A1
:1093800084E740F25450824206D89A0C02F17D07DD
:109390007F0002F17C0579E7FE277E2576E743F022
:1093A00001026260E35062E73C5B0020445B002006
:1093B000485F002028E000209368002B76D02DE93C
:1093C000F04F8B8985B00C4619070190164629D5B8
:1093D00022693AB303F002081FFA88F035680028C2
:1093E0002FD04FF00009B44FC846B246B8454346A7
:1093F0004A4628BF3B460198B8F1000F50D0E169BA
:10940000666AB047002871DDDAF808301B1A81441B
:10941000C0EB0808CAF80830002BE7D1002005B0DF
:10942000BDE8F08F21460198FEF75AFD002840F074
:109430003A81A389356803F002081FFA88F00028F2
:10944000CFD113F001095BD14F4602961FB39A05A5
:10945000D4F808802CD54745C246C0F0A48013F448
:10946000906F40F0B180206852464946FAF7D2FD2D
:10947000A0682368C8EB00005344A060236038460E
:10948000029A93681B1A81443F1A9360002BC5D03F
:10949000A389002FDBD1D5F800906F680835D5E798
:1094A000D5F80090D5F8048008359FE70020704774
:1094B00020682369984203D861698F4280F0B780A1
:1094C000B84528BFB84642464946FAF7A3FDA36807
:1094D0002268C8EB03034244A3602260002B49D1F9
:1094E00021460198FFF794FD002843D0B4F90C30D1
:1094F00043F040034FF0FF30A38105B0BDE8F08F8B
:109500008046029082468146B9F1000F2AD0029B24
:10951000002B4CD0206823696269C845C34628BF28
:10952000CB4698425F4604D9A36813449B4500F399
:109530009080934520DB1346676AE16901985246A3
:10954000B847071ED2DDB8EB070823D0B368DB1B92
:10955000BA44C7EB0909B360002B3FF45FAFB9F120
:10956000000FD4D10023D5F800A0D5F804900293C1
:109570000835C9E7404683E75A465146FAF74AFD9F
:10958000A2682368CBEB02025B44B8EB0708A26039
:109590002360DBD121460198FFF73AFD0028A5D1D1
:1095A000CDF80880D2E72068B846BA465CE74A465C
:1095B0000A21504600F032F900286FD00130012313
:1095C000CAEB00080293A5E762692068216902EBF3
:1095D0004208C1EB000A08EBD8780AF101004FEA13
:1095E000680838444045424684BF804642465B0591
:1095F00042D511460198FAF70DFA8346002855D056
:1096000052462169F6F796FCA38923F4906343F050
:109610008003A381CAEB08030BEB0A00C4F8148093
:10962000C4F810B02060A360B846BA461CE76FF0DB
:109630000043BB4228BF3B464A4693FBF1F30198E7
:10964000666A01FB03F3E169B04700283FF718AFF2
:109650004CE71A4651460393FAF7DCFC2268039B59
:1096600001981A4422602146FFF7D2FC039B002890
:109670007FF43CAF1F4666E70198FAF7FBFD83468F
:109680000028C7D1019D21692846FFF7ADFDB4F937
:109690000C300C2223F080032A6029E7012309F112
:1096A0000108029336E74FF0FF30B8E6019A0C2329
:1096B0001360B4F90C301BE700FCFF7F2DE9F84381
:1096C00010F538771FD0884606464FF000097D68B0
:1096D000BC68013D11D4A389012B05F1FF3508D9E0
:1096E000B4F90E3001332146304602D0C04749EA72
:1096F00000096B1C04F16804EDD13F68002FE6D12E
:109700004846BDE8F883B9464846BDE8F88300BF3F
:10971000044A054B1268506B002808BF1846F03009
:10972000704700BF4C5F0020D059002070B50D4637
:10973000B1F90E10002990B014461E4614DB01AAA0
:1097400000F004FE00280FDB029A02F47042A2F53A
:109750000052B2FA82F252094FF480634FF4006073
:109760003260236010B070BDA88900F0800082B222
:10977000002030601AB14023236010B070BD4FF458
:1097800080631046236010B070BD00BF8A899207C5
:109790000B4606D501F1430201211A601A61596195
:1097A0007047F0B583B001AB6A460C460546FFF73B
:1097B000BDFF009906462846FAF72CF9B4F90C309B
:1097C000D0B1019A124F0099EF6343F08003A38157
:1097D0002060206161611AB93343A38103B0F0BDF9
:1097E0002846B4F90E1000F0C5FDB4F90C3000287D
:1097F000F2D043F00103EFE79A05EFD404F14302FE
:1098000043F002030121A381226022616161E5E747
:1098100031980100000000000000000001F0FF018D
:10982000102A2BDB10F0070F08D010F8013B013A8B
:109830008B422DD010F0070F42B3F6D1F0B441EABD
:10984000012141EA014122F007047FF000070023D3
:10985000F0E80256083C85EA010586EA010685FA29
:1098600047F5A3FA87F586FA47F6A5FA87F68EB983
:10987000EED1F0BC01F0FF0102F0070232B110F8A6
:10988000013B013A83EA010313B1F8D1002070478C
:1098900001387047002D06BF35460338073815F0EC
:1098A000010F07D1013015F4807F02BF013015F49C
:1098B000C03F0130F0BC0138704700BFC36C70B5C9
:1098C00005460C464BB153F8240080B1026843F8BA
:1098D000242000230361C36070BD21220421F9F715
:1098E000BBFFE86403460028EDD1002070BD0121D4
:1098F00001FA04F6721D28469200F9F7ADFF002820
:10990000F3D044608660E4E731B1C36C4A6853F831
:109910002200086043F82210704700BFF0B50C69C0
:1099200083B00D46064601F1140E0027DEF8000054
:1099300081B202FB01310B0C000C02FB003389B237
:10994000013701EB0341BC424EF8041B4FEA1343BD
:10995000ECDC3BB1AA68944207DA05EB84020134DF
:1099600053612C61284603B0F0BD69680193013151
:109970003046FFF7A3FF2A69023205F10C010746C2
:1099800092000C30F6F7D6FAF26C6968019B52F837
:109990002100286042F821503D46DEE7030C1B04FD
:1099A000B3B90004102310F07F4F04BF0002083346
:1099B00010F0704F04BF0001043310F0404F04BF9B
:1099C00080000233002807DB420003D420207047C8
:1099D0000023E8E7581C704718467047036813F0E7
:1099E000070207D0D90720D49A0720D49B08036028
:1099F0000220704799B209B91B0C102213F0FF0F17
:109A000004BF1B0A0832190704BF1B090432990757
:109A100004BF9B080232D90704D45B0801D120207F
:109A200070470132036010467047002070475B08A2
:109A300003600120704700BF10B50C460121FFF7FD
:109A40003DFF01224461026110BD00BF2DE9F04FCE
:109A50000D691769BD4283B00C46164604DA2A46E2
:109A600034463D460E461746A368616805EB070875
:109A70009845C8BF0131FFF721FF00F1140C0CEB32
:109A80008809CC45009005D26346002143F8041BA9
:109A90009945FBD806F1140202EB870A04F114037E
:109AA000524503EB850E54D2CDF80490994652F8F6
:109AB000043B1FFA83FBBBF1000F20D000204F4670
:109AC0006646054600E01E4657F8044B3068A1B2D2
:109AD00083B20BFB0131240C000C4B190BFB04006F
:109AE00000EB134099B2334641EA0041BE454FEACC
:109AF000104543F8041BE6D8756052F8043C5FEA51
:109B0000134B20D0DCF80030674618464D46002144
:109B100000E037462C88000C0BFB040001449CB28B
:109B20003E4644EA014346F8043B786855F8044B46
:109B300083B2240C0BFB043404EB1143AE454FEA13
:109B40001341E6D87B6092450CF1040CAFD8DDF8E8
:109B50000490B8F1000F0BDD59F8043CA9F1040999
:109B60001BB105E059F8043D13B9B8F10108F9D16A
:109B70000098C0F8108003B0BDE8F08F12F0030326
:109B80002DE9F041144607462ED10E46A4101CD0F4
:109B9000BD6C95B3E3074FF0000806D4641014D0F1
:109BA0002868A8B10546E307F8D52A463146384665
:109BB000FFF74CFFB6B17268FB6C641053F82210CB
:109BC000316043F822600646EAD13046BDE8F081B4
:109BD0002A4629463846FFF739FF2860C0F800803A
:109BE0000546E0E70646D9E75A1E0B4D002355F817
:109BF0002220FFF793FE0646C8E701213846FFF70B
:109C00005DFE40F27121012200234161026105469F
:109C1000B8640360BEE700BFD00C00202DE9F04718
:109C200091460A698B684FEA691404EB020808F14F
:109C300001059D420E468246496804DD5B009D4257
:109C400001F10101FADC5046FFF738FE002C00F16B
:109C5000140238DD02EB8403002142F8041B934216
:109C6000FBD1346906F1140119F01F0901EB840ED0
:109C700021D0C9F1200200240F6807FA09FC4CEA40
:109C800004049C4643F8044B51F8044B8E4524FAD7
:109C900002F4F1D8CCF804400CB108F10205DAF86E
:109CA0004C307268013D53F822100561316043F871
:109CB0002260BDE8F087043B51F8042B43F8042FE1
:109CC0008E45F9D8EBE71346CBE700BF02690B6975
:109CD000D21A13D19B0014301431194410B4034428
:109CE00001E098420CD253F8044D51F8042D9442EF
:109CF000F7D009D301205DF8044B70471046704738
:109D000000205DF8044B70474FF0FF30F3E700BFD1
:109D10002DE9F8430B690F4611695B1A002B904639
:109D200017D1890007F1140208F1140553182944CA
:109D300001E09A425ED253F8046D51F8044DA642F8
:109D4000F7D060D23B46144647464FF0010998468B
:109D500006E05DDB07F1140502F114044FF0000981
:109D60007968FFF7ABFDD8F810303E69C0F80C9069
:109D700004EB830CA64605EB860700F114040023D0
:109D80005EF8041B55F8048B8AB213FA88F3090CA9
:109D90009A1AC1EB184303EB224392B242EA034200
:109DA000F44544F8042B4FEA2343E9D8AF4217D9CE
:109DB000A446294651F804EB13FA8EF2131403EB70
:109DC0001E4392B242EA03428F424CF8042B4FEA00
:109DD0002343EFD8ED433D4425F0030504352C44DF
:109DE000043C22B954F8043D013E002BFAD0066130
:109DF000BDE8F8830021FFF761FD01220023026125
:109E00004361BDE8F8832C464FF000091546A7E7EB
:109E10003B4607F1140408F1140547464FF00109C9
:109E200098469DE72DE9F04357EC106B83B08846C8
:109E300001213C46C7F30A551746FFF73FFDC4F31F
:109E4000130481460DB144F4801401941EB302A89A
:109E500040F8086DFFF7C2FD002834D19DE80C00E2
:109E6000C9F81420002B0CBF01210221C9F81830B9
:109E7000C9F81010DDB909EB8103A0F23240C8F82F
:109E800000001869FFF78AFDC0EB411038604846B2
:109E900003B0BDE8F08301A8FFF7A0FD019BC9F85E
:109EA000143001212030C9F81010002DE3D0A5F2A4
:109EB00033450544C0F13500C8F8005038604846C5
:109EC00003B0BDE8F0839DE80C00C0F1200103FA67
:109ED00001F10A43C3400193C9F81420C2E700BF4F
:109EE00070B50D461446064618B1836B0BB9FFF7E3
:109EF00023F9A368013B002BA36005DBE8B22368CC
:109F00005A1C22601D7070BDA269934202DBE8B248
:109F10000A28F4D1224629463046BDE8704000F0B8
:109F20000BB900BF10B50C46B1F90E1000F04AFA9B
:109F3000002803DB236D0344236510BDA38923F4AC
:109F40008053A38110BD00BF2DE9F0411646B1F941
:109F50000C201F46D3050C46054607D500220223D8
:109F6000B1F90E1000F018FAB4F90C20B4F90E1083
:109F700022F48052A2813B4632462846BDE8F04199
:109F8000FDF798BF10B50C46B1F90E1000F004FAB9
:109F9000A389421C0EBF23F4805343F480532065F1
:109FA000A38110BDB1F90E1000F01CB92DE9F04FDE
:109FB000936883B09046002B72D083464FF000091F
:109FC000166808688B680D464C46002C45D09C42AC
:109FD0001F469A4646D3AB8913F4906F2DD06F6914
:109FE000296907EB4707C1EB000A07EBD777601C2D
:109FF0007F105044B8423A4684BF07463A465B0554
:10A0000033D511465846F9F705FD002837D052469A
:10A0100029690190F5F78EFFAA89019B22F49062CD
:10A0200042F08002AA81CAEB070203EB0A006F61CB
:10A030002B612860AA602746A24652464946F9F796
:10A04000E9FFD8F80820AB682868DB1B5044141BD4
:10A05000AB602860C8F8084014B3D6F80090746864
:10A060000836B2E72746A246E7E75846FAF702F96C
:10A0700003460028D7D129695846FFF7B5F80C23C5
:10A08000CBF80030AB89002243F040034FF0FF30A3
:10A09000AB81C8F80820C8F8042003B0BDE8F08FF1
:10A0A0000020C8F8040003B0BDE8F08F4B6E2DE926
:10A0B000F0479C0492462CD5936812683BB30F4638
:10A0C000804602F1080919E96000B60817D0043D7E
:10A0D000002401E0A64210D03A4655F8041F40463D
:10A0E00000F020F9431C04F10104F3D10023CAF865
:10A0F0000830CAF80430BDE8F087DAF80830A3EB7E
:10A100008603CAF8083009F10809002BDBD10020CA
:10A11000ECE7FFF751F90023CAF80830CAF8043019
:10A12000BDE8F08793680BB1FFF7C0BF10B41846C5
:10A1300053605DF8044B7047F8B50D46144606466B
:10A1400010B1836B002B4AD0B4F90C20A369A36033
:10A1500091B2080738D52369002B35D08904EFB2B6
:10A1600015D522686169D31A8B421CDA0133A168C4
:10A17000501C0139A1602060157062699A421AD0A2
:10A18000A389DB0701D50A2F15D03846F8BD616ECB
:10A1900042F4005221F40051A28122686166616993
:10A1A000D31A8B42E2DB21463046FEF731FF40B93D
:10A1B00022680123DBE721463046FEF729FF00280D
:10A1C000E3D04FF0FF37E0E721463046FDF788FE49
:10A1D0000028F6D1B4F90C20236991B2BEE7FEF74E
:10A1E000ABFFB1E738B5074C0023054608462360AE
:10A1F000F6F700FD431C00D038BD2368002BFBD0D0
:10A200002B6038BDACEE002000293DD070B505466E
:10A210000C4608B1836B7BB3B4F90C300BB900204A
:10A2200070BD21462846FEF74FFEE36A064633B16D
:10A23000E169284698470028B8BF4FF0FF36A38948
:10A240001B061CD4216B41B104F14003994202D09A
:10A250002846FEF7C9FF00232363616C21B128461D
:10A26000FEF7C2FF00236364FEF76CFF0023A381A7
:10A27000FEF76AFF304670BDFEF75EFFCCE721694E
:10A280002846FEF7B1FFDDE7002070472DE9F047D3
:10A2900082B0804689461446F9F794FB012833D0F2
:10A2A00004F15C034A4601A9404600F0A1F8B0F170
:10A2B000FF3F824621D088B39DF80460002508E066
:10A2C00023685A1C22601E700135554526D201AB09
:10A2D0005E5DA368013B002BA360F1DAA769BB4276
:10A2E00031462246404601DB0A2EE9D1FFF724FF22
:10A2F000431CE9D102B0BDE8F087A38943F04003D5
:10A30000A38102B0BDE8F08709F1FF33FE2BC7D867
:10A310005FFA89F682468DF80460CFE7484602B0BE
:10A32000BDE8F087B2F90C3013F4005F0BD110B424
:10A33000546E43F4005344F40054546693815DF822
:10A34000044BFFF7A3BFFFF7A1BF00BF38B50B4613
:10A35000074C05461146184600232360F6F74EFCCD
:10A36000431C00D038BD2368002BFBD02B6038BDC8
:10A37000ACEE002038B5074C0023054608462360A4
:10A38000F6F742FC431C00D038BD2368002BFBD0FD
:10A390002B6038BDACEE002070B50D46084C114660
:10A3A00006461A46284600232360F6F72FFC431C76
:10A3B00000D070BD2368002BFBD0336070BD00BFA0
:10A3C000ACEE002070B50D46084C114606461A4604
:10A3D000284600232360F6F70BFC431C00D070BD19
:10A3E0002368002BFBD0336070BD00BFACEE0020B3
:10A3F000F0B5064685B01F4689B1104C104D246853
:10A40000646B002C08BF2C46D4F8E040A047431CE6
:10A4100003D100228A233A60336005B0F0BD0C46B8
:10A420000649074A0968496B002908BF11462246B8
:10A43000D1F8E04001A9A047E9E700BF4C5F002048
:10A44000D05900205FF800F0192C02605FF800F08E
:10A4500075DD01605FF800F0212202605FF800F016
:0CA46000A9CE01605FF800F0C52B02607F
:04A46C00F8B500BF80
:08A47000B490FF7F0100000021
:10A4780000000000000000000000000000000000D4
:10A4880000000000000000000000000000000000C4
:10A4980000000000000000000000000000000000B4
:10A4A80000000000000000000000000000000000A4
:10A4B8000000000000000000000000000000000094
:10A4C8000000000000000000000000000000000084
:10A4D8000000000000000000000000000000000074
:10A4E8000000000000000000000000000000000064
:10A4F8000000000000000000000000000000000054
:10A508000000000000000000000000000000000043
:10A518000000000000000000000000000000000033
:10A528000000000000000000000000000000000023
:10A538000000000000000000000000000000000013
:10A548000000000000000000000000000000000003
:10A5580000000000000000000000000000000000F3
:10A5680000000000000000000000000000000000E3
:10A5780000000000000000000000000000000000D3
:10A5880000000000000000000000000000000000C3
:10A5980000000000000000000000000000000000B3
:10A5A80000000000000000000000000000000000A3
:10A5B8000000000000000000000000000000000093
:10A5C8000000000000000000000000000000000083
:10A5D8000000000000000000000000000000000073
:10A5E8000000000000000000000000000000000063
:10A5F8000000000000000000000000000000000053
:10A608000000000000000000000000000000000042
:10A618000000000000000000000000000000000032
:10A628000000000000000000000000000000000022
:10A638000000000000000000000000000000000012
:10A648000000000000000000000000000000000002
:10A6580000000000000000000000000000000000F2
:10A6680000000000000000000000000000000000E2
:10A6780000000000000000000000000000000000D2
:10A6880000000000000000000000000000000000C2
:10A6980000000000000000000000000000000000B2
:10A6A80000000000000000000000000000000000A2
:10A6B8000000000000000000000000000000000092
:10A6C8000000000000000000000000000000000082
:10A6D8000000000000000000000000000000000072
:10A6E8000000000000000000000000000000000062
:10A6F800000000000000304300000000000030C3EC
:10A708000080E03779C34143176E05B5B5B8934665
:10A71800F5F93FE9034F384D321D30F94877825A31
:10A728003CBF737FDD4F1575000000000000F03F4F
:10A738000000000000002440000000000000594014
:10A748000000000000408F40000000000088C34067
:10A7580000000000006AF8400000000080842E41DC
:10A7680000000000D01263410000000084D7974128
:10A778000000000065CDCD41000000205FA002422E
:10A78800000000E876483742000000A2941A6D42A3
:10A79800000040E59C30A2420000901EC4BCD64296
:10A7A80000003426F56B0C430080E03779C3414341
:10A7B80000A0D8855734764300C84E676DC1AB43B7
:10A7C800003D9160E458E143408CB5781DAF1544D5
:10A7D80050EFE2D6E41A4B4492D54D06CFF08044B0
:10A7E800F64AE1C7022DB544B49DD9794378EA44C5
:10A7F8004FBB610567ACDD3F182D4454FB21E93F91
:10A808009BF681D20B73EF3F182D4454FB21F93F7F
:10A81800E2652F227F2B7A3C075C143326A6813C05
:10A82800BDCBF07A8807703C075C143326A6913CB0
:10A838003C18500000000101000101010102010162
:10A8480002020102030102030202040202050202DB
:10A8580005030206030207030207040307040307AC
:10A868000504070504070605070606070606070781
:10A8780007070700230C200100000000230D20011A
:10A88800000000002300200100000000B562000065
:10A898000000000001000400B81E0020301F002046
:10A8A800641F0020981F0020CC1F002000200020DB
:10A8B8002B810400210000002B81040022000000ED
:10A8C800AABBCC03020100FFFFFFFFFF1122330ADE
:10A8D8000B0CCCDDDDDDDDDD00000000020305072B
:10A8E8000B0D1113171D1F25292B2F353B3D4347F2
:10A8F800494F53596165676B6D717F83898B959754
:10A908009DA3A7ADB3B5BFC1C5C7D3DFE3E5E9EFE5
:10A91800F1FB0000FFFFFFFFFFFFFFFFC90FDAA2F7
:10A928002168C234C4C6628B80DC1CD129024E085F
:10A938008A67CC74020BBEA63B139B22514A087946
:10A948008E3404DDEF9519B3CD3A431B302B0A6DD5
:10A95800F25F14374FE1356D6D51C245E485B57628
:10A96800625E7EC6F44C42E9A637ED6B0BFF5CB61F
:10A97800F406B7EDEE386BFB5A899FA5AE9F2411FC
:10A988007C4B1FE649286651ECE45B3DC2007CB86D
:10A99800A163BF0598DA48361C55D39A69163FA8B3
:10A9A800FD24CF5F83655D23DCA3AD961C62F3565F
:10A9B800208552BB9ED529077096966D670C354E3B
:10A9C8004ABC9804F1746C08CA18217C32905E461F
:10A9D8002E36CE3BE39E772C180E86039B2783A248
:10A9E800EC07A28FB5C55DF06F4C52C9DE2BCBF6D4
:10A9F800955817183995497CEA956AE515D22618AD
:10AA080098FA051015728E5A8AACAA68FFFFFFFFE4
:10AA1800FFFFFFFF00000000551D2500000000009B
:10AA28000D0A000000C03D4000003E4000403E408E
:10AA380000C01D4000001E4000401E40FC45002094
:10AA4800044600200C4600201446002048CF02602F
:10AA580018CF0260E8CE0260B8CE026088CE0260ED
:10AA680058CE02600304050607080000010203042B
:10AA780005060000C8D8026098D8026068D802604D
:10AA880038D802600002000000040000000800003E
:10AA9800001000004A4B0000000000000000000009
:10AAA800952F00009D000000B5360000350200001B
:10AAB8007D1E0000390200003D0200000000000079
:10AAC8000000000009620000196300007D0000001A
:10AAD800216200000162000031630000B1630000E0
:10AAE80045620000D563000025620000F1620000A5
:10AAF80091620000016300002564000069630000A2
:10AB0800E1610000E9610000F96100000D630000E7
:10AB1800FD610000000000000000000005F70000D3
:10AB280051FA000065F100003DF2000085F10000D7
:10AB3800ADF1000059F20000000000000000000024
:10AB4800ED1D0100E51D0100E11D0100DD1D0100F5
:10AB5800D91D0100D51D0100D11D0100CD1D010029
:10AB68000000000000000000E9EB000019EC000004
:10AB78007D000000E5EB0000314900003D49000080
:10AB8800CDEB0000000000000000000095F8000078
:10AB9800595E0000ED5E0000E95E00005D5E0000A9
:10ABA800615E000000000000D8399D270054EA2AA1
:10ABB80000A4781F007B9A17002020202020202046
:10ABC8002020282828282820202020202020202055
:10ABD8002020202020202020208810101010101065
:10ABE80010101010101010101004040404040404B1
:10ABF800040404101010101010104141414141414B
:10AC0800010101010101010101010101010101012C
:10AC1800010101011010101010104242424242423C
:10AC280002020202020202020202020202020202FC
:10AC380002020202101010102000000000000000A4
:10AC480000000000000000000000000000000000FC
:10AC580000000000000000000000000000000000EC
:10AC680000000000000000000000000000000000DC
:10AC780000000000000000000000000000000000CC
:10AC880000000000000000000000000000000000BC
:10AC980000000000000000000000000000000000AC
:10ACA800000000000000000000000000000000009C
:10ACB800000000000000000000000000204F0020FD
:10ACC800202020202020202020202020202020207C
:10ACD800202020202020202020202020202020206C
:10ACE80000000042C8801F40B8821F4008000000D2
:10ACF80000000042C4801F40B4821F4004000000CE
:10AD080000C0004224801F4014821F401000000031
:10AD180000C0004228801F4018821F402000000009
:10AD280000C000422C801F401C821F4040000000D1
:10AD380000C0004234801F4024821F4000010000F0
:10AD48000040004264811F4054831F4000040000FB
:10AD58000040004280811F4070831F4000000200B5
:10AD6800004000427C811F406C831F4000000100AE
:10AD78000040004268811F4058831F4000080000BF
:10AD8800004000423C811F402C831F40010000000E
:10AD98000040004244811F4034831F4004000000EB
:10ADA8000040004240811F4030831F4002000000E5
:10ADB8000040004248811F4038831F4008000000BF
:10ADC8000000004204811F40F4821F40000004007C
:10ADD8000000004208811F40F8821F400000080060
:10ADE8000000004218811F4008831F4000008000B7
:10ADF8000000004214811F4004831F4000004000EF
:10AE08000000004200811F40F0821F400000020045
:10AE180000000042FC801F40EC821F40000001003F
:10AE28000000004224811F4014831F4000000004DA
:10AE38000000004228811F4018831F4000000008BE
:10AE4800000000421C811F400C831F4000000001CD
:10AE58000000004220811F4010831F4000000002B4
:10AE680000000042EC801F40DC821F400010000000
:10AE780000000042F0801F40E0821F4000200000D8
:10AE88000000004234811F4024831F40000000401E
:10AE98000000004238811F4028831F4000000080C6
:10AEA8000080004294801F4084821F4000000400FC
:10AEB80000C0004290801F4080821F400000008038
:10AEC80000800042A8801F4098821F400000800038
:10AED80000800042A4801F4094821F400000400070
:10AEE800004000426C811F405C831F40001000003E
:10AEF80000C0004230801F4020821F4080000000B8
:10AF080000400042B0811F40A0831F400000002085
:10AF180000400042AC811F409C831F40000000108D
:10AF28000040004284811F4074831F4000000400D9
:10AF38000040004288811F4078831F4000000800BD
:10AF4800000000422C811F401C831F40000000109D
:10AF58000000004230811F4020831F400000002075
:10AF6800000000420C811F40FC821F4000001000BE
:10AF78000000004210811F4000831F400000200095
:10AF880000800042C8811F40B8831F400080000035
:10AF980000800042C4811F40B4831F40004000006D
:10AFA80000800042C0811F40B0831F400020000085
:10AFB80000800042BC811F40AC831F40001000008D
:10AFC80000800042D0811F40C0831F400000020063
:10AFD80000800042CC811F40BC831F40000001005C
:10AFE80000C0004274801F4064821F4000000001BE
:10AFF80000C0004280801F4070821F40000000088F
:10B0080000C0004284801F4074821F40000000106E
:10B0180000C000426C801F405C821F40000040005E
:10B0280000C000427C801F406C821F40000000046A
:10B0380000C0004278801F4068821F400000000264
:10B0480000C0004288801F4078821F400000002016
:10B0580063825363FFFFFFFFFFFF00000000000053
:10B06800000000000100000006000000116E000052
:10B07800E96D0000D98A0000A58A0000A18A0000B5
:10B08800156C0000696D0000518C0000596C0000BF
:10B09800B58B0000718B00002C0C0020A16C000007
:10B0A800056D00007C600020E06100200462002043
:10B0B800BC61002000000000F5AE0000CDB000002B
:10B0C80099B000000000000035B000003DAF00005E
:10B0D8000DAF0000C59100000592000000000000BF
:10B0E80001000000A1C5000061E1000045D8000092
:10B0F8006DC500005DCF0000E1D600006DD10000F5
:10B1080059C80000EDC40000A5E0000000000000E0
:10B11800A1E600001DE90000F1E8000000000000C1
:10B1280091E80000F9E60000C9E60000C5910000BA
:10B1380005920000000000001B0500001705000034
:10B1480005000000190000007D00000007080C0B36
:10B1580006050F000D0E0102838407080C0B060577
:10B168000F000D0E01028384FFFFFFFFFFFFFFFFAB
:10B17800FFFF8182090A00000101000401000004A8
:10B188000132010101320201011001010111010125
:10B198000112010201030206010301060112020263
:10B1A8000200000102020001020100010210000178
:10B1B800022200010223000100000000000000003C
:10B1C8000221000102200001000000000000000030
:10B1D80001300101013101010102000401030004F1
:10B1E800000000000000000001210201012101010E
:10B1F8000000000000000000000000000110020133
:10B2080000000000000000000113010601130206FF
:10B218000000000000000000000000000000000026
:10B228000101020101010101010002010100010106
:10B2380001020201010201010000000000000000FB
:10B2480000000000012302010000000000000000CF
:10B258000120010141444320436F6E6E65637469A8
:10B268006F6E204F4B00000041444320436F6E6EC9
:10B278006563746F6E204641494C454421000000C7
:10B288004175746F73746565722072756E6E696E40
:10B29800672C2077616974696E6720666F72204138
:10B2A800674F70656E475053000000004175746F1A
:10B2B80073746565722064697361626C65642C20BF
:10B2C800475053206F6E6C79206D6F6465000000E5
:10B2D800496E697469616C697A696E67206574681A
:10B2E80065726E6574207769746820737461746917
:10B2F8006320495020616464726573730000000024
:10B3080045746865726E657420736869656C64203D
:10B31800776173206E6F7420666F756E642E204798
:10B3280050532076696120555342206F6E6C792EF8
:10B338000000000045746865726E65742063616280
:10B348006C65206973206E6F7420636F6E6E656321
:10B35800746564202D2057686F20636172657320BF
:10B3680077652077696C6C207374617274206574DA
:10B378006865726E657420616E797761792E000058
:10B388000D0A45746865726E65742073746174750E
:10B3980073204F4B00000000495020736574204D06
:10B3A800616E75616C6C793A200000000D0A457475
:10B3B8006865726E6574204950206F66206D6F64F1
:10B3C800756C653A2000000045746865726E657496
:10B3D8002073656E64696E6720746F2049503A2047
:10B3E80000000000416C6C20646174612073656E1C
:10B3F80064696E6720746F20706F72743A20000061
:10B4080045746865726E65742047505320554450E2
:10B418002073656E64696E672066726F6D20706F49
:10B4280072743A200000000045746865726E657495
:10B43800204E5452495020554450206C697374650D
:10B448006E696E6720746F20706F72743A20000006
:10B4580045746865726E6574204175746F537465C0
:10B46800657220554450206C697374656E696E6707
:10B4780020746F20262073656E642066726F6D20BD
:10B48800706F72743A2000002450414F47492C00D5
:10B498002450414E44412C002A0000000D0A0000AF
:10B4A800496E204B6579612043414E2D5365747573
:10B4B80070000000496E697469616C697365642085
:10B4C80043414E4255530000472D56544700000053
:10B4D800472D474741000000564D4450565F317C88
:10B4E800315F564D4450560A00000000564D4450F6
:10B4F800525F000053746172742073657475700034
:10B5080053657269616C414F472C205365726961BC
:10B518006C52544B2C2053657269616C4750532010
:10B52800616E642053657269616C475053322069BB
:10B538006E697469616C697A656400000D0A5374F8
:10B54800617274696E67204175746F5374656572B2
:10B558002E2E2E000D0A5374617274696E67204591
:10B56800746865726E65742E2E2E00000D0A537471
:10B57800617274696E6720494D552E2E2E000000A9
:10B58800434D5053313420414444524553733A207B
:10B5980030780000434D50533134204F6B2E00005B
:10B5A800434D5053206E6F7420436F6E6E65637405
:10B5B8006564206F7220466F756E640020424E4F9E
:10B5C800303858204F6B2E00424E4F303830206EA6
:10B5D8006F742064657465637465642061742067A2
:10B5E8006976656E204932432061646472657373BD
:10B5F8002E00000020424E4F303858206E6F7420C5
:10B60800436F6E6E6563746564206F7220466F7554
:10B618006E6400000D0A757365434D5053203D203C
:10B6280000000000757365424E4F303878203D2089
:10B63800000000000D0A456E642073657475702C57
:10B648002077616974696E6720666F72204750536E
:10B658002E2E2E0D0A0000004C6F737420636F6E3F
:10B668006E656374696F6E20746F20414F47202D9B
:10B678002064697361626C696E67204B657961202B
:10B68800636F6D6D616E6473000000004B657961D6
:10B6980020686561727462656174206465746563AD
:10B6A8007465642120456E61626C696E67204B6524
:10B6B80079612063616E6275732026207573696EE7
:10B6C80067207265706F72746564206D6F746F7235
:10B6D8002063757272656E7420666F722064697378
:10B6E800656E6761676500000D0A4D6F746F7220A3
:10B6F80064697361626C656400000000202D20732A
:10B708006574204153206F666600000053776170AE
:10B7180070696E672047505320706F7274732E2EB5
:10B728002E0D0A00436865636B696E672062617558
:10B7380064726174653A2000752D626C6F782047D9
:10B748004E5353206E6F742064657465637465642A
:10B758002E20506C6561736520636865636B207784
:10B768006972696E672E0000466F756E6420726597
:10B7780063696576657220617420626175647261BF
:10B7880074653A200000000021414F474F4B0000EC
:10B7980030313233343536373839414243444546FF
:10B7A800000000004865616465723A0030000000DE
:10B7B80020426F64793A0000205B436F6E74696EB3
:10B7C800756564207061636B65745D20000000001E
:10B7D800204C656E6774683A000000002043686179
:10B7E8006E6E656C3A000000436F6D6D616E6400AB
:10B7F80045786563757461626C650000436F6E74AB
:10B80800726F6C0053656E736F722D7265706F7214
:10B818007400000057616B652D7265706F7274005B
:10B828004779726F2D766563746F72004D452043BA
:10B83800616C207265706F727420666F756E64211A
:10B848000000000067657451756174493A2071758C
:10B8580061743A20000000002072617751756174AC
:10B86800493A200020726F746174696F6E5665637F
:10B87800746F725F51313A2000000000676574519F
:10B888007561744A3A20717561743A2000000000AD
:10B8980020726177517561744A3A20006765745166
:10B8A8007561744B3A20717561743A20000000008C
:10B8B80020726177517561744B3A200049324320F8
:10B8C80074696D656F7574005350492057616974C8
:10B8D8000000000053504920494E542074696D659A
:10B8E8006F75740073656E645061636B6574284985
:10B8F8003243293A20656E645472616E736D6973C0
:10B9080073696F6E2072657475726E65643A200093
:10B9180053572056657273696F6E204D616A6F7256
:10B928003A20307800000000205357205665727383
:10B93800696F6E204D696E6F723A20307800000092
:10B948002053572050617274204E756D6265723AAB
:10B9580020307800205357204275696C64204E755A
:10B968006D6265723A20307800000000205357203D
:10B9780056657273696F6E2050617463683A20303F
:10B98800780000006D6574614461746120617272B1
:10B998006179206F7665722072756E2E20526574FB
:10B9A80075726E696E672E00564D4450455F0000F3
:10B9B8003A323A005F564D4450450000564D4450C7
:10B9C800435F00005F564D44504300004572726F5C
:10B9D800723A20417474656D707420746F207365B9
:10B9E80074206120726561642D6F6E6C79207661B8
:10B9F800726961626C65206F722064617461207481
:10BA0800797065206E6F7420737570706F727465CD
:10BA1800640D0A0053746174654572723A2000001F
:10BA2800436F6E6E656374204572723A20000000A1
:10BA380053656E644572723A200000002563000069
:10BA480064656300656E630020204145532D4543BE
:10BA5800422D25336420282573293A200000000050
:10BA6800736B69707065640070617373656400005E
:10BA780020204145532D4342432D2533642028255A
:10BA880073293A200000000020204145532D4346E9
:10BA9800423132382D25336420282573293A200075
:10BAA80020204145532D4354522D3132382028252A
:10BAB80073293A20000000006661696C6564000023
:10BAC800202042617365363420656E636F64696E49
:10BAD8006720746573743A20000000007061737306
:10BAE80065640A2020426173653634206465636F9B
:10BAF80064696E6720746573743A200070617373AB
:10BB080065640A004546453032314332363435469D
:10BB18004431444335383645363931383441463472
:10BB2800413331454435463533453933423546315D
:10BB38003233464134313638303836374241313184
:10BB48003031333139343446453739353245323579
:10BB58003137333337373830434230444238304551
:10BB680036314141453743384444433643354336FB
:10BB780041414445423334454233384132463430FA
:10BB880044354536000000004232453745464433C7
:10BB980037303735423946303346463938394337F6
:10BBA8004335303531433230333444324133323324
:10BBB800383130323531313237453742463836320E
:10BBC80035413446343941354633453237463444B5
:10BBD800413842443539433437443644414142417F
:10BBE80034433831323742443542354332353736BB
:10BBF800333232324645464343464333384238337C
:10BC0800323336364332394500000000303036369C
:10BC18004131393831383643313843313042324690
:10BC28003545443942353232373532413938333087
:10BC3800423639393136453533354338463034376D
:10BC48003531384138383941343341353934423661
:10BC58004245443237413136384433314434413532
:10BC6800324638383932354141384635000000000F
:10BC7800363032414237454341353937413344360E
:10BC880042353646463938323941354538423835F5
:10BC98003945383537454139354130333531324505
:10BCA80032424145373339313638384432363441F7
:10BCB80041353636334230333431444239434346D2
:10BCC80044324334433546343231464543383134BF
:10BCD80038303031423732453834384133384341CF
:10BCE8004531433635463738453536414244454671
:10BCF80045313244334330333942384130324436A7
:10BD08004245353933463042424244413536463160
:10BD18004543463637373135324546383034333780
:10BD28003043314133303543414633423542463161
:10BD3800333038373942353643363144453538346F
:10BD480041304635334132343437413531450000CE
:10BD580020204D5049207465737420233120286DAC
:10BD6800756C5F6D7069293A2000000032353635F0
:10BD7800363733333630353945353243414532323B
:10BD88003932353437343730354633394139340070
:10BD9800363631334632363136323232334446342F
:10BDA80038384539434434384343313332433741D3
:10BDB8003041433933433730314230303142303902
:10BDC80032453445354239463733424344323742A7
:10BDD80039454535304430363537433737463337BC
:10BDE8003445393033434446413443363432000015
:10BDF80020204D5049207465737420233220286414
:10BE080069765F6D7069293A2000000020204D5046
:10BE180049207465737420233320286578705F6D1A
:10BE28006F64293A2000000020204D504920746595
:10BE380073742023342028696E765F6D6F64293A05
:10BE4800200000006661696C6564206174202564C7
:10BE58000A000000556E6578706563746564206536
:10BE680072726F722C2072657475726E20636F64C3
:10BE780065203D20253038580A000000333645310A
:10BE88003339414541353532313536303944323828
:10BE980031363939384544303230424242443936F5
:10BEA8004333373839304636353137314439343809
:10BEB80045394243374342414134443933323544AA
:10BEC80032344436413343313237313046313041F0
:10BED800303946413038414238370000303033413C
:10BEE8003041414544443745373834464330374478
:10BEF8003846394543364533424644354333444250
:10BF080041373634353633363341313038363936C1
:10BF1800323245414332444438344543433542384C
:10BF28004137344441433444303945303342354550
:10BF38003042453737394632444636310000000032
:10BF480020204D50492074657374202335202873B0
:10BF5800696D706C6520676364293A2000000000F1
:10BF6800202043414D454C4C49412D4543422D2508
:10BF7800336420282573293A2000000020204341FB
:10BF88004D454C4C49412D4342432D2533642028CF
:10BF98002573293A20000000202043414D454C4C90
:10BFA80049412D4354522D31323820282573293ADE
:10BFB80020000000202043434D3A207365747570BB
:10BFC800206661696C656400202043434D2D41451E
:10BFD80053202325753A20004445532D45444533C5
:10BFE8002D434243000000004445532D454445334A
:10BFF8002D454342000000004445532D4544452D3E
:10C00800434243004445532D4544452D4543420092
:10C018004445532D4543420043414D454C4C49410D
:10C028002D3235362D43434D0000000043414D4528
:10C038004C4C49412D3139322D43434D000000000D
:10C0480043414D454C4C49412D3132382D43434DE8
:10C058000000000043414D454C4C49412D323536D6
:10C068002D47434D0000000043414D454C4C49418C
:10C078002D3139322D47434D0000000043414D45D5
:10C088004C4C49412D3132382D47434D00000000BA
:10C0980043414D454C4C49412D3235362D43545280
:10C0A8000000000043414D454C4C49412D31393287
:10C0B8002D4354520000000043414D454C4C49412A
:10C0C8002D3132382D4354520000000043414D4574
:10C0D8004C4C49412D3235362D43464231323800D9
:10C0E80043414D454C4C49412D3139322D4346424F
:10C0F8003132380043414D454C4C49412D3132389D
:10C108002D4346423132380043414D454C4C49415C
:10C118002D3235362D4342430000000043414D4542
:10C128004C4C49412D3139322D4342430000000027
:10C1380043414D454C4C49412D3132382D43424302
:10C148000000000043414D454C4C49412D323536E5
:10C158002D4543420000000043414D454C4C4941A8
:10C168002D3139322D4543420000000043414D45F1
:10C178004C4C49412D3132382D45434200000000D6
:10C188004145532D3235362D43434D004145532DFE
:10C198003139322D43434D004145532D3132382D2D
:10C1A80043434D004145532D3235362D47434D000D
:10C1B8004145532D3139322D47434D004145532DCB
:10C1C8003132382D47434D004145532D3235362DF8
:10C1D800435452004145532D3139322D43545200B6
:10C1E8004145532D3132382D435452004145532D8A
:10C1F8003235362D43464231323800004145532D01
:10C208003139322D43464231323800004145532DF1
:10C218003132382D43464231323800004145532DE2
:10C228003235362D434243004145532D3139322DA5
:10C23800434243004145532D3132382D4342430098
:10C248004145532D3235362D454342004145532D46
:10C258003139322D454342004145532D3132382D75
:10C2680045434200202044455325632D4543422D34
:10C2780025336420282573293A20000020204445CE
:10C288005325632D4342432D2533642028257329E4
:10C298003A2000002D2D2D2D2D454E4420444820B8
:10C2A800504152414D45544552532D2D2D2D2D00B1
:10C2B8002D2D2D2D2D424547494E204448205041D3
:10C2C80052414D45544552532D2D2D2D2D00000022
:10C2D800202044484D20706172616D65746572203C
:10C2E8006C6F61643A200000736563703338347290
:10C2F80031000000202045435020746573742023CA
:10C30800312028636F6E7374616E74206F705F6381
:10C318006F756E742C206261736520706F696E741E
:10C328002047293A2000000030303030303030309B
:10C3380030303030303030303030303030303030F5
:10C3480030303030303030303030303030303030E5
:10C358003030303030303031000000006661696CB8
:10C36800656420282575290A00000000202045431F
:10C378005020746573742023322028636F6E7374A1
:10C38800616E74206F705F636F756E742C206F74AC
:10C3980068657220706F696E74293A200000000089
:10C3A8004646464646464646464646464646464625
:10C3B8004646464646464646393944454638333663
:10C3C80031343642433942314234443232383330E0
:10C3D800000000003545413646333839413338428C
:10C3E80038424338314537363737353342313541AE
:10C3F8004135353639453137383245333041424594
:10C4080037443235000000003430303030303030BE
:10C418003030303030303030303030303030303014
:10C428003030303030303030303030303030303004
:10C43800303030303030303000000000374646466B
:10C448004646464646464646464646464646464684
:10C458004646464646464646464646464646464674
:10C46800464646464646464646464646000000007C
:10C478003535353535353535353535353535353564
:10C488003535353535353535353535353535353554
:10C498003535353535353535353535353535353544
:10C4A8000000000073656370323536723100000099
:10C4B80073656370323234723100000073656370E3
:10C4C800313932723100000020204145532D474355
:10C4D8004D2D2533642023256420282573293A20EF
:10C4E8000000000020204145532D47434D2D2533A2
:10C4F80064202325642073706C69742028257329AF
:10C508003A2000002020484D41435F4452424720D2
:10C51800285052203D205472756529203A20000089
:10C528002020484D41435F44524247202850522022
:10C538003D2046616C736529203A20004D44350042
:10C5480020204D44352074657374202325643A20D7
:10C55800000000002A864886F70D0101040000004B
:10C5680025642E25640000002E256400551D130047
:10C57800550403002A864886F70D010101000000D2
:10C588002A8648CE3D0201002A8648CE3D03010195
:10C59800000000002A864886F70D0205000000000A
:10C5A8002A864886F70D0207000000002B060105C1
:10C5B80005070301000000002B0E03021A0000000B
:10C5C8002B0E0302070000002A864886F70D010C8F
:10C5D8000103000070626557697468534841416EF1
:10C5E80064332D4B6579547269706C654445532DDD
:10C5F80043424300504245207769746820534841BC
:10C608003120616E6420332D4B65792033444553C6
:10C61800000000002A864886F70D010C010400007E
:10C6280070626557697468534841416E64322D4B96
:10C638006579547269706C654445532D43424300D3
:10C648005042452077697468205348413120616E13
:10C658006420322D4B657920334445530000000097
:10C66800686D61635348413100000000484D414303
:10C678002D5348412D3100002A864886F70D0208BF
:10C6880000000000686D6163534841323234000095
:10C69800484D41432D5348412D32323400000000AB
:10C6A8002A864886F70D020900000000686D61635C
:10C6B8005348413235360000484D41432D534841D7
:10C6C8002D323536000000002A864886F70D020A0A
:10C6D80000000000686D616353484133383400003E
:10C6E800484D41432D5348412D3338340000000054
:10C6F8002A864886F70D020B00000000686D61630A
:10C708005348413531320000484D41432D5348418B
:10C718002D3531320000000069642D6D643500004C
:10C7280069642D73686131005348412D3100000060
:10C7380060864801650304020400000069642D73E3
:10C7480068613232340000005348412D32323400DF
:10C7580060864801650304020100000069642D73C6
:10C7680068613235360000005348412D32353600B5
:10C7780060864801650304020200000069642D73A5
:10C7880068613338340000005348412D3338340091
:10C7980060864801650304020300000069642D7384
:10C7A80068613531320000005348412D353132007F
:10C7B80064657343424300002A864886F70D0307E1
:10C7C800000000006465732D656465332D63626342
:10C7D800000000002A8648CE3D0301070000000043
:10C7E800727361456E6372797074696F6E000000D0
:10C7F8005253410069642D65635075626C69634BDF
:10C808006579000047656E65726963204543206B52
:10C81800657900002B8104010C00000069642D6516
:10C82800634448004543206B657920666F72204554
:10C83800434448006D643557697468525341456EE6
:10C848006372797074696F6E000000005253412062
:10C8580077697468204D4435000000002A864886B0
:10C86800F70D0101050000007368612D31576974E7
:10C8780068525341456E6372797074696F6E000037
:10C8880052534120776974682053484131000000B1
:10C898002A864886F70D01010E0000007368613290
:10C8A800323457697468525341456E6372797074B3
:10C8B800696F6E005253412077697468205348416C
:10C8C8002D323234000000002A864886F70D010117
:10C8D8000B0000007368613235365769746852532B
:10C8E80041456E6372797074696F6E0052534120CE
:10C8F80077697468205348412D32353600000000AE
:10C908002A864886F70D01010C0000007368613320
:10C91800383457697468525341456E63727970743C
:10C92800696F6E00525341207769746820534841FB
:10C938002D333834000000002A864886F70D01019F
:10C948000D000000736861353132576974685253BD
:10C9580041456E6372797074696F6E00525341205D
:10C9680077697468205348412D3531320000000042
:10C978002B0E03021D0000002A8648CE3D0401004C
:10C9880065636473612D776974682D53484131007C
:10C998004543445341207769746820534841310026
:10C9A8002A8648CE3D0403010000000065636473D5
:10C9B800612D776974682D53484132323400000084
:10C9C80045434453412077697468205348413232C3
:10C9D800340000002A8648CE3D040302000000000F
:10C9E80065636473612D776974682D5348413235E6
:10C9F800360000004543445341207769746820534A
:10CA080048413235360000002A8648CE3D040303EB
:10CA18000000000065636473612D776974682D53A5
:10CA28004841333834000000454344534120776976
:10CA38007468205348413338340000002A8648CEB1
:10CA48003D0403040000000065636473612D776989
:10CA580074682D5348413531320000004543445332
:10CA6800412077697468205348413531320000000D
:10CA78002A864886F70D01010A00000052534153E7
:10CA880053412D505353000069642D6B702D73650D
:10CA9800727665724175746800000000544C53202A
:10CAA80057656220536572766572204175746865B2
:10CAB8006E7469636174696F6E0000002B0601056E
:10CAC800050703020000000069642D6B702D636C7C
:10CAD80069656E744175746800000000544C5320F9
:10CAE80057656220436C69656E742041757468658A
:10CAF8006E7469636174696F6E0000002B0601052E
:10CB0800050703030000000069642D6B702D636F37
:10CB180064655369676E696E67000000436F6465FA
:10CB2800205369676E696E67000000002B060105D7
:10CB3800050703040000000069642D6B702D656D06
:10CB480061696C50726F74656374696F6E00000080
:10CB5800452D6D61696C2050726F74656374696FDF
:10CB68006E0000002B060105050703080000000001
:10CB780069642D6B702D74696D655374616D70698E
:10CB88006E67000054696D65205374616D70696E3D
:10CB9800670000002B0601050507030900000000D7
:10CBA80069642D6B702D4F4353505369676E696EDE
:10CBB800670000004F435350205369676E696E67E2
:10CBC8000000000069642D63652D62617369634329
:10CBD8006F6E73747261696E747300004261736979
:10CBE8006320436F6E73747261696E747300000022
:10CBF800551D0F0069642D63652D6B65795573614B
:10CC0800676500004B657920557361676500000012
:10CC1800551D250069642D63652D6578744B65790C
:10CC28005573616765000000457874656E646564D6
:10CC3800204B65792055736167650000551D11000B
:10CC480069642D63652D7375626A656374416C74DC
:10CC58004E616D65000000005375626A656374205B
:10CC6800416C74204E616D650000000060864801CB
:10CC780086F842010100000069642D6E65747363D3
:10CC88006170652D636572747479706500000000C9
:10CC98004E65747363617065204365727469666973
:10CCA80063617465205479706500000069642D61C2
:10CCB800742D636F6D6D6F6E4E616D6500000000C1
:10CCC800436F6D6D6F6E204E616D6500434E0000C1
:10CCD8005504060069642D61742D636F756E747256
:10CCE800794E616D65000000436F756E747279004E
:10CCF800430000005504070069642D61742D6C6FB2
:10CD080063616C69747900004C6F63616C69747954
:10CD1800000000004C0000005504080069642D6103
:10CD2800742D737461746500537461746500000038
:10CD38005354000055040A0069642D61742D6F7204
:10CD480067616E697A6174696F6E4E616D65000026
:10CD58004F7267616E697A6174696F6E00000000D6
:10CD68004F00000055040B0069642D61742D6F722B
:10CD780067616E697A6174696F6E616C556E69740A
:10CD88004E616D65000000004F726720556E697432
:10CD9800000000004F5500002A864886F70D01095B
:10CDA80001000000656D61696C41646472657373AC
:10CDB80000000000452D6D61696C20616464726536
:10CDC800737300005504050069642D61742D736543
:10CDD8007269616C4E756D626572000053657269A7
:10CDE800616C206E756D6265720000007365726912
:10CDF800616C4E756D62657200000000550410008C
:10CE080069642D61742D706F7374616C4164647210
:10CE180065737300506F7374616C2061646472652C
:10CE280073730000706F7374616C4164647265732E
:10CE3800730000005504110069642D61742D706F32
:10CE48007374616C436F646500000000506F737405
:10CE5800616C20636F646500706F7374616C436FFD
:10CE6800646500005504040069642D61742D7375B0
:10CE7800724E616D650000005375726E616D6500DC
:10CE8800534E000055042A0069642D61742D6769AA
:10CE980076656E4E616D6500476976656E206E61D8
:10CEA8006D650000474E000055042B0069642D6134
:10CEB800742D696E697469616C730000496E6974D8
:10CEC80069616C7300000000696E697469616C7354
:10CED8000000000055042C0069642D61742D6765FD
:10CEE8006E65726174696F6E5175616C69666965AA
:10CEF8007200000047656E65726174696F6E20711B
:10CF080075616C69666965720000000067656E6529
:10CF1800726174696F6E5175616C696669657200DA
:10CF280055040C0069642D61742D7469746C650076
:10CF38005469746C650000007469746C65000000C5
:10CF480055042E0069642D61742D646E5175616CF1
:10CF5800696669657200000044697374696E677573
:10CF68006973686564204E616D65207175616C69CF
:10CF78006669657200000000646E5175616C6966CF
:10CF8800696572005504410069642D61742D7073E0
:10CF98006575646F6E796D0050736575646F6E7931
:10CFA8006D00000070736575646F6E796D00000028
:10CFB8000992268993F22C640119000069642D6492
:10CFC8006F6D61696E436F6D706F6E656E74000092
:10CFD800446F6D61696E20636F6D706F6E656E74FE
:10CFE800000000004443000055042D0069642D61D1
:10CFF800742D756E697175654964656E74696669C5
:10D0080065720000556E69717565204964656E74B6
:10D018006966696572000000756E697175654964B5
:10D02800656E7469666965720000000050726F630E
:10D038002D547970653A20342C454E43525950543A
:10D048004544000044454B2D496E666F3A204445DF
:10D05800532D454445332D4342432C0044454B2D25
:10D06800496E666F3A204445532D4342432C0000D5
:10D0780044454B2D496E666F3A204145532D0000BB
:10D0880044454B2D496E666F3A204145532D313248
:10D09800382D4342432C000044454B2D496E666FA2
:10D0A8003A204145532D3139322D4342432C00005B
:10D0B80044454B2D496E666F3A204145532D323514
:10D0C800362D4342432C0000696E76616C696420FA
:10D0D800504B00002A864886F70D01050C00000019
:10D0E800202050424B4446322028534841312920C1
:10D0F8002325643A200000002A8648CE3D0101001D
:10D108002A864886F70D010C010100002A86488608
:10D11800F70D01050D0000002D2D2D2D2D454E4438
:10D12800205253412050524956415445204B4559AD
:10D138002D2D2D2D2D0000002D2D2D2D2D42454757
:10D14800494E205253412050524956415445204B94
:10D1580045592D2D2D2D2D002D2D2D2D2D454E4490
:10D168002045432050524956415445204B45592D9E
:10D178002D2D2D2D000000002D2D2D2D2D42454744
:10D18800494E2045432050524956415445204B456D
:10D19800592D2D2D2D2D00002D2D2D2D2D454E4495
:10D1A8002050524956415445204B45592D2D2D2D7F
:10D1B8002D0000002D2D2D2D2D424547494E205084
:10D1C800524956415445204B45592D2D2D2D2D00A2
:10D1D8002D2D2D2D2D454E4420454E43525950544A
:10D1E80045442050524956415445204B45592D2D10
:10D1F8002D2D2D002D2D2D2D2D424547494E2045F5
:10D208004E43525950544544205052495641544572
:10D21800204B45592D2D2D2D2D0000002D2D2D2D68
:10D228002D454E4420525341205055424C494320ED
:10D238004B45592D2D2D2D2D000000002D2D2D2D68
:10D248002D424547494E20525341205055424C49A2
:10D2580043204B45592D2D2D2D2D00002D2D2D2DE5
:10D268002D454E44205055424C4943204B45592D9D
:10D278002D2D2D2D000000002D2D2D2D2D42454743
:10D28800494E205055424C4943204B45592D2D2D90
:10D298002D2D00007273612E4E0000007273612EF6
:10D2A8004500000065636B65792E51005253412D8E
:10D2B800616C7400454344534100000045435F449A
:10D2C80048000000454300003932393237353834D8
:10D2D80035333036334438303344443630334435CC
:10D2E800453737374437383838454431443542466E
:10D2F8003335373836313930464132463233454294
:10D308004330383438414541444441393243413649
:10D318004333443830423332433444313039424560
:10D328003046333644364145373133304239434548
:10D338004437414344463534434643373535354110
:10D348004331344545424142393341383938313324
:10D358004642463343344638303636443244383011
:10D368003046374333384138314145333139343227
:10D37800393137343033464634393436423041381F
:10D3880033443344334530354545353743364635E0
:10D3980046353630364642354434424336434433C4
:10D3A80034454530383031413545393442423737D4
:10D3B80042303735303732333341304243374241D8
:10D3C8004338463930463739000000004333364485
:10D3D8003045423746434432383532323343464289
:10D3E800354141424135424441334438324330317A
:10D3F8004341443139454134383441383745413463
:10D408003337373633374537353530304643423290
:10D41800303035433543374444364543344143304F
:10D42800323343444132383544373936433344394B
:10D43800453735453145464334323438384242342D
:10D448004631443133414333304135370000000021
:10D45800433030304446353141374337374145381A
:10D46800443743373337304331464635354236390A
:10D4780045323131433242394535444231454430F1
:10D4880042463631443044393839393632304634F8
:10D498003931304534313638333837453343333012
:10D4A80041413145303043333339413739353038EC
:10D4B80038343532444439364139413545413544AB
:10D4C80039444341363844413633363033324146A5
:10D4D80000000000323442463631383534363837A9
:10D4E80038364644443330333038334432354536A1
:10D4F8003445464336364341343732424334344464
:10D508003235333130324638423441394433424679
:10D51800413735303931333836433030373739339E
:10D52800374645333346413332353244323838355D
:10D53800353833374145314234383441384139413F
:10D548003435463745453843304336333446393920
:10D5580045384344444637394335434530374545D4
:10D568003732433746313233313432313938313654
:10D5780034323334434142423732344346373842F7
:10D588003831373342394638383046433836333203
:10D5980032343037414631464544464444453242A8
:10D5A80045423637344341313546334538314131C8
:10D5B80035323145303731353133413145383542EF
:10D5C800354446413033314632314543414539319E
:10D5D8004133344400000000313030303100000065
:10D5E8002020525341206B65792076616C69646113
:10D5F80074696F6E3A2000007061737365640A2065
:10D6080020504B43532331206465637279707469E9
:10D618006F6E203A200000007061737365640A2001
:10D6280020504B4353233120656E637279707469BF
:10D638006F6E203A200000002020504B43532331C6
:10D648002064617461207369676E20203A200000AD
:10D658007061737365640A2020504B435323312053
:10D668007369672E207665726966793A2000000032
:10D6780020205348412D312074657374202325647C
:10D688003A20000042756666657220616C6C6F63B3
:10D698006174696F6E206661696C656400000000E2
:10D6A80020205348412D2564207465737420232558
:10D6B800643A2000544C532D45434448452D454376
:10D6C8004453412D574954482D4145532D31323843
:10D6D8002D4342432D53484100000000756E6B6E88
:10D6E8006F776E00544C532D45434448452D4543B0
:10D6F8004453412D574954482D4145532D32353611
:10D708002D4342432D53484100000000544C532DF3
:10D7180045434448452D45434453412D57495448B2
:10D728002D4145532D3132382D4342432D53484125
:10D7380032353600544C532D45434448452D454316
:10D748004453412D574954482D4145532D313238C2
:10D758002D47434D2D53484132353600544C532DF7
:10D7680045434448452D45434453412D5749544862
:10D778002D4145532D3235362D4342432D534841D3
:10D7880033383400544C532D45434448452D4543C4
:10D798004453412D574954482D4145532D32353670
:10D7A8002D47434D2D53484133383400544C532DA5
:10D7B80045434448452D45434453412D5749544812
:10D7C8002D4145532D3235362D43434D0000000081
:10D7D800544C532D45434448452D45434453412D0E
:10D7E800574954482D4145532D3235362D43434D25
:10D7F8002D380000544C532D45434448452D45438E
:10D808004453412D574954482D4145532D31323801
:10D818002D43434D00000000544C532D45434448CC
:10D82800452D45434453412D574954482D414553AF
:10D838002D3132382D43434D2D380000544C532D93
:10D8480045434448452D45434453412D5749544881
:10D858002D43414D454C4C49412D3132382D4342E1
:10D86800432D53484132353600000000544C532DA7
:10D8780045434448452D45434453412D5749544851
:10D888002D43414D454C4C49412D3235362D4342AF
:10D89800432D53484133383400000000544C532D75
:10D8A80045434448452D45434453412D5749544821
:10D8B8002D43414D454C4C49412D3132382D47437C
:10D8C8004D2D53484132353600000000544C532D3D
:10D8D80045434448452D45434453412D57495448F1
:10D8E8002D43414D454C4C49412D3235362D47434A
:10D8F8004D2D53484133383400000000544C532D0B
:10D9080045434448452D45434453412D57495448C0
:10D918002D334445532D4544452D4342432D53480B
:10D9280041000000544C532D45434448452D525363
:10D93800412D574954482D4145532D3132382D43F7
:10D9480042432D5348410000544C532D454344480D
:10D95800452D5253412D574954482D4145532D3299
:10D9680035362D4342432D5348410000544C532D26
:10D9780045434448452D5253412D574954482D415C
:10D9880045532D3132382D4342432D5348413235CA
:10D9980036000000544C532D45434448452D5253FE
:10D9A800412D574954482D4145532D3132382D4783
:10D9B800434D2D534841323536000000544C532D09
:10D9C80045434448452D5253412D574954482D410C
:10D9D80045532D3235362D4342432D534841333874
:10D9E80034000000544C532D45434448452D5253B0
:10D9F800412D574954482D4145532D3235362D4731
:10DA0800434D2D534841333834000000544C532DB6
:10DA180045434448452D5253412D574954482D43B9
:10DA2800414D454C4C49412D3132382D4342432D0F
:10DA38005348413235360000544C532D4543444831
:10DA4800452D5253412D574954482D43414D454C7E
:10DA58004C49412D3235362D4342432D53484133ED
:10DA680038340000544C532D45434448452D5253F7
:10DA7800412D574954482D43414D454C4C49412D62
:10DA88003132382D47434D2D534841323536000049
:10DA9800544C532D45434448452D5253412D574925
:10DAA80054482D43414D454C4C49412D3235362D76
:10DAB80047434D2D5348413338340000544C532DBF
:10DAC80045434448452D5253412D574954482D3319
:10DAD8004445532D4544452D4342432D5348410069
:10DAE800544C532D4448452D5253412D57495448C1
:10DAF8002D4145532D3235362D47434D2D53484141
:10DB080033383400544C532D4448452D5253412D3D
:10DB1800574954482D4145532D3132382D47434DEF
:10DB28002D53484132353600544C532D4448452D29
:10DB38005253412D574954482D4145532D313238C0
:10DB48002D4342432D53484132353600544C532D12
:10DB58004448452D5253412D574954482D4145536A
:10DB68002D3235362D4342432D5348413235360048
:10DB7800544C532D4448452D5253412D5749544830
:10DB88002D4145532D3132382D4342432D534841C1
:10DB980000000000544C532D4448452D5253412D4C
:10DBA800574954482D4145532D3235362D4342436C
:10DBB8002D53484100000000544C532D4448452D36
:10DBC8005253412D574954482D4145532D3235362E
:10DBD8002D43434D00000000544C532D4448452D1F
:10DBE8005253412D574954482D4145532D3235360E
:10DBF8002D43434D2D380000544C532D4448452D9A
:10DC08005253412D574954482D4145532D313238EF
:10DC18002D43434D00000000544C532D4448452DDE
:10DC28005253412D574954482D4145532D313238CF
:10DC38002D43434D2D380000544C532D4448452D59
:10DC48005253412D574954482D43414D454C4C4959
:10DC5800412D3132382D4342432D53484132353618
:10DC680000000000544C532D4448452D5253412D7B
:10DC7800574954482D43414D454C4C49412D323567
:10DC8800362D4342432D53484132353600000000BB
:10DC9800544C532D4448452D5253412D574954480F
:10DCA8002D43414D454C4C49412D3132382D43428D
:10DCB800432D534841000000544C532D4448452DF2
:10DCC8005253412D574954482D43414D454C4C49D9
:10DCD800412D3235362D4342432D53484100000033
:10DCE800544C532D4448452D5253412D57495448BF
:10DCF8002D43414D454C4C49412D3132382D474338
:10DD08004D2D53484132353600000000544C532DF8
:10DD18004448452D5253412D574954482D43414DB0
:10DD2800454C4C49412D3235362D47434D2D5348EE
:10DD38004133383400000000544C532D4448452DDD
:10DD48005253412D574954482D334445532D45448A
:10DD5800452D4342432D534841000000544C532D58
:10DD68005253412D574954482D4145532D3235368C
:10DD78002D47434D2D53484133383400544C532DCF
:10DD88005253412D574954482D4145532D3132386E
:10DD98002D47434D2D53484132353600544C532DB1
:10DDA8005253412D574954482D4145532D3132384E
:10DDB8002D4342432D53484132353600544C532DA0
:10DDC8005253412D574954482D4145532D3235362C
:10DDD8002D4342432D53484132353600544C532D80
:10DDE8005253412D574954482D4145532D3132380E
:10DDF8002D4342432D53484100000000544C532DFD
:10DE08005253412D574954482D4145532D323536EB
:10DE18002D4342432D53484100000000544C532DDC
:10DE28005253412D574954482D4145532D323536CB
:10DE38002D43434D00000000544C532D5253412DA7
:10DE4800574954482D4145532D3235362D43434DBE
:10DE58002D380000544C532D5253412D57495448E6
:10DE68002D4145532D3132382D43434D00000000DC
:10DE7800544C532D5253412D574954482D41455325
:10DE88002D3132382D43434D2D380000544C532D3D
:10DE98005253412D574954482D43414D454C4C4907
:10DEA800412D3132382D4342432D534841323536C6
:10DEB80000000000544C532D5253412D57495448EB
:10DEC8002D43414D454C4C49412D3235362D434269
:10DED800432D53484132353600000000544C532D31
:10DEE8005253412D574954482D43414D454C4C49B7
:10DEF800412D3132382D4342432D53484100000013
:10DF0800544C532D5253412D574954482D43414D9C
:10DF1800454C4C49412D3235362D4342432D53480B
:10DF280041000000544C532D5253412D5749544839
:10DF38002D43414D454C4C49412D3132382D4743F5
:10DF48004D2D53484132353600000000544C532DB6
:10DF58005253412D574954482D43414D454C4C4946
:10DF6800412D3235362D47434D2D534841333834F2
:10DF780000000000544C532D5253412D574954482A
:10DF88002D334445532D4544452D4342432D534895
:10DF980041000000544C532D454344482D525341F1
:10DFA8002D574954482D4145532D3132382D434280
:10DFB800432D534841000000544C532D45434448D9
:10DFC8002D5253412D574954482D4145532D323533
:10DFD800362D4342432D534841000000544C532DE5
:10DFE800454344482D5253412D574954482D4145E6
:10DFF800532D3132382D4342432D53484132353663
:10E0080000000000544C532D454344482D525341C1
:10E018002D574954482D4145532D3132382D47430A
:10E028004D2D53484132353600000000544C532DD5
:10E03800454344482D5253412D574954482D414595
:10E04800532D3235362D4342432D5348413338340E
:10E0580000000000544C532D454344482D52534171
:10E068002D574954482D4145532D3235362D4743B8
:10E078004D2D53484133383400000000544C532D83
:10E08800454344482D5253412D574954482D434147
:10E098004D454C4C49412D3132382D4342432D5387
:10E0A8004841323536000000544C532D454344480E
:10E0B8002D5253412D574954482D43414D454C4C01
:10E0C80049412D3235362D4342432D53484133388B
:10E0D80034000000544C532D454344482D525341BD
:10E0E8002D574954482D43414D454C4C49412D31FC
:10E0F80032382D47434D2D53484132353600000004
:10E10800544C532D454344482D5253412D5749549F
:10E11800482D43414D454C4C49412D3235362D470C
:10E12800434D2D534841333834000000544C532D8F
:10E13800454344482D5253412D574954482D3344A3
:10E1480045532D4544452D4342432D534841000036
:10E15800544C532D454344482D45434453412D5772
:10E168004954482D4145532D3132382D4342432DD2
:10E1780053484100544C532D454344482D4543448E
:10E1880053412D574954482D4145532D3235362D8D
:10E198004342432D53484100544C532D4543444872
:10E1A8002D45434453412D574954482D4145532D3E
:10E1B8003132382D4342432D534841323536000021
:10E1C800544C532D454344482D45434453412D5702
:10E1D8004954482D4145532D3132382D47434D2D53
:10E1E8005348413235360000544C532D454344487A
:10E1F8002D45434453412D574954482D4145532DEE
:10E208003235362D4342432D5348413338340000CC
:10E21800544C532D454344482D45434453412D57B1
:10E228004954482D4145532D3235362D47434D2D00
:10E238005348413338340000544C532D4543444827
:10E248002D45434453412D574954482D43414D458D
:10E258004C4C49412D3132382D4342432D534841CE
:10E2680032353600544C532D454344482D454344DC
:10E2780053412D574954482D43414D454C4C494134
:10E288002D3235362D4342432D534841333834001F
:10E29800544C532D454344482D45434453412D5731
:10E2A8004954482D43414D454C4C49412D31323854
:10E2B8002D47434D2D53484132353600544C532D8C
:10E2C800454344482D45434453412D574954482D0F
:10E2D80043414D454C4C49412D3235362D47434D30
:10E2E8002D53484133383400544C532D454344484A
:10E2F8002D45434453412D574954482D33444553E4
:10E308002D4544452D4342432D534841000000000C
:10E31800544C532D50534B2D574954482D41455378
:10E328002D3132382D47434D2D5348413235360073
:10E33800544C532D50534B2D574954482D41455358
:10E348002D3235362D47434D2D534841333834004F
:10E35800544C532D50534B2D574954482D41455338
:10E368002D3132382D4342432D5348413235360042
:10E37800544C532D50534B2D574954482D41455318
:10E388002D3235362D4342432D534841333834001E
:10E39800544C532D50534B2D574954482D414553F8
:10E3A8002D3132382D4342432D534841000000009F
:10E3B800544C532D50534B2D574954482D414553D8
:10E3C8002D3235362D4342432D534841000000007D
:10E3D800544C532D50534B2D574954482D414553B8
:10E3E8002D3235362D43434D00000000544C532D3B
:10E3F80050534B2D574954482D4145532D323536EE
:10E408002D43434D2D380000544C532D50534B2D64
:10E41800574954482D4145532D3132382D43434DEA
:10E4280000000000544C532D50534B2D574954486D
:10E438002D4145532D3132382D43434D2D380000A1
:10E44800544C532D50534B2D574954482D43414D4F
:10E45800454C4C49412D3132382D4342432D5348C8
:10E468004132353600000000544C532D50534B2D8B
:10E47800574954482D43414D454C4C49412D32355F
:10E48800362D4342432D53484133383400000000B1
:10E49800544C532D50534B2D574954482D43414DFF
:10E4A800454C4C49412D3132382D47434D2D534869
:10E4B8004132353600000000544C532D50534B2D3B
:10E4C800574954482D43414D454C4C49412D32350F
:10E4D800362D47434D2D5348413338340000000052
:10E4E800544C532D50534B2D574954482D334445C4
:10E4F800532D4544452D4342432D534841000000C8
:10E50800544C532D4448452D50534B2D574954488E
:10E518002D4145532D3132382D47434D2D53484118
:10E5280032353600544C532D4448452D50534B2D0D
:10E53800574954482D4145532D3235362D47434DC3
:10E548002D53484133383400544C532D4448452DFD
:10E5580050534B2D574954482D4145532D3132388E
:10E568002D4342432D53484132353600544C532DE8
:10E578004448452D50534B2D574954482D41455338
:10E588002D3235362D4342432D534841333834001C
:10E59800544C532D4448452D50534B2D57495448FE
:10E5A8002D4145532D3132382D4342432D53484197
:10E5B80000000000544C532D4448452D50534B2D1A
:10E5C800574954482D4145532D3235362D43424342
:10E5D8002D53484100000000544C532D4448452D0C
:10E5E80050534B2D574954482D4145532D323536FC
:10E5F8002D43434D00000000544C532D4448452DF5
:10E6080050534B2D574954482D4145532D323536DB
:10E618002D43434D2D380000544C532D4448452D6F
:10E6280050534B2D574954482D4145532D313238BD
:10E638002D43434D00000000544C532D4448452DB4
:10E6480050534B2D574954482D4145532D3132389D
:10E658002D43434D2D380000544C532D4448452D2F
:10E6680050534B2D574954482D43414D454C4C4927
:10E67800412D3132382D4342432D534841323536EE
:10E6880000000000544C532D4448452D50534B2D49
:10E69800574954482D43414D454C4C49412D32353D
:10E6A800362D4342432D534841333834000000008F
:10E6B800544C532D4448452D50534B2D57495448DD
:10E6C8002D43414D454C4C49412D3132382D47435E
:10E6D8004D2D53484132353600000000544C532D1F
:10E6E8004448452D50534B2D574954482D43414DCF
:10E6F800454C4C49412D3235362D47434D2D534815
:10E708004133383400000000544C532D4448452D03
:10E7180050534B2D574954482D334445532D4544A8
:10E72800452D4342432D534841000000544C532D7E
:10E7380045434448452D50534B2D574954482D4186
:10E7480045532D3132382D4342432D5348413235FC
:10E7580036000000544C532D45434448452D505332
:10E768004B2D574954482D4145532D3235362D43AD
:10E7780042432D534841333834000000544C532D44
:10E7880045434448452D50534B2D574954482D4136
:10E7980045532D3132382D4342432D534841000013
:10E7A800544C532D45434448452D50534B2D574900
:10E7B80054482D4145532D3235362D4342432D5370
:10E7C80048410000544C532D45434448452D50536F
:10E7D8004B2D574954482D43414D454C4C49412DEB
:10E7E8003132382D4342432D5348413235360000EB
:10E7F800544C532D45434448452D50534B2D5749B0
:10E8080054482D43414D454C4C49412D3235362D08
:10E818004342432D5348413338340000544C532D60
:10E8280045434448452D50534B2D574954482D33A3
:10E838004445532D4544452D4342432D53484100FB
:10E84800544C532D5253412D50534B2D5749544836
:10E858002D4145532D3132382D47434D2D534841D5
:10E8680032353600544C532D5253412D50534B2DB5
:10E87800574954482D4145532D3235362D47434D80
:10E888002D53484133383400544C532D5253412DA5
:10E8980050534B2D574954482D4145532D3132384B
:10E8A8002D4342432D53484132353600544C532DA5
:10E8B8005253412D50534B2D574954482D414553E0
:10E8C8002D3235362D4342432D53484133383400D9
:10E8D800544C532D5253412D50534B2D57495448A6
:10E8E8002D4145532D3132382D4342432D53484154
:10E8F80000000000544C532D5253412D50534B2DC2
:10E90800574954482D4145532D3235362D434243FE
:10E918002D53484100000000544C532D5253412DB3
:10E9280050534B2D574954482D43414D454C4C4964
:10E93800412D3132382D4342432D5348413235362B
:10E9480000000000544C532D5253412D50534B2D71
:10E95800574954482D43414D454C4C49412D32357A
:10E96800362D4342432D53484133383400000000CC
:10E97800544C532D5253412D50534B2D5749544805
:10E988002D43414D454C4C49412D3132382D47439B
:10E998004D2D53484132353600000000544C532D5C
:10E9A8005253412D50534B2D574954482D43414DF7
:10E9B800454C4C49412D3235362D47434D2D534852
:10E9C8004133383400000000544C532D5253412D2C
:10E9D80050534B2D574954482D334445532D4544E6
:10E9E800452D4342432D534841000000636C69653F
:10E9F8006E742066696E6973686564007365727603
:10EA080065722066696E69736865640044544C5386
:10EA180076312E300000000044544C5376312E32AB
:10EA280000000000756E6B6E6F776E202844544CA2
:10EA380053290000657874656E646564206D6173A0
:10EA48007465722073656372657400006D61737418
:10EA58006572207365637265740000006B657920C8
:10EA6800657870616E73696F6E00000053534C7661
:10EA7800332E3000544C5376312E3000544C53769C
:10EA8800312E3100544C5376312E3200202B200089
:10EA98002C20000025733D003F3F3D0025303258B3
:10EAA800257300002E2E2E2E000000002020582E48
:10EAB80035303920636572746966696361746520ED
:10EAC8006C6F61643A2000007061737365640A209A
:10EAD80020582E353039207369676E6174757265F8
:10EAE800207665726966793A200000002A86488691
:10EAF800F70D0101080000003F3F3F002028257363
:10EB08002C204D4746312D25732C20307825303266
:10EB1800582900002573206B65792073697A650090
:10EB2800747275650000000066616C736500000012
:10EB38000A43657274696669636174652069732044
:10EB4800756E696E697469616C69736564210A0020
:10EB58002573636572742E2076657273696F6E20F3
:10EB6800202020203A2025640A00000025737365C0
:10EB78007269616C206E756D62657220202020209C
:10EB88003A2000000A2573697373756572206E61F7
:10EB98006D65202020202020203A20000A2573734C
:10EBA80075626A656374206E616D6520202020207F
:10EBB800203A20000A257369737375656420206FF5
:10EBC8006E20202020202020203A20253034642D5B
:10EBD800253032642D2530326420253032643A25C0
:10EBE8003032643A25303264000000000A2573652B
:10EBF800787069726573206F6E2020202020202095
:10EC0800203A20253034642D253032642D253032C9
:10EC18006420253032643A253032643A2530326433
:10EC2800000000000A25737369676E6564207573B8
:10EC3800696E672020202020203A20000A257325AD
:10EC48002D3138733A2025642062697473000000FE
:10EC58000A2573626173696320636F6E73747261EE
:10EC6800696E7473203A2043413D2573000000000B
:10EC78002C206D61785F706174686C656E3D2564E9
:10EC8800000000000A25737375626A656374206169
:10EC98006C74206E616D6520203A20000A2573632C
:10ECA8006572742E20747970652020202020202021
:10ECB800203A2000257353534C20436C69656E74C9
:10ECC80000000000257353534C205365727665721B
:10ECD800000000002573456D61696C0025734F6263
:10ECE8006A656374205369676E696E670000000087
:10ECF80025735265736572766564000025735353F6
:10ED08004C204341000000002573456D61696C206B
:10ED18004341000025734F626A6563742053696735
:10ED28006E696E67204341000A25736B657920750B
:10ED3800736167652020202020202020203A2000B1
:10ED480025734469676974616C205369676E6174DF
:10ED58007572650025734E6F6E2052657075646913
:10ED68006174696F6E00000025734B657920456EEC
:10ED78006369706865726D656E740000257344611F
:10ED8800746120456E6369706865726D656E7400A4
:10ED980025734B65792041677265656D656E7400F2
:10EDA80025734B65792043657274205369676E003B
:10EDB800257343524C205369676E00002573456ED6
:10EDC800636970686572204F6E6C790025734465BD
:10EDD800636970686572204F6E6C79000A257365E7
:10EDE8007874206B65792075736167652020202011
:10EDF800203A200025732573000000005468652020
:10EE080063657274696669636174652076616C69AB
:10EE180064697479206861732065787069726564C3
:10EE280000000000257325730A0000002573556E45
:10EE38006B6E6F776E20726561736F6E20287468D1
:10EE480069732073686F756C64206E6F74206861D5
:10EE58007070656E290A00002D2D2D2D2D42454715
:10EE6800494E2043455254494649434154452D2D66
:10EE78002D2D2D002D2D2D2D2D454E442043455251
:10EE880054494649434154452D2D2D2D2D00000050
:10EE98005468652063657274696669636174652086
:10EEA800686173206265656E207265766F6B656454
:10EEB80020286973206F6E20612043524C2900007E
:10EEC8005468652063657274696669636174652056
:10EED800436F6D6D6F6E204E616D652028434E291E
:10EEE80020646F6573206E6F74206D617463682091
:10EEF80077697468207468652065787065637465DF
:10EF08006420434E000000005468652063657274F5
:10EF180069666963617465206973206E6F74206324
:10EF28006F72726563746C79207369676E656420AB
:10EF380062792074686520747275737465642043FF
:10EF4800410000005468652043524C206973206ECC
:10EF58006F7420636F72726563746C79207369676C
:10EF68006E656420627920746865207472757374A4
:10EF780065642043410000005468652043524C20DA
:10EF880069732065787069726564000043657274FE
:10EF98006966696361746520776173206D6973734D
:10EFA800696E670043657274696669636174652098
:10EFB800766572696669636174696F6E20776173DB
:10EFC80020736B6970706564000000004F74686599
:10EFD8007220726561736F6E202863616E206265AE
:10EFE8002075736564206279207665726966792078
:10EFF80063616C6C6261636B290000005468652072
:10F0080063657274696669636174652076616C69A9
:10F01800646974792073746172747320696E2074E2
:10F02800686520667574757265000000546865200F
:10F0380043524C2069732066726F6D207468652096
:10F048006675747572650000557361676520646F35
:10F058006573206E6F74206D6174636820746865D1
:10F06800206B6579557361676520657874656E7383
:10F07800696F6E00557361676520646F6573206EF4
:10F088006F74206D61746368207468652065787496
:10F09800656E6465644B657955736167652065784D
:10F0A80074656E73696F6E00557361676520646F70
:10F0B8006573206E6F74206D617463682074686571
:10F0C800206E734365727454797065206578746531
:10F0D8006E73696F6E000000546865206365727412
:10F0E80069666963617465206973207369676E6511
:10F0F80064207769746820616E20756E616363654A
:10F10800707461626C6520686173682E000000008D
:10F118005468652063657274696669636174652003
:10F128006973207369676E65642077697468206104
:10F138006E20756E61636365707461626C652050E2
:10F148004B20616C672028656720525341207673F5
:10F15800204543445341292E00000000546865208F
:10F168006365727469666963617465206973207385
:10F1780069676E6564207769746820616E20756EB2
:10F1880061636365707461626C65206B65792028C2
:10F198006567206261642063757276652C2052531E
:10F1A8004120746F6F2073686F7274292E000000FD
:10F1B8005468652043524C206973207369676E65F3
:10F1C80064207769746820616E20756E6163636579
:10F1D800707461626C6520686173682E00000000BD
:10F1E8005468652043524C206973207369676E65C3
:10F1F80064207769746820616E20756E6163636549
:10F20800707461626C6520504B20616C67202865C2
:10F218006720525341207673204543445341292E99
:10F22800000000005468652043524C206973207325
:10F2380069676E6564207769746820616E20756EF1
:10F2480061636365707461626C65206B6579202801
:10F258006567206261642063757276652C2052535D
:10F268004120746F6F2073686F7274292E0000003C
:10F278006173696E00000000706F770073717274BB
:10F2880000000000504F534958000000494E460006
:10F29800696E66004E414E006E616E003031323349
:10F2A80034353637383961626364656600000000BA
:10F2B800286E756C6C29000030313233343536379E
:10F2C80038396162636465666768696A6B6C6D6E1C
:10F2D8006F707172737475767778797A00000000B0
:10F2E800496E66696E697479000000004E614E00CF
:10F2F80000010000CC5F00201200000000060000A2
:10F3080000F802600A00000000020000B4F7026082
:10F318004B0000000007000068F702604B00000087
:10F328000003000064F70260000000000103090404
:10F338004CF70260000000000203090434F7026081
:10F348000000000003030904B86200200000000068
:10F3580000000000000000000000000030303030E5
:10F368003030303030303030303030303030303095
:10F378003030303030303030303030300000000045
:10F3880001000006000000000000000000208C4082
:10F39800000000000C52002074520020DC520020B3
:10F3A8000000000000000000000000000000000055
:10F3B8000000000000000000000000000000000045
:10F3C8000000000000000000000000000000000035
:10F3D8000000000000000000000000000000000025
:10F3E8000000000000000000000000000000000015
:10F3F8000000000000000000000000000000000005
:10F4080000000000000000000000000000000000F4
:10F4180000000000000000000000000000000000E4
:10F4280000000000000000000000000000000000D4
:10F4380000000000000000000100000000000000C3
:10F448000E33CDAB34126DE6ECDE05000B00000088
:10F4580000000000000000000000000000000000A4
:10F468000000000000000000000000000000000094
:10F478000000000000000000000000000000000084
:10F488000000000000000000000000000000000074
:10F498000000000000000000000000000000000064
:10F4A8000000000000000000000000000000000054
:10F4B8000000000000000000000000000000000044
:10F4C8000000000000000000000000000000000034
:10F4D8000000000000000000000000000000000024
:10F4E8000000000000000000000000000000000014
:10F4F8000000000000000000000000000000000004
:10F5080000000000000000000000000000000000F3
:10F5180000000000000000000000000000000000E3
:10F5280000000000000000000000000000000000D3
:10F5380000000000000000000000000000000000C3
:10F5480000000000000000000000000000000000B3
:10F5580000000000000000000000000000000000A3
:10F568000000000000000000000000000000000093
:10F578000000000000000000000000000000000083
:10F588000000000000000000000000000000000073
:10F598000000000000000000000000000000000063
:10F5A8000000000000000000000000000000000053
:10F5B8000000000000000000000000000000000043
:10F5C8000000000000000000000000000000000033
:10F5D8000000000000000000000000000000000023
:10F5E8000000000000000000000000000000000013
:10F5F8000000000000000000000000000000000003
:10F6080000000000000000000000000000000000F2
:10F6180000000000000000000000000000000000E2
:10F6280000000000000000000000000000000000D2
:10F6380000000000000000000000000000000000C2
:10F6480000000000000000000000000000000000B2
:10F6580000000000000000000000000000000000A2
:10F668000000000000000000000000000000000092
:10F678000000000000000000000000000000000082
:10F688000000000000000000000000000000000072
:10F698000000000000000000000000000000000062
:10F6A8000000000000000000000000000000000052
:10F6B8000000000000000000000000000000000042
:10F6C8000000000000000000000000000000000032
:10F6D8000000000000000000000000000000000022
:10F6E8000000000000000000000000000000000012
:10F6F8000000000000000000000000000000000002
:10F7080000000000000000000000000000000000F1
:10F7180000000000000000000000000000000000E1
:10F7280000000000000000000000000000000000D1
:10F7380000000000000000000000000000000000C1
:10F7480000000000000000000000000000000000B1
:10F7580000000000000000000000000000000000A1
:10F768000000000000000000000000000000000091
:10F778000000000000000000000000000000000081
:10F788000000000000000000000000000000000071
:10F798000000000000000000000000000000000061
:10F7A8000000000000000000000000000000000051
:10F7B800000000000000000000000000B822000067
:10F7C800B90800000029DE07007B9A170000000036
:10F7D8000000000000000008000000000000000019
:10F7E8000000000080817EFA080000000000000090
:10F7F80000CC000080817EFD0800000000000000B1
:10F8080000CC0000D006002000000000E803000043
:10F8180000000000AC06002000000000E803000023
:10F828000000000000001940F85800200000000007
:10F83800F8DE002038DE0020000000000000000094
:10F8480028000000400000002800000040000000E0
:10F8580000000000000000000000000000000000A0
:10F868000000000000000000000000000000000090
:10F8780000000000AC06002000000000E8030000C3
:10F88800000000000080184094580020000000008C
:10F8980020DF002078DE00200000000000000000CB
:10F8A8002800000040000000280000004000000080
:10F8B8000000000000000000000000000000000040
:10F8C8000000000000000000000000000000000030
:10F8D80000000000AC06002000000000E803000063
:10F8E8000000000000C019405C5900200000000022
:10F8F80048DF0020B8DE0020000000000000000003
:10F90800280000004000000028000000400000001F
:10F9180000000000000000000000000000000000DF
:10F9280000000000000000000000000000000000CF
:10F938000000000064540020A4530020F8060020B2
:10F9480000000000E80300000000000000003F4045
:10F95800E0F6026000000000000000000000000067
:10F96800000000000000000000000000000000008F
:10F97800000000000000000000000000000000007F
:10F98800000000000000000000000000000000006F
:10F99800000000000000000000000000000000005F
:10F9A800000000000000000000000000000000004F
:10F9B800000000000000000000000000000000003F
:10F9C800000000000000000000000000000000002F
:10F9D800000000000000000000000000000000001F
:10F9E800000000000000000000000000000000000F
:10F9F80000000000000000000000000000000000FF
:10FA080000000000000000000000000000000000EE
:10FA180000000000000000000000000000000000DE
:10FA280000000000000000000000000000000000CE
:10FA380000000000000000000000000000000000BE
:10FA480000000000000000000000000000000000AE
:10FA5800000000000000000000000000000000009E
:10FA6800000000000000000000000000000000008E
:10FA7800000000000000000000000000F806002060
:10FA880000000000E80300000000000000803F4084
:10FA980090F6026000000000000000000000000076
:10FAA800000000000000000000000000000000004E
:10FAB800000000000000000000000000000000003E
:10FAC800000000000000000000000000000000002E
:10FAD800000000000000000000000000000000001E
:10FAE800000000000000000000000000000000000E
:10FAF80000000000000000000000000000000000FE
:10FB080000000000000000000000000000000000ED
:10FB180000000000000000000000000000000000DD
:10FB280000000000000000000000000000000000CD
:10FB380000000000000000000000000000000000BD
:10FB480000000000000000000000000000000000AD
:10FB5800000000000000000000000000000000009D
:10FB6800000000000000000000000000000000008D
:10FB7800000000000000000000000000000000007D
:10FB8800000000000000000000000000000000006D
:10FB9800000000000000000000000000000000005D
:10FBA800000000000000000000000000000000004D
:10FBB800000000000000000000000000F80600201F
:10FBC80000000000E80300000000000000C03F4003
:10FBD80040F6026000000000000000000000000085
:10FBE800000000000000000000000000000000000D
:10FBF80000000000000000000000000000000000FD
:10FC080000000000000000000000000000000000EC
:10FC180000000000000000000000000000000000DC
:10FC280000000000000000000000000000000000CC
:10FC380000000000000000000000000000000000BC
:10FC480000000000000000000000000000000000AC
:10FC5800000000000000000000000000000000009C
:10FC6800000000000000000000000000000000008C
:10FC7800000000000000000000000000000000007C
:10FC8800000000000000000000000000000000006C
:10FC9800000000000000000000000000000000005C
:10FCA800000000000000000000000000000000004C
:10FCB800000000000000000000000000000000003C
:10FCC800000000000000000000000000000000002C
:10FCD800000000000000000000000000000000001C
:10FCE800000000000000000000000000000000000C
:10FCF80000000000000000000000000000000000FC
:10FD080080000000021500007DF800001D120100AF
:10FD180031F7026068C00F40000000300F0000009B
:10FD2800020000002C851F4001000000FF000000B9
:10FD3800FF00000000000000000000000E000000AE
:10FD48000200000030851F4001000000FF00000095
:10FD5800FF00000000000000000000001302400047
:10FD680026001800780000000117000071F8000054
:10FD78001912010030F702606CC00F400000000348
:10FD8800070000000200000040851F40020000003C
:10FD9800FF000000FF00000000000000000000005D
:10FDA800080000000200000044851F400200000017
:10FDB800FF000000FF00000000000000000000003D
:10FDC800FF004000260018007A000000061A000014
:10FDD80089F800002112010032F702607CC00F4050
:10FDE8000000000C1C0000000200000058851F40A5
:10FDF80001000000FF000000FF00000000000000FC
:10FE0800000000001D000000020000005C851F408B
:10FE180001000000FF000000FF00000000000000DB
:10FE280000000000FF004000260018007D000000D0
:10FE38000000000080000000FFFFFFFF803020204E
:10FE48004300000000000000000000000000000067
:10FE5800000000000000000000000000000000009A
:10FE68004300000000000000000000000000000047
:10FE7800000000000000000000000000000000007A
:10FE88004300000000000000000000000000000027
:10FE9800000000000000000000000000000000005A
:10FEA8004300000000000000000000000000000007
:10FEB800000000000000000000000000000000003A
:10FEC80043000000000000000000000000000000E7
:10FED800000000000000000000000000000000001A
:10FEE80043000000000000000000000000000000C7
:10FEF80000000000000000000000000000000000FA
:10FF080043000000000000000000000000000000A6
:10FF180000000000000000000000000000000000D9
:10FF28008D86010079470100000000004807002085
:10FF3800FC4D00202021002020210020202100202D
:10FF48002021002020210020202100202021002025
:10FF58002021002020210020FFFFFFFFFFFFFFFFDF
:10FF6800FFFFFFFFFFFF0000010041534349490025
:10FF78000000000000000000000000000000000079
:10FF88000000000000000000000041534349490000
:10FF98000000000000000000000000000000000059
:10FFA8000000000000000000000000000000000049
:10FFB800000000003C5B00203C5B0020445B00200C
:10FFC800445B00204C5B00204C5B0020545B00200D
:10FFD800545B00205C5B00205C5B0020645B0020BD
:10FFE800645B00206C5B00206C5B0020745B00206D
:08FFF800745B00207C5B00201B
:02000004600595
:100000007C5B0020845B0020845B00208C5B0020F4
:100010008C5B0020945B0020945B00209C5B0020A4
:100020009C5B0020A45B0020A45B0020AC5B002054
:10003000AC5B0020B45B0020B45B0020BC5B002004
:10004000BC5B0020C45B0020C45B0020CC5B0020B4
:10005000CC5B0020D45B0020D45B0020DC5B002064
:10006000DC5B0020E45B0020E45B0020EC5B002014
:10007000EC5B0020F45B0020F45B0020FC5B0020C4
:10008000FC5B0020045C0020045C00200C5C002071
:100090000C5C0020145C0020145C00201C5C002020
:1000A0001C5C0020245C0020245C00202C5C0020D0
:1000B0002C5C0020345C0020345C00203C5C002080
:1000C0003C5C0020445C0020445C00204C5C002030
:1000D0004C5C0020545C0020545C00205C5C0020E0
:1000E0005C5C0020645C0020645C00206C5C002090
:1000F0006C5C0020745C0020745C00207C5C002040
:100100007C5C0020845C0020845C00208C5C0020EF
:100110008C5C0020945C0020945C00209C5C00209F
:100120009C5C0020A45C0020A45C0020AC5C00204F
:10013000AC5C0020B45C0020B45C0020BC5C0020FF
:10014000BC5C0020C45C0020C45C0020CC5C0020AF
:10015000CC5C0020D45C0020D45C0020DC5C00205F
:10016000DC5C0020E45C0020E45C0020EC5C00200F
:10017000EC5C0020F45C0020F45C0020FC5C0020BF
:10018000FC5C0020045D0020045D00200C5D00206C
:100190000C5D0020145D0020145D00201C5D00201B
:1001A0001C5D0020245D0020245D00202C5D0020CB
:1001B0002C5D0020345D0020345D00203C5D00207B
:1001C0003C5D0020445D0020445D00204C5D00202B
:1001D0004C5D0020545D0020545D00205C5D0020DB
:1001E0005C5D0020645D0020645D00206C5D00208B
:1001F0006C5D0020745D0020745D00207C5D00203B
:100200007C5D0020845D0020845D00208C5D0020EA
:100210008C5D0020945D0020945D00209C5D00209A
:100220009C5D0020A45D0020A45D0020AC5D00204A
:10023000AC5D0020B45D0020B45D0020BC5D0020FA
:10024000BC5D0020C45D0020C45D0020CC5D0020AA
:10025000CC5D0020D45D0020D45D0020DC5D00205A
:10026000DC5D0020E45D0020E45D0020EC5D00200A
:10027000EC5D0020F45D0020F45D0020FC5D0020BA
:10028000FC5D0020045E0020045E00200C5E002067
:100290000C5E0020145E0020145E00201C5E002016
:1002A0001C5E0020245E0020245E00202C5E0020C6
:1002B0002C5E0020345E0020345E00203C5E002076
:1002C0003C5E0020445E0020445E00204C5E002026
:1002D0004C5E0020545E0020545E00205C5E0020D6
:1002E0005C5E0020645E0020645E00206C5E002086
:1002F0006C5E0020745E0020745E00207C5E002036
:100300007C5E0020845E0020845E00208C5E0020E5
:100310008C5E0020945E0020945E00209C5E002095
:100320009C5E0020A45E0020A45E0020AC5E002045
:10033000AC5E0020B45E0020B45E0020BC5E0020F5
:10034000BC5E0020C45E0020C45E0020CC5E0020A5
:10035000CC5E0020D45E0020D45E0020DC5E002055
:10036000DC5E0020E45E0020E45E0020EC5E002005
:10037000EC5E0020F45E0020F45E0020FC5E0020B5
:10038000FC5E0020045F0020045F00200C5F002062
:100390000C5F0020145F0020145F00201C5F002011
:1003A0001C5F0020245F0020245F00202C5F0020C1
:1003B0002C5F0020345F0020345F0020FFFFFFFF30
:1003C00000000200204F0020B562013C0000000048
:1003D000000000000000000000000000000000001D
:1003E000000000000000000000000000000000000D
:1003F00000000000000000000000000000000000FD
:1004000000000000000000000000000000000000EC
:1004100021414F472013002019000000C0120000A6
:1004200080250000004B00000096000000E1000065
:1004300000C20100008403000008070000100E0045
:100440001900000012010002EF020140C0168304EF
:1004500080020102030100006574683000000000A2
:10046000DC050000A0600020F40B0020000000006C
:10047000000000000000000000000000000000007C
:10048000000000000000000000000000000000006C
:10049000000000000000000000000000000000005C
:1004A000000000000000000000000000000000004C
:1004B00000000000010306333A3B00000104000085
:1004C00000802D4000802D408200000000000000D0
:1004D000000000000000000000000000000000001C
:1004E000000000000000000000000000000000000C
:1004F000C0660020000000000100000001000000B4
:100500000000000000000000758E000000000000E8
:100510000000000000000000486000200000000013
:100520000000000099700000857100001972000041
:10053000096A0000056A00000000000000000000D9
:1005400000000000000000000000000000000000AB
:10055000000000000000000000000000000000009B
:10056000000000000000000000000000000000008B
:10057000000000000000000000000000000000007B
:10058000000000000000000000000000000000006B
:10059000000000000000000000000000000000005B
:1005A000000000000000000000000000000000004B
:1005B000000000000000000000000000000000003B
:1005C000000000000000000000000000000000002B
:1005D000000000000000000000000000000000001B
:1005E000000000000000000000000000000000000B
:1005F00000000000000000000000000000000000FB
:1006000000000000000000000000000000000000EA
:1006100000000000000000000000000000000000DA
:1006200000000000000000000000000000000000CA
:1006300000000000000000000100030000000000B6
:1006400000000000E9B0000005B10000000000005B
:1006500000000000440C0020000000000100010028
:100660000600000075C900003DE50000FDD800004F
:10067000FDC8000001E10000700C00200000000037
:1006800001000200110000000000000039E9000034
:1006900055E9000039EB0000000000009C0C002030
:1006A00080817E7E0500000000004700808179790E
:1006B0000500000000004700000056000078000020
:1006C0000897026040750260D1480100C0A805008B
:1006D000010000000F2700000014000008000000C7
:1006E00007000000060000000500000004000000F4
:1006F000000000002BC000002CC000000000000023
:1007000003040000060000000700000000000000D5
:1007100000000001010000000000050000000000D2
:10072000280A0000093C00000000F0410000803F62
:100730000C030000000000000000000000000000AA
:1007400000000000000000C0010D0DFF01010801C4
:10075000012466010000000000000000000000000D
:100760000000000000000000000000000000000089
:100770000000000000000000000000000000000079
:100780000000000000000000000000000000000069
:100790000000000000000000000000000000000059
:1007A0000000000000000000000000000000000049
:1007B0000000000000000000000000000000000039
:1007C0000000000000000000000000000000000029
:1007D0000000000000000000000000000000000019
:1007E0000000000000000000000000000000000009
:1007F00000000000000000000000000000000000F9
:1008000000000000000000000000000000000000E8
:1008100000000000000000000000000000000000D8
:1008200000000000000000000000000000000000C8
:1008300000000000000000000000000000000000B8
:1008400000000000000000000000000000000000A8
:100850000000000000000000000000000000000098
:100860000000000000000000000000000000000088
:100870000000000000000000000000000000000078
:100880000000000000000000000000000000000068
:100890000000000000000000000000000000000058
:1008A0000000000000000000000000000000000048
:1008B0000000000000000000000000000000000038
:1008C0000000000000000000000000000000000028
:1008D0000000000000000000000000000000000018
:1008E0000000000000000000000000000000000008
:1008F00000000000000000000000000000000000F8
:1009000000000000000000000000000000000000E7
:1009100000000000000000000000000000000000D7
:1009200000000000000000000000000000000000C7
:1009300000000000000000000000000000000000B7
:1009400000000000000000000000000000000000A7
:100950000000000000000000000000000000000097
:100960000000000000000000000000000000000087
:100970000000000000000000000000000000000077
:100980000000000000000000000000000000000067
:100990000000000000000000000000000000000057
:1009A0000000000000000000000000000000000047
:1009B0000000000000000000000000000000000037
:1009C0000000000000000000000000000000000027
:1009D0000000000000000000000000000000000017
:1009E0000000000000000000000000000000000007
:1009F00000000000000000000000000000000000F7
:100A000000000000000000000000000000000000E6
:100A100000000000000000000000000000000000D6
:100A200000000000000000000000000000000000C6
:100A300000000000000000000000000000000000B6
:100A400000000000000000000000000000000000A6
:100A50000000000000000000000000000000000096
:100A60000000000000000000000000000000000086
:100A70000000000000000000000000000000000076
:100A80000000000000000000000000000000000066
:100A90000000000000000000000000000000000056
:100AA0000000000000000000000000000000000046
:100AB0000000000000000000000000000000000036
:100AC0000000000000000000000000000000000026
:100AD0000000000000000000000000000000000016
:100AE0000000000000000000000000000000000006
:100AF00000000000000000000000000000000000F6
:100B000000000000000000000000000000000000E5
:100B100000000000000000000000000000000000D5
:100B200000000000000000000000000000000000C5
:080B30000000000000000000BD
:100B380000000000000000000000000000000000AD
:100B4800000000000000000000000000000000009D
:100B5800000000000000000000000000000000008D
:100B6800000000000000000000000000000000007D
:100B7800000000000000000000000000000000006D
:100B8800000000000000000000000000000000005D
:100B9800000000000000000000000000000000004D
:100BA800000000000000000000000000000000003D
:100BB800000000000000000000000000000000002D
:100BC800000000000000000000000000000000001D
:100BD800000000000000000000000000000000000D
:100BE80000000000000000000000000000000000FD
:100BF80000000000000000000000000000000000ED
:100C080000000000000000000000000000000000DC
:100C180000000000000000000000000000000000CC
:100C280000000000000000000000000000000000BC
:100C380000000000000000000000000000000000AC
:100C4800000000000000000000000000000000009C
:100C5800000000000000000000000000000000008C
:100C6800000000000000000000000000000000007C
:100C7800000000000000000000000000000000006C
:100C8800000000000000000000000000000000005C
:100C9800000000000000000000000000000000004C
:100CA800000000000000000000000000000000003C
:100CB800000000000000000000000000000000002C
:100CC800000000000000000000000000000000001C
:100CD800000000000000000000000000000000000C
:100CE80000000000000000000000000000000000FC
:100CF80000000000000000000000000000000000EC
:100D080000000000000000000000000000000000DB
:100D180000000000000000000000000000000000CB
:100D280000000000000000000000000000000000BB
:100D380000000000000000000000000000000000AB
:100D4800000000000000000000000000000000009B
:100D5800000000000000000000000000000000008B
:100D6800000000000000000000000000000000007B
:100D7800000000000000000000000000000000006B
:100D8800000000000000000000000000000000005B
:100D9800000000000000000000000000000000004B
:100DA800000000000000000000000000000000003B
:100DB800000000000000000000000000000000002B
:100DC800000000000000000000000000000000001B
:100DD800000000000000000000000000000000000B
:100DE80000000000000000000000000000000000FB
:100DF80000000000000000000000000000000000EB
:100E080000000000000000000000000000000000DA
:100E180000000000000000000000000000000000CA
:100E280000000000000000000000000000000000BA
:100E380000000000000000000000000000000000AA
:100E4800000000000000000000000000000000009A
:100E5800000000000000000000000000000000008A
:100E6800000000000000000000000000000000007A
:100E7800000000000000000000000000000000006A
:100E8800000000000000000000000000000000005A
:100E9800000000000000000000000000000000004A
:100EA800000000000000000000000000000000003A
:100EB800000000000000000000000000000000002A
:100EC800000000000000000000000000000000001A
:100ED800000000000000000000000000000000000A
:100EE80000000000000000000000000000000000FA
:100EF80000000000000000000000000000000000EA
:100F080000000000000000000000000000000000D9
:100F180000000000000000000000000000000000C9
:100F280000000000000000000000000000000000B9
:100F380000000000000000000000000000000000A9
:100F48000000000000000000000000000000000099
:100F58000000000000000000000000000000000089
:100F68000000000000000000000000000000000079
:100F78000000000000000000000000000000000069
:100F88000000000000000000000000000000000059
:100F98000000000000000000000000000000000049
:100FA8000000000000000000000000000000000039
:100FB8000000000000000000000000000000000029
:100FC8000000000000000000000000000000000019
:100FD8000000000000000000000000000000000009
:100FE80000000000000000000000000000000000F9
:100FF80000000000000000000000000000000000E9
:1010080000000000000000000000000000000000D8
:1010180000000000000000000000000000000000C8
:1010280000000000000000000000000000000000B8
:1010380000000000000000000000000000000000A8
:101048000000000000000000000000000000000098
:101058000000000000000000000000000000000088
:101068000000000000000000000000000000000078
:101078000000000000000000000000000000000068
:101088000000000000000000000000000000000058
:101098000000000000000000000000000000000048
:1010A8000000000000000000000000000000000038
:1010B8000000000000000000000000000000000028
:1010C8000000000000000000000000000000000018
:1010D8000000000000000000000000000000000008
:1010E80000000000000000000000000000000000F8
:1010F80000000000000000000000000000000000E8
:1011080000000000000000000000000000000000D7
:1011180000000000000000000000000000000000C7
:1011280000000000000000000000000000000000B7
:1011380000000000000000000000000000000000A7
:101148000000000000000000000000000000000097
:101158000000000000000000000000000000000087
:101168000000000000000000000000000000000077
:101178000000000000000000000000000000000067
:101188000000000000000000000000000000000057
:101198000000000000000000000000000000000047
:1011A8000000000000000000000000000000000037
:1011B8000000000000000000000000000000000027
:1011C8000000000000000000000000000000000017
:1011D8000000000000000000000000000000000007
:1011E80000000000000000000000000000000000F7
:1011F80000000000000000000000000000000000E7
:1012080000000000000000000000000000000000D6
:1012180000000000000000000000000000000000C6
:1012280000000000000000000000000000000000B6
:1012380000000000000000000000000000000000A6
:101248000000000000000000000000000000000096
:101258000000000000000000000000000000000086
:101268000000000000000000000000000000000076
:101278000000000000000000000000000000000066
:101288000000000000000000000000000000000056
:101298000000000000000000000000000000000046
:1012A8000000000000000000000000000000000036
:1012B8000000000000000000000000000000000026
:1012C8000000000000000000000000000000000016
:1012D8000000000000000000000000000000000006
:1012E80000000000000000000000000000000000F6
:1012F80000000000000000000000000000000000E6
:1013080000000000000000000000000000000000D5
:1013180000000000000000000000000000000000C5
:1013280000000000000000000000000000000000B5
:1013380000000000000000000000000000000000A5
:101348000000000000000000000000000000000095
:101358000000000000000000000000000000000085
:101368000000000000000000000000000000000075
:101378000000000000000000000000000000000065
:101388000000000000000000000000000000000055
:101398000000000000000000000000000000000045
:1013A8000000000000000000000000000000000035
:1013B8000000000000000000000000000000000025
:1013C8000000000000000000000000000000000015
:1013D8000000000000000000000000000000000005
:1013E80000000000000000000000000000000000F5
:1013F80000000000000000000000000000000000E5
:1014080000000000000000000000000000000000D4
:1014180000000000000000000000000000000000C4
:1014280000000000000000000000000000000000B4
:1014380000000000000000000000000000000000A4
:101448000000000000000000000000000000000094
:101458000000000000000000000000000000000084
:101468000000000000000000000000000000000074
:101478000000000000000000000000000000000064
:101488000000000000000000000000000000000054
:101498000000000000000000000000000000000044
:1014A8000000000000000000000000000000000034
:1014B8000000000000000000000000000000000024
:1014C8000000000000000000000000000000000014
:1014D8000000000000000000000000000000000004
:1014E80000000000000000000000000000000000F4
:1014F80000000000000000000000000000000000E4
:1015080000000000000000000000000000000000D3
:1015180000000000000000000000000000000000C3
:1015280000000000000000000000000000000000B3
:1015380000000000000000000000000000000000A3
:101548000000000000000000000000000000000093
:101558000000000000000000000000000000000083
:101568000000000000000000000000000000000073
:101578000000000000000000000000000000000063
:101588000000000000000000000000000000000053
:101598000000000000000000000000000000000043
:1015A8000000000000000000000000000000000033
:1015B8000000000000000000000000000000000023
:1015C8000000000000000000000000000000000013
:1015D8000000000000000000000000000000000003
:1015E80000000000000000000000000000000000F3
:1015F80000000000000000000000000000000000E3
:1016080000000000000000000000000000000000D2
:1016180000000000000000000000000000000000C2
:1016280000000000000000000000000000000000B2
:1016380000000000000000000000000000000000A2
:101648000000000000000000000000000000000092
:101658000000000000000000000000000000000082
:101668000000000000000000000000000000000072
:101678000000000000000000000000000000000062
:101688000000000000000000000000000000000052
:101698000000000000000000000000000000000042
:1016A8000000000000000000000000000000000032
:1016B8000000000000000000000000000000000022
:1016C8000000000000000000000000000000000012
:1016D8000000000000000000000000000000000002
:1016E80000000000000000000000000000000000F2
:1016F80000000000000000000000000000000000E2
:1017080000000000000000000000000000000000D1
:1017180000000000000000000000000000000000C1
:1017280000000000000000000000000000000000B1
:1017380000000000000000000000000000000000A1
:101748000000000000000000000000000000000091
:101758000000000000000000000000000000000081
:101768000000000000000000000000000000000071
:101778000000000000000000000000000000000061
:101788000000000000000000000000000000000051
:101798000000000000000000000000000000000041
:1017A8000000000000000000000000000000000031
:1017B8000000000000000000000000000000000021
:1017C8000000000000000000000000000000000011
:1017D8000000000000000000000000000000000001
:1017E80000000000000000000000000000000000F1
:1017F80000000000000000000000000000000000E1
:1018080000000000000000000000000000000000D0
:1018180000000000000000000000000000000000C0
:1018280000000000000000000000000000000000B0
:1018380000000000000000000000000000000000A0
:101848000000000000000000000000000000000090
:101858000000000000000000000000000000000080
:101868000000000000000000000000000000000070
:101878000000000000000000000000000000000060
:101888000000000000000000000000000000000050
:101898000000000000000000000000000000000040
:1018A8000000000000000000000000000000000030
:1018B8000000000000000000000000000000000020
:1018C8000000000000000000000000000000000010
:1018D8000000000000000000000000000000000000
:1018E80000000000000000000000000000000000F0
:1018F80000000000000000000000000000000000E0
:1019080000000000000000000000000000000000CF
:1019180000000000000000000000000000000000BF
:1019280000000000000000000000000000000000AF
:10193800000000000000000000000000000000009F
:10194800000000000000000000000000000000008F
:10195800000000000000000000000000000000007F
:10196800000000000000000000000000000000006F
:10197800000000000000000000000000000000005F
:10198800000000000000000000000000000000004F
:10199800000000000000000000000000000000003F
:1019A800000000000000000000000000000000002F
:1019B800000000000000000000000000000000001F
:1019C800000000000000000000000000000000000F
:1019D80000000000000000000000000000000000FF
:1019E80000000000000000000000000000000000EF
:1019F80000000000000000000000000000000000DF
:101A080000000000000000000000000000000000CE
:101A180000000000000000000000000000000000BE
:101A280000000000000000000000000000000000AE
:101A3800000000000000000000000000000000009E
:101A4800000000000000000000000000000000008E
:101A5800000000000000000000000000000000007E
:101A6800000000000000000000000000000000006E
:101A7800000000000000000000000000000000005E
:101A8800000000000000000000000000000000004E
:101A9800000000000000000000000000000000003E
:101AA800000000000000000000000000000000002E
:101AB800000000000000000000000000000000001E
:101AC800000000000000000000000000000000000E
:101AD80000000000000000000000000000000000FE
:101AE80000000000000000000000000000000000EE
:101AF80000000000000000000000000000000000DE
:101B080000000000000000000000000000000000CD
:101B180000000000000000000000000000000000BD
:101B280000000000000000000000000000000000AD
:101B3800000000000000000000000000000000009D
:101B4800000000000000000000000000000000008D
:101B5800000000000000000000000000000000007D
:101B6800000000000000000000000000000000006D
:101B7800000000000000000000000000000000005D
:101B8800000000000000000000000000000000004D
:101B9800000000000000000000000000000000003D
:101BA800000000000000000000000000000000002D
:101BB800000000000000000000000000000000001D
:101BC800000000000000000000000000000000000D
:101BD80000000000000000000000000000000000FD
:101BE80000000000000000000000000000000000ED
:101BF80000000000000000000000000000000000DD
:101C080000000000000000000000000000000000CC
:101C180000000000000000000000000000000000BC
:101C280000000000000000000000000000000000AC
:101C3800000000000000000000000000000000009C
:101C4800000000000000000000000000000000008C
:101C5800000000000000000000000000000000007C
:101C6800000000000000000000000000000000006C
:101C7800000000000000000000000000000000005C
:101C8800000000000000000000000000000000004C
:101C9800000000000000000000000000000000003C
:101CA800000000000000000000000000000000002C
:101CB800000000000000000000000000000000001C
:101CC800000000000000000000000000000000000C
:101CD80000000000000000000000000000000000FC
:101CE80000000000000000000000000000000000EC
:101CF80000000000000000000000000000000000DC
:101D080000000000000000000000000000000000CB
:101D180000000000000000000000000000000000BB
:101D280000000000000000000000000000000000AB
:101D3800000000000000000000000000000000009B
:101D4800000000000000000000000000000000008B
:101D5800000000000000000000000000000000007B
:101D6800000000000000000000000000000000006B
:101D7800000000000000000000000000000000005B
:101D8800000000000000000000000000000000004B
:101D9800000000000000000000000000000000003B
:101DA800000000000000000000000000000000002B
:101DB800000000000000000000000000000000001B
:101DC800000000000000000000000000000000000B
:101DD80000000000000000000000000000000000FB
:101DE80000000000000000000000000000000000EB
:101DF80000000000000000000000000000000000DB
:101E080000000000000000000000000000000000CA
:101E180000000000000000000000000000000000BA
:101E280000000000000000000000000000000000AA
:101E3800000000000000000000000000000000009A
:101E4800000000000000000000000000000000008A
:101E5800000000000000000000000000000000007A
:101E6800000000000000000000000000000000006A
:101E7800000000000000000000000000000000005A
:101E8800000000000000000000000000000000004A
:101E9800000000000000000000000000000000003A
:101EA800000000000000000000000000000000002A
:101EB800000000000000000000000000000000001A
:101EC800000000000000000000000000000000000A
:101ED80000000000000000000000000000000000FA
:101EE80000000000000000000000000000000000EA
:101EF80000000000000000000000000000000000DA
:101F080000000000000000000000000000000000C9
:101F180000000000000000000000000000000000B9
:101F280000000000000000000000000000000000A9
:101F38000000000000000000000000000000000099
:101F48000000000000000000000000000000000089
:101F58000000000000000000000000000000000079
:101F68000000000000000000000000000000000069
:101F78000000000000000000000000000000000059
:101F88000000000000000000000000000000000049
:101F98000000000000000000000000000000000039
:101FA8000000000000000000000000000000000029
:101FB8000000000000000000000000000000000019
:101FC8000000000000000000000000000000000009
:101FD80000000000000000000000000000000000F9
:101FE80000000000000000000000000000000000E9
:101FF80000000000000000000000000000000000D9
:1020080000000000000000000000000000000000C8
:1020180000000000000000000000000000000000B8
:1020280000000000000000000000000000000000A8
:102038000000000000000000000000000000000098
:102048000000000000000000000000000000000088
:102058000000000000000000000000000000000078
:102068000000000000000000000000000000000068
:102078000000000000000000000000000000000058
:102088000000000000000000000000000000000048
:102098000000000000000000000000000000000038
:1020A8000000000000000000000000000000000028
:1020B8000000000000000000000000000000000018
:1020C8000000000000000000000000000000000008
:1020D80000000000000000000000000000000000F8
:1020E80000000000000000000000000000000000E8
:1020F80000000000000000000000000000000000D8
:1021080000000000000000000000000000000000C7
:1021180000000000000000000000000000000000B7
:1021280000000000000000000000000000000000A7
:102138000000000000000000000000000000000097
:102148000000000000000000000000000000000087
:102158000000000000000000000000000000000077
:102168000000000000000000000000000000000067
:102178000000000000000000000000000000000057
:102188000000000000000000000000000000000047
:102198000000000000000000000000000000000037
:1021A8000000000000000000000000000000000027
:1021B8000000000000000000000000000000000017
:1021C8000000000000000000000000000000000007
:1021D80000000000000000000000000000000000F7
:1021E80000000000000000000000000000000000E7
:1021F80000000000000000000000000000000000D7
:1022080000000000000000000000000000000000C6
:1022180000000000000000000000000000000000B6
:1022280000000000000000000000000000000000A6
:102238000000000000000000000000000000000096
:102248000000000000000000000000000000000086
:102258000000000000000000000000000000000076
:102268000000000000000000000000000000000066
:102278000000000000000000000000000000000056
:102288000000000000000000000000000000000046
:102298000000000000000000000000000000000036
:1022A8000000000000000000000000000000000026
:1022B8000000000000000000000000000000000016
:1022C8000000000000000000000000000000000006
:1022D80000000000000000000000000000000000F6
:1022E80000000000000000000000000000000000E6
:1022F80000000000000000000000000000000000D6
:1023080000000000000000000000000000000000C5
:1023180000000000000000000000000000000000B5
:1023280000000000000000000000000000000000A5
:102338000000000000000000000000000000000095
:102348000000000000000000000000000000000085
:102358000000000000000000000000000000000075
:102368000000000000000000000000000000000065
:102378000000000000000000000000000000000055
:102388000000000000000000000000000000000045
:102398000000000000000000000000000000000035
:1023A8000000000000000000000000000000000025
:1023B8000000000000000000000000000000000015
:1023C8000000000000000000000000000000000005
:1023D80000000000000000000000000000000000F5
:1023E80000000000000000000000000000000000E5
:1023F80000000000000000000000000000000000D5
:1024080000000000000000000000000000000000C4
:1024180000000000000000000000000000000000B4
:1024280000000000000000000000000000000000A4
:102438000000000000000000000000000000000094
:102448000000000000000000000000000000000084
:102458000000000000000000000000000000000074
:102468000000000000000000000000000000000064
:102478000000000000000000000000000000000054
:102488000000000000000000000000000000000044
:102498000000000000000000000000000000000034
:1024A8000000000000000000000000000000000024
:1024B8000000000000000000000000000000000014
:1024C8000000000000000000000000000000000004
:1024D80000000000000000000000000000000000F4
:1024E80000000000000000000000000000000000E4
:1024F80000000000000000000000000000000000D4
:1025080000000000000000000000000000000000C3
:1025180000000000000000000000000000000000B3
:1025280000000000000000000000000000000000A3
:102538000000000000000000000000000000000093
:102548000000000000000000000000000000000083
:102558000000000000000000000000000000000073
:102568000000000000000000000000000000000063
:102578000000000000000000000000000000000053
:102588000000000000000000000000000000000043
:102598000000000000000000000000000000000033
:1025A8000000000000000000000000000000000023
:1025B8000000000000000000000000000000000013
:1025C8000000000000000000000000000000000003
:1025D80000000000000000000000000000000000F3
:1025E80000000000000000000000000000000000E3
:1025F80000000000000000000000000000000000D3
:1026080000000000000000000000000000000000C2
:1026180000000000000000000000000000000000B2
:1026280000000000000000000000000000000000A2
:102638000000000000000000000000000000000092
:102648000000000000000000000000000000000082
:102658000000000000000000000000000000000072
:102668000000000000000000000000000000000062
:102678000000000000000000000000000000000052
:102688000000000000000000000000000000000042
:102698000000000000000000000000000000000032
:1026A8000000000000000000000000000000000022
:1026B8000000000000000000000000000000000012
:1026C8000000000000000000000000000000000002
:1026D80000000000000000000000000000000000F2
:1026E80000000000000000000000000000000000E2
:1026F80000000000000000000000000000000000D2
:1027080000000000000000000000000000000000C1
:1027180000000000000000000000000000000000B1
:1027280000000000000000000000000000000000A1
:102738000000000000000000000000000000000091
:102748000000000000000000000000000000000081
:102758000000000000000000000000000000000071
:102768000000000000000000000000000000000061
:102778000000000000000000000000000000000051
:102788000000000000000000000000000000000041
:102798000000000000000000000000000000000031
:1027A8000000000000000000000000000000000021
:1027B8000000000000000000000000000000000011
:1027C8000000000000000000000000000000000001
:1027D80000000000000000000000000000000000F1
:1027E80000000000000000000000000000000000E1
:1027F80000000000000000000000000000000000D1
:1028080000000000000000000000000000000000C0
:1028180000000000000000000000000000000000B0
:1028280000000000000000000000000000000000A0
:102838000000000000000000000000000000000090
:102848000000000000000000000000000000000080
:102858000000000000000000000000000000000070
:102868000000000000000000000000000000000060
:102878000000000000000000000000000000000050
:102888000000000000000000000000000000000040
:102898000000000000000000000000000000000030
:1028A8000000000000000000000000000000000020
:1028B8000000000000000000000000000000000010
:1028C8000000000000000000000000000000000000
:1028D80000000000000000000000000000000000F0
:1028E80000000000000000000000000000000000E0
:1028F80000000000000000000000000000000000D0
:1029080000000000000000000000000000000000BF
:1029180000000000000000000000000000000000AF
:10292800000000000000000000000000000000009F
:10293800000000000000000000000000000000008F
:10294800000000000000000000000000000000007F
:10295800000000000000000000000000000000006F
:10296800000000000000000000000000000000005F
:10297800000000000000000000000000000000004F
:10298800000000000000000000000000000000003F
:10299800000000000000000000000000000000002F
:1029A800000000000000000000000000000000001F
:1029B800000000000000000000000000000000000F
:1029C80000000000000000000000000000000000FF
:1029D80000000000000000000000000000000000EF
:1029E80000000000000000000000000000000000DF
:1029F80000000000000000000000000000000000CF
:102A080000000000000000000000000000000000BE
:102A180000000000000000000000000000000000AE
:102A2800000000000000000000000000000000009E
:102A3800000000000000000000000000000000008E
:102A4800000000000000000000000000000000007E
:102A5800000000000000000000000000000000006E
:102A6800000000000000000000000000000000005E
:102A7800000000000000000000000000000000004E
:102A8800000000000000000000000000000000003E
:102A9800000000000000000000000000000000002E
:102AA800000000000000000000000000000000001E
:102AB800000000000000000000000000000000000E
:102AC80000000000000000000000000000000000FE
:102AD80000000000000000000000000000000000EE
:102AE80000000000000000000000000000000000DE
:102AF80000000000000000000000000000000000CE
:102B080000000000000000000000000000000000BD
:102B180000000000000000000000000000000000AD
:102B2800000000000000000000000000000000009D
:102B3800000000000000000000000000000000008D
:102B4800000000000000000000000000000000007D
:102B5800000000000000000000000000000000006D
:102B6800000000000000000000000000000000005D
:102B7800000000000000000000000000000000004D
:102B8800000000000000000000000000000000003D
:102B9800000000000000000000000000000000002D
:102BA800000000000000000000000000000000001D
:102BB800000000000000000000000000000000000D
:102BC80000000000000000000000000000000000FD
:102BD80000000000000000000000000000000000ED
:102BE80000000000000000000000000000000000DD
:102BF80000000000000000000000000000000000CD
:102C080000000000000000000000000000000000BC
:102C180000000000000000000000000000000000AC
:102C2800000000000000000000000000000000009C
:102C3800000000000000000000000000000000008C
:102C4800000000000000000000000000000000007C
:102C5800000000000000000000000000000000006C
:102C6800000000000000000000000000000000005C
:102C7800000000000000000000000000000000004C
:102C8800000000000000000000000000000000003C
:102C9800000000000000000000000000000000002C
:102CA800000000000000000000000000000000001C
:102CB800000000000000000000000000000000000C
:102CC80000000000000000000000000000000000FC
:102CD80000000000000000000000000000000000EC
:102CE80000000000000000000000000000000000DC
:102CF80000000000000000000000000000000000CC
:102D080000000000000000000000000000000000BB
:102D180000000000000000000000000000000000AB
:102D2800000000000000000000000000000000009B
:102D3800000000000000000000000000000000008B
:102D4800000000000000000000000000000000007B
:102D5800000000000000000000000000000000006B
:102D6800000000000000000000000000000000005B
:102D7800000000000000000000000000000000004B
:102D8800000000000000000000000000000000003B
:102D9800000000000000000000000000000000002B
:102DA800000000000000000000000000000000001B
:102DB800000000000000000000000000000000000B
:102DC80000000000000000000000000000000000FB
:102DD80000000000000000000000000000000000EB
:102DE80000000000000000000000000000000000DB
:102DF80000000000000000000000000000000000CB
:102E080000000000000000000000000000000000BA
:102E180000000000000000000000000000000000AA
:102E2800000000000000000000000000000000009A
:102E3800000000000000000000000000000000008A
:102E4800000000000000000000000000000000007A
:102E5800000000000000000000000000000000006A
:102E6800000000000000000000000000000000005A
:102E7800000000000000000000000000000000004A
:102E8800000000000000000000000000000000003A
:102E9800000000000000000000000000000000002A
:102EA800000000000000000000000000000000001A
:102EB800000000000000000000000000000000000A
:102EC80000000000000000000000000000000000FA
:102ED80000000000000000000000000000000000EA
:102EE80000000000000000000000000000000000DA
:102EF80000000000000000000000000000000000CA
:102F080000000000000000000000000000000000B9
:102F180000000000000000000000000000000000A9
:102F28000000000000000000000000000000000099
:102F38000000000000000000000000000000000089
:102F48000000000000000000000000000000000079
:102F58000000000000000000000000000000000069
:102F68000000000000000000000000000000000059
:102F78000000000000000000000000000000000049
:102F88000000000000000000000000000000000039
:102F98000000000000000000000000000000000029
:102FA8000000000000000000000000000000000019
:102FB8000000000000000000000000000000000009
:102FC80000000000000000000000000000000000F9
:102FD80000000000000000000000000000000000E9
:102FE80000000000000000000000000000000000D9
:102FF80000000000000000000000000000000000C9
:1030080000000000000000000000000000000000B8
:1030180000000000000000000000000000000000A8
:103028000000000000000000000000000000000098
:103038000000000000000000000000000000000088
:103048000000000000000000000000000000000078
:103058000000000000000000000000000000000068
:103068000000000000000000000000000000000058
:103078000000000000000000000000000000000048
:103088000000000000000000000000000000000038
:103098000000000000000000000000000000000028
:1030A8000000000000000000000000000000000018
:1030B8000000000000000000000000000000000008
:1030C80000000000000000000000000000000000F8
:1030D80000000000000000000000000000000000E8
:1030E80000000000000000000000000000000000D8
:1030F80000000000000000000000000000000000C8
:1031080000000000000000000000000000000000B7
:1031180000000000000000000000000000000000A7
:103128000000000000000000000000000000000097
:103138000000000000000000000000000000000087
:0C3148000000000000000000000000007B
:10315400FFFFFFFFFFFFFFFFFFFFFFFFFFFFFFFF7B
:10316400FFFFFFFFFFFFFFFFFFFFFFFFFFFFFFFF6B
:10317400FFFFFFFFFFFFFFFFFFFFFFFFFFFFFFFF5B
:10318400FFFFFFFFFFFFFFFFFFFFFFFFFFFFFFFF4B
:10319400FFFFFFFFFFFFFFFFFFFFFFFFFFFFFFFF3B
:1031A400FFFFFFFFFFFFFFFFFFFFFFFFFFFFFFFF2B
:1031B400FFFFFFFFFFFFFFFFFFFFFFFFFFFFFFFF1B
:1031C400FFFFFFFFFFFFFFFFFFFFFFFFFFFFFFFF0B
:1031D400FFFFFFFFFFFFFFFFFFFFFFFFFFFFFFFFFB
:1031E400FFFFFFFFFFFFFFFFFFFFFFFFFFFFFFFFEB
:1031F400FFFFFFFFFFFFFFFFFFFFFFFFFFFFFFFFDB
:10320400FFFFFFFFFFFFFFFFFFFFFFFFFFFFFFFFCA
:10321400FFFFFFFFFFFFFFFFFFFFFFFFFFFFFFFFBA
:10322400FFFFFFFFFFFFFFFFFFFFFFFFFFFFFFFFAA
:10323400FFFFFFFFFFFFFFFFFFFFFFFFFFFFFFFF9A
:10324400FFFFFFFFFFFFFFFFFFFFFFFFFFFFFFFF8A
:10325400FFFFFFFFFFFFFFFFFFFFFFFFFFFFFFFF7A
:10326400FFFFFFFFFFFFFFFFFFFFFFFFFFFFFFFF6A
:10327400FFFFFFFFFFFFFFFFFFFFFFFFFFFFFFFF5A
:10328400FFFFFFFFFFFFFFFFFFFFFFFFFFFFFFFF4A
:10329400FFFFFFFFFFFFFFFFFFFFFFFFFFFFFFFF3A
:1032A400FFFFFFFFFFFFFFFFFFFFFFFFFFFFFFFF2A
:1032B400FFFFFFFFFFFFFFFFFFFFFFFFFFFFFFFF1A
:1032C400FFFFFFFFFFFFFFFFFFFFFFFFFFFFFFFF0A
:1032D400FFFFFFFFFFFFFFFFFFFFFFFFFFFFFFFFFA
:1032E400FFFFFFFFFFFFFFFFFFFFFFFFFFFFFFFFEA
:1032F400FFFFFFFFFFFFFFFFFFFFFFFFFFFFFFFFDA
:10330400FFFFFFFFFFFFFFFFFFFFFFFFFFFFFFFFC9
:10331400FFFFFFFFFFFFFFFFFFFFFFFFFFFFFFFFB9
:10332400FFFFFFFFFFFFFFFFFFFFFFFFFFFFFFFFA9
:10333400FFFFFFFFFFFFFFFFFFFFFFFFFFFFFFFF99
:10334400FFFFFFFFFFFFFFFFFFFFFFFFFFFFFFFF89
:10335400FFFFFFFFFFFFFFFFFFFFFFFFFFFFFFFF79
:10336400FFFFFFFFFFFFFFFFFFFFFFFFFFFFFFFF69
:10337400FFFFFFFFFFFFFFFFFFFFFFFFFFFFFFFF59
:10338400FFFFFFFFFFFFFFFFFFFFFFFFFFFFFFFF49
:10339400FFFFFFFFFFFFFFFFFFFFFFFFFFFFFFFF39
:1033A400FFFFFFFFFFFFFFFFFFFFFFFFFFFFFFFF29
:1033B400FFFFFFFFFFFFFFFFFFFFFFFFFFFFFFFF19
:1033C400FFFFFFFFFFFFFFFFFFFFFFFFFFFFFFFF09
:1033D400FFFFFFFFFFFFFFFFFFFFFFFFFFFFFFFFF9
:1033E400FFFFFFFFFFFFFFFFFFFFFFFFFFFFFFFFE9
:1033F400FFFFFFFFFFFFFFFFFFFFFFFF00000000D5
:1034040000000000000000000000000000000000B8
:1034140000000000000000000000000000000000A8
:103424000000000000000000000000000000000098
:103434000000000000000000000000000000000088
:103444000000000000000000000000000000000078
:103454000000000000000000000000000000000068
:103464000000000000000000000000000000000058
:103474000000000000000000000000000000000048
:103484000000000000000000000000000000000038
:103494000000000000000000000000000000000028
:1034A4000000000000000000000000000000000018
:1034B4000000000000000000000000000000000008
:1034C40000000000000000000000000000000000F8
:1034D40000000000000000000000000000000000E8
:1034E40000000000000000000000000000000000D8
:1034F40000000000000000000000000000000000C8
:1035040000000000000000000000000000000000B7
:1035140000000000000000000000000000000000A7
:103524000000000000000000000000000000000097
:103534000000000000000000000000000000000087
:103544000000000000000000000000000000000077
:103554000000000000000000000000000000000067
:103564000000000000000000000000000000000057
:103574000000000000000000000000000000000047
:103584000000000000000000000000000000000037
:103594000000000000000000000000000000000027
:1035A4000000000000000000000000000000000017
:1035B4000000000000000000000000000000000007
:1035C40000000000000000000000000000000000F7
:1035D40000000000000000000000000000000000E7
:1035E40000000000000000000000000000000000D7
:1035F40000000000000000000000000000000000C7
:1036040000000000000000000000000000000000B6
:1036140000000000000000000000000000000000A6
:103624000000000000000000000000000000000096
:103634000000000000000000000000000000000086
:103644000000000000000000000000000000000076
:103654000000000000000000000000000000000066
:103664000000000000000000000000000000000056
:103674000000000000000000000000000000000046
:103684000000000000000000000000000000000036
:103694000000000000000000000000000000000026
:1036A4000000000000000000000000000000000016
:1036B4000000000000000000000000000000000006
:1036C40000000000000000000000000000000000F6
:1036D40000000000000000000000000000000000E6
:1036E40000000000000000000000000000000000D6
:1036F40000000000000000000000000000000000C6
:1037040000000000000000000000000000000000B5
:1037140000000000000000000000000000000000A5
:103724000000000000000000000000000000000095
:103734000000000000000000000000000000000085
:103744000000000000000000000000000000000075
:103754000000000000000000000000000000000065
:103764000000000000000000000000000000000055
:103774000000000000000000000000000000000045
:103784000000000000000000000000000000000035
:103794000000000000000000000000000000000025
:1037A4000000000000000000000000000000000015
:1037B4000000000000000000000000000000000005
:1037C40000000000000000000000000000000000F5
:1037D40000000000000000000000000000000000E5
:1037E40000000000000000000000000000000000D5
:1037F40000000000000000000000000000000000C5
:1038040000000000000000000000000000000000B4
:1038140000000000000000000000000000000000A4
:103824000000000000000000000000000000000094
:103834000000000000000000000000000000000084
:103844000000000000000000000000000000000074
:103854000000000000000000000000000000000064
:103864000000000000000000000000000000000054
:103874000000000000000000000000000000000044
:103884000000000000000000000000000000000034
:103894000000000000000000000000000000000024
:1038A4000000000000000000000000000000000014
:1038B4000000000000000000000000000000000004
:1038C40000000000000000000000000000000000F4
:1038D40000000000000000000000000000000000E4
:1038E40000000000000000000000000000000000D4
:1038F40000000000000000000000000000000000C4
:1039040000000000000000000000000000000000B3
:1039140000000000000000000000000000000000A3
:103924000000000000000000000000000000000093
:103934000000000000000000000000000000000083
:103944000000000000000000000000000000000073
:103954000000000000000000000000000000000063
:103964000000000000000000000000000000000053
:103974000000000000000000000000000000000043
:103984000000000000000000000000000000000033
:103994000000000000000000000000000000000023
:1039A4000000000000000000000000000000000013
:1039B4000000000000000000000000000000000003
:1039C40000000000000000000000000000000000F3
:1039D40000000000000000000000000000000000E3
:1039E40000000000000000000000000000000000D3
:1039F40000000000000000000000000000000000C3
:103A040000000000000000000000000000000000B2
:103A140000000000000000000000000000000000A2
:103A24000000000000000000000000000000000092
:103A34000000000000000000000000000000000082
:103A44000000000000000000000000000000000072
:103A54000000000000000000000000000000000062
:103A64000000000000000000000000000000000052
:103A74000000000000000000000000000000000042
:103A84000000000000000000000000000000000032
:103A94000000000000000000000000000000000022
:103AA4000000000000000000000000000000000012
:103AB4000000000000000000000000000000000002
:103AC40000000000000000000000000000000000F2
:103AD40000000000000000000000000000000000E2
:103AE40000000000000000000000000000000000D2
:103AF40000000000000000000000000000000000C2
:103B040000000000000000000000000000000000B1
:103B140000000000000000000000000000000000A1
:103B24000000000000000000000000000000000091
:103B34000000000000000000000000000000000081
:103B44000000000000000000000000000000000071
:103B54000000000000000000000000000000000061
:103B64000000000000000000000000000000000051
:103B74000000000000000000000000000000000041
:103B84000000000000000000000000000000000031
:103B94000000000000000000000000000000000021
:103BA4000000000000000000000000000000000011
:103BB4000000000000000000000000000000000001
:103BC40000000000000000000000000000000000F1
:103BD40000000000000000000000000000000000E1
:103BE40000000000000000000000000000000000D1
:103BF40000000000000000000000000000000000C1
:103C040000000000000000000000000000000000B0
:103C140000000000000000000000000000000000A0
:103C24000000000000000000000000000000000090
:103C34000000000000000000000000000000000080
:103C44000000000000000000000000000000000070
:103C54000000000000000000000000000000000060
:103C64000000000000000000000000000000000050
:103C74000000000000000000000000000000000040
:103C84000000000000000000000000000000000030
:103C94000000000000000000000000000000000020
:103CA4000000000000000000000000000000000010
:103CB4000000000000000000000000000000000000
:103CC40000000000000000000000000000000000F0
:103CD40000000000000000000000000000000000E0
:103CE40000000000000000000000000000000000D0
:103CF40000000000000000000000000000000000C0
:103D040000000000000000000000000000000000AF
:103D1400000000000000000000000000000000009F
:103D2400000000000000000000000000000000008F
:103D3400000000000000000000000000000000007F
:103D4400000000000000000000000000000000006F
:103D5400000000000000000000000000000000005F
:103D6400000000000000000000000000000000004F
:103D7400000000000000000000000000000000003F
:103D8400000000000000000000000000000000002F
:103D9400000000000000000000000000000000001F
:103DA400000000000000000000000000000000000F
:103DB40000000000000000000000000000000000FF
:103DC40000000000000000000000000000000000EF
:103DD40000000000000000000000000000000000DF
:103DE40000000000000000000000000000000000CF
:103DF40000000000000000000000000000000000BF
:103E040000000000000000000000000000000000AE
:103E1400000000000000000000000000000000009E
:103E2400000000000000000000000000000000008E
:103E3400000000000000000000000000000000007E
:103E4400000000000000000000000000000000006E
:103E5400000000000000000000000000000000005E
:103E6400000000000000000000000000000000004E
:103E7400000000000000000000000000000000003E
:103E8400000000000000000000000000000000002E
:103E9400000000000000000000000000000000001E
:103EA400000000000000000000000000000000000E
:103EB40000000000000000000000000000000000FE
:103EC40000000000000000000000000000000000EE
:103ED40000000000000000000000000000000000DE
:103EE40000000000000000000000000000000000CE
:103EF40000000000000000000000000000000000BE
:103F040000000000000000000000000000000000AD
:103F1400000000000000000000000000000000009D
:103F2400000000000000000000000000000000008D
:103F3400000000000000000000000000000000007D
:103F4400000000000000000000000000000000006D
:103F5400000000000000000000000000000000005D
:103F6400000000000000000000000000000000004D
:103F7400000000000000000000000000000000003D
:103F8400000000000000000000000000000000002D
:103F9400000000000000000000000000000000001D
:103FA400000000000000000000000000000000000D
:103FB40000000000000000000000000000000000FD
:103FC40000000000000000000000000000000000ED
:103FD40000000000000000000000000000000000DD
:103FE40000000000000000000000000000000000CD
:0C3FF400000000000000000000000000C1
:040000056000100087
:00000001FF
